{"metadata":{},"options":{"assumptions":{},"compact":false,"sourceMaps":true,"ast":true,"babelrc":false,"configFile":false,"parserOpts":{"sourceType":"module","sourceFileName":"D:\\loan_app\\loan-management\\packages\\react-meteor-data\\useSubscribe.ts","plugins":["*","flow","jsx","asyncGenerators","bigInt","classPrivateMethods","classPrivateProperties","classProperties","doExpressions","dynamicImport","exportDefaultFrom","exportExtensions","exportNamespaceFrom","functionBind","functionSent","importMeta","nullishCoalescingOperator","numericSeparator","objectRestSpread","optionalCatchBinding","optionalChaining",["pipelineOperator",{"proposal":"minimal"}],"throwExpressions","classProperties","classPrivateProperties","jsx","nullishCoalescingOperator","nullishCoalescingOperator","optionalChaining","optionalChaining","optionalCatchBinding","optionalCatchBinding","classProperties","classPrivateProperties","classPrivateMethods","classProperties","classPrivateProperties","asyncGenerators","asyncGenerators","objectRestSpread","objectRestSpread","logicalAssignment"],"allowImportExportEverywhere":true,"allowReturnOutsideFunction":true,"allowUndeclaredExports":true,"strictMode":false},"caller":{"name":"meteor","arch":"web.browser"},"sourceFileName":"packages/react-meteor-data/useSubscribe.ts","filename":"D:\\loan_app\\loan-management\\packages\\react-meteor-data\\useSubscribe.ts","inputSourceMap":{"version":3,"file":"packages/react-meteor-data/useSubscribe.ts","sourceRoot":"","sources":["packages/react-meteor-data/useSubscribe.ts"],"names":[],"mappings":"AAAA,OAAO,EAAE,MAAM,EAAE,MAAM,eAAe,CAAA;AACtC,OAAO,EAAE,UAAU,EAAE,MAAM,cAAc,CAAA;AAEzC,MAAM,kBAAkB,GAAG,CAAC,IAAa,EAAE,GAAG,IAAW,EAAiB,EAAE;IAC1E,IAAI,aAAa,GAAG,KAAK,CAAA;IACzB,IAAI,YAAuC,CAAA;IAE3C,MAAM,OAAO,GAAG,UAAU,CAAC,GAAG,EAAE;QAC9B,IAAI,CAAC,IAAI;YAAE,OAAO,IAAI,CAAA;QAEtB,YAAY,GAAG,MAAM,CAAC,SAAS,CAAC,IAAI,EAAE,GAAG,IAAI,CAAC,CAAA;QAE9C,OAAO,YAAY,CAAC,KAAK,EAAE,CAAA;IAC7B,CAAC,EAAE,GAAG,EAAE,CAAC,CAAC,CAAC,aAAa,CAAC,CAAC,CAAA;IAE1B,OAAO,GAAG,EAAE;QACV,aAAa,GAAG,IAAI,CAAA;QACpB,OAAO,CAAC,OAAO,CAAA;IACjB,CAAC,CAAA;AACH,CAAC,CAAA;AAED,MAAM,kBAAkB,GAAG,CAAC,IAAa,EAAE,GAAG,IAAW,EAAiB,EAAE,CAAC,CAC3E,GAAG,EAAE,CAAC,KAAK,CACZ,CAAA;AAED,MAAM,CAAC,MAAM,YAAY,GAAG,MAAM,CAAC,QAAQ;IACzC,CAAC,CAAC,kBAAkB;IACpB,CAAC,CAAC,kBAAkB,CAAA","sourcesContent":["import { Meteor } from 'meteor/meteor'\nimport { useTracker } from './useTracker'\n\nconst useSubscribeClient = (name?: string, ...args: any[]): () => boolean => {\n  let updateOnReady = false\n  let subscription: Meteor.SubscriptionHandle\n\n  const isReady = useTracker(() => {\n    if (!name) return true\n\n    subscription = Meteor.subscribe(name, ...args)\n\n    return subscription.ready()\n  }, () => (!updateOnReady))\n\n  return () => {\n    updateOnReady = true\n    return !isReady\n  }\n}\n\nconst useSubscribeServer = (name?: string, ...args: any[]): () => boolean => (\n  () => false\n)\n\nexport const useSubscribe = Meteor.isServer\n  ? useSubscribeServer\n  : useSubscribeClient\n"]},"targets":{},"cloneInputAst":true,"browserslistConfigFile":false,"passPerPreset":false,"envName":"development","cwd":"D:\\loan_app\\loan-management","root":"D:\\loan_app\\loan-management","rootMode":"root","plugins":[{"key":"base$0","visitor":{"_exploded":true,"_verified":true},"options":{},"externalDependencies":[]},{"key":"base$0$0","visitor":{"Program":{"enter":[null],"exit":[null]},"_exploded":true,"_verified":true},"options":{"avoidModernSyntax":false,"enforceStrictMode":false,"dynamicImport":true,"generateLetDeclarations":true},"externalDependencies":[]},{"key":"transform-runtime","visitor":{"MemberExpression":{"enter":[null]},"ObjectPattern":{"enter":[null]},"BinaryExpression":{"enter":[null]},"Identifier":{"enter":[null]},"JSXIdentifier":{"enter":[null]},"_exploded":true,"_verified":true},"options":{"version":"7.17.2","helpers":true,"useESModules":false,"corejs":false},"externalDependencies":[]},{"key":"proposal-class-properties","visitor":{"ExportDefaultDeclaration":{"enter":[null]},"_exploded":true,"_verified":true,"ClassExpression":{"enter":[null]},"ClassDeclaration":{"enter":[null]}},"options":{"loose":true},"externalDependencies":[]},{"key":"transform-react-jsx","visitor":{"JSXNamespacedName":{"enter":[null]},"JSXSpreadChild":{"enter":[null]},"Program":{"enter":[null]},"JSXFragment":{"exit":[null]},"JSXElement":{"exit":[null]},"JSXAttribute":{"enter":[null]},"_exploded":true,"_verified":true},"options":{"pragma":"React.createElement","pragmaFrag":"React.Fragment","runtime":"classic","throwIfNamespace":true,"useBuiltIns":false},"externalDependencies":[]},{"key":"transform-react-display-name","visitor":{"ExportDefaultDeclaration":{"enter":[null]},"CallExpression":{"enter":[null]},"_exploded":true,"_verified":true},"options":{},"externalDependencies":[]},{"key":"transform-react-pure-annotations","visitor":{"CallExpression":{"enter":[null]},"_exploded":true,"_verified":true},"options":{},"externalDependencies":[]},{"key":"syntax-nullish-coalescing-operator","visitor":{"_exploded":true,"_verified":true},"options":{},"externalDependencies":[]},{"key":"proposal-nullish-coalescing-operator","visitor":{"LogicalExpression":{"enter":[null]},"_exploded":true,"_verified":true},"options":{},"externalDependencies":[]},{"key":"syntax-optional-chaining","visitor":{"_exploded":true,"_verified":true},"options":{},"externalDependencies":[]},{"key":"proposal-optional-chaining","visitor":{"OptionalCallExpression":{"enter":[null]},"OptionalMemberExpression":{"enter":[null]},"_exploded":true,"_verified":true},"options":{},"externalDependencies":[]},{"key":"syntax-optional-catch-binding","visitor":{"_exploded":true,"_verified":true},"options":{},"externalDependencies":[]},{"key":"proposal-optional-catch-binding","visitor":{"CatchClause":{"enter":[null]},"_exploded":true,"_verified":true},"options":{},"externalDependencies":[]},{"key":"syntax-class-properties","visitor":{"_exploded":true,"_verified":true},"options":{},"externalDependencies":[]},{"key":"proposal-class-properties","visitor":{"ExportDefaultDeclaration":{"enter":[null]},"_exploded":true,"_verified":true,"ClassExpression":{"enter":[null]},"ClassDeclaration":{"enter":[null]}},"options":{},"externalDependencies":[]},{"key":"syntax-async-generators","visitor":{"_exploded":true,"_verified":true},"options":{},"externalDependencies":[]},{"key":"proposal-async-generator-functions","visitor":{"Program":{"enter":[null]},"_exploded":true,"_verified":true},"options":{},"externalDependencies":[]},{"key":"syntax-object-rest-spread","visitor":{"_exploded":true,"_verified":true},"options":{},"externalDependencies":[]},{"key":"proposal-object-rest-spread","visitor":{"VariableDeclarator":{"enter":[null]},"ExportNamedDeclaration":{"enter":[null]},"CatchClause":{"enter":[null]},"AssignmentExpression":{"enter":[null]},"ArrayPattern":{"enter":[null]},"ObjectExpression":{"enter":[null]},"FunctionDeclaration":{"enter":[null]},"FunctionExpression":{"enter":[null]},"ObjectMethod":{"enter":[null]},"ArrowFunctionExpression":{"enter":[null]},"ClassMethod":{"enter":[null]},"ClassPrivateMethod":{"enter":[null]},"ForInStatement":{"enter":[null]},"ForOfStatement":{"enter":[null]},"_exploded":true,"_verified":true},"options":{},"externalDependencies":[]},{"key":"proposal-logical-assignment-operators","visitor":{"AssignmentExpression":{"enter":[null]},"_exploded":true,"_verified":true},"options":{},"externalDependencies":[]},{"key":"transform-literals","visitor":{"NumericLiteral":{"enter":[null]},"StringLiteral":{"enter":[null]},"_exploded":true,"_verified":true},"options":{},"externalDependencies":[]},{"key":"transform-template-literals","visitor":{"TaggedTemplateExpression":{"enter":[null]},"TemplateLiteral":{"enter":[null]},"_exploded":true,"_verified":true},"options":{},"externalDependencies":[]},{"key":"transform-parameters","visitor":{"_exploded":true,"_verified":true,"FunctionDeclaration":{"enter":[null]},"FunctionExpression":{"enter":[null]},"ObjectMethod":{"enter":[null]},"ArrowFunctionExpression":{"enter":[null]},"ClassMethod":{"enter":[null]},"ClassPrivateMethod":{"enter":[null]}},"options":{},"externalDependencies":[]},{"key":"transform-exponentiation-operator","visitor":{"AssignmentExpression":{"enter":[null]},"BinaryExpression":{"enter":[null]},"_exploded":true,"_verified":true},"options":{},"externalDependencies":[]}],"presets":[],"generatorOpts":{"filename":"D:\\loan_app\\loan-management\\packages\\react-meteor-data\\useSubscribe.ts","comments":true,"compact":false,"sourceMaps":true,"sourceFileName":"packages/react-meteor-data/useSubscribe.ts","inputSourceMap":{"version":3,"file":"packages/react-meteor-data/useSubscribe.ts","sourceRoot":"","sources":["packages/react-meteor-data/useSubscribe.ts"],"names":[],"mappings":"AAAA,OAAO,EAAE,MAAM,EAAE,MAAM,eAAe,CAAA;AACtC,OAAO,EAAE,UAAU,EAAE,MAAM,cAAc,CAAA;AAEzC,MAAM,kBAAkB,GAAG,CAAC,IAAa,EAAE,GAAG,IAAW,EAAiB,EAAE;IAC1E,IAAI,aAAa,GAAG,KAAK,CAAA;IACzB,IAAI,YAAuC,CAAA;IAE3C,MAAM,OAAO,GAAG,UAAU,CAAC,GAAG,EAAE;QAC9B,IAAI,CAAC,IAAI;YAAE,OAAO,IAAI,CAAA;QAEtB,YAAY,GAAG,MAAM,CAAC,SAAS,CAAC,IAAI,EAAE,GAAG,IAAI,CAAC,CAAA;QAE9C,OAAO,YAAY,CAAC,KAAK,EAAE,CAAA;IAC7B,CAAC,EAAE,GAAG,EAAE,CAAC,CAAC,CAAC,aAAa,CAAC,CAAC,CAAA;IAE1B,OAAO,GAAG,EAAE;QACV,aAAa,GAAG,IAAI,CAAA;QACpB,OAAO,CAAC,OAAO,CAAA;IACjB,CAAC,CAAA;AACH,CAAC,CAAA;AAED,MAAM,kBAAkB,GAAG,CAAC,IAAa,EAAE,GAAG,IAAW,EAAiB,EAAE,CAAC,CAC3E,GAAG,EAAE,CAAC,KAAK,CACZ,CAAA;AAED,MAAM,CAAC,MAAM,YAAY,GAAG,MAAM,CAAC,QAAQ;IACzC,CAAC,CAAC,kBAAkB;IACpB,CAAC,CAAC,kBAAkB,CAAA","sourcesContent":["import { Meteor } from 'meteor/meteor'\nimport { useTracker } from './useTracker'\n\nconst useSubscribeClient = (name?: string, ...args: any[]): () => boolean => {\n  let updateOnReady = false\n  let subscription: Meteor.SubscriptionHandle\n\n  const isReady = useTracker(() => {\n    if (!name) return true\n\n    subscription = Meteor.subscribe(name, ...args)\n\n    return subscription.ready()\n  }, () => (!updateOnReady))\n\n  return () => {\n    updateOnReady = true\n    return !isReady\n  }\n}\n\nconst useSubscribeServer = (name?: string, ...args: any[]): () => boolean => (\n  () => false\n)\n\nexport const useSubscribe = Meteor.isServer\n  ? useSubscribeServer\n  : useSubscribeClient\n"]}}},"code":"module.export({\n  useSubscribe: () => useSubscribe\n});\nlet Meteor;\nmodule.link(\"meteor/meteor\", {\n  Meteor(v) {\n    Meteor = v;\n  }\n}, 0);\nlet useTracker;\nmodule.link(\"./useTracker\", {\n  useTracker(v) {\n    useTracker = v;\n  }\n}, 1);\nconst useSubscribeClient = function (name) {\n  for (var _len = arguments.length, args = new Array(_len > 1 ? _len - 1 : 0), _key = 1; _key < _len; _key++) {\n    args[_key - 1] = arguments[_key];\n  }\n  let updateOnReady = false;\n  let subscription;\n  const isReady = useTracker(() => {\n    if (!name) return true;\n    subscription = Meteor.subscribe(name, ...args);\n    return subscription.ready();\n  }, () => !updateOnReady);\n  return () => {\n    updateOnReady = true;\n    return !isReady;\n  };\n};\nconst useSubscribeServer = function (name) {\n  return () => false;\n};\nconst useSubscribe = Meteor.isServer ? useSubscribeServer : useSubscribeClient;","map":{"version":3,"names":["module","export","useSubscribe","Meteor","link","v","useTracker","useSubscribeClient","name","_len","arguments","length","args","Array","_key","updateOnReady","subscription","isReady","subscribe","ready","useSubscribeServer","isServer"],"sources":["packages/react-meteor-data/useSubscribe.ts"],"sourcesContent":["import { Meteor } from 'meteor/meteor'\nimport { useTracker } from './useTracker'\n\nconst useSubscribeClient = (name?: string, ...args: any[]): () => boolean => {\n  let updateOnReady = false\n  let subscription: Meteor.SubscriptionHandle\n\n  const isReady = useTracker(() => {\n    if (!name) return true\n\n    subscription = Meteor.subscribe(name, ...args)\n\n    return subscription.ready()\n  }, () => (!updateOnReady))\n\n  return () => {\n    updateOnReady = true\n    return !isReady\n  }\n}\n\nconst useSubscribeServer = (name?: string, ...args: any[]): () => boolean => (\n  () => false\n)\n\nexport const useSubscribe = Meteor.isServer\n  ? useSubscribeServer\n  : useSubscribeClient\n"],"mappings":"AAAAA,MAAA,CAAOC,MAAE;EAAMC,YAAQ,EAAAA,CAAA,KAAAA;AAAe;AAAA,IAAAC,MAAA;AAAAH,MAAA,CAAAI,IAAA;EAAAD,OAAAE,CAAA;IAAAF,MAAA,GAAAE,CAAA;EAAA;AAAA;AAAA,IAAAC,UAAA;AAAAN,MAAA,CAAAI,IAAA;EAAAE,WAAAD,CAAA;IAAAC,UAAA,GAAAD,CAAA;EAAA;AAAA;AAGtC,MAAME,kBAAkB,GAAG,SAAAA,CAACC,IAAa,EAAmC;EAAA,SAAAC,IAAA,GAAAC,SAAA,CAAAC,MAAA,EAA9BC,IAAW,OAAAC,KAAA,CAAAJ,IAAA,OAAAA,IAAA,WAAAK,IAAA,MAAAA,IAAA,GAAAL,IAAA,EAAAK,IAAA;IAAXF,IAAW,CAAAE,IAAA,QAAAJ,SAAA,CAAAI,IAAA;EAAA;EACvD,IAAIC,aAAa,GAAG,KAAK;EACzB,IAAIC,YAAuC;EAE3C,MAAMC,OAAO,GAAGX,UAAU,CAAC,MAAK;IAC9B,IAAI,CAACE,IAAI,EAAE,OAAO,IAAI;IAEtBQ,YAAY,GAAGb,MAAM,CAACe,SAAS,CAACV,IAAI,EAAE,GAAGI,IAAI,CAAC;IAE9C,OAAOI,YAAY,CAACG,KAAK,EAAE;EAC7B,CAAC,EAAE,MAAO,CAACJ,aAAc,CAAC;EAE1B,OAAO,MAAK;IACVA,aAAa,GAAG,IAAI;IACpB,OAAO,CAACE,OAAO;EACjB,CAAC;AACH,CAAC;AAED,MAAMG,kBAAkB,GAAG,SAAAA,CAACZ,IAAa;EAAA,OACvC,MAAM,KAAK;AAAA,CACZ;AAEM,MAAMN,YAAY,GAAGC,MAAM,CAACkB,QAAQ,GACvCD,kBAAkB,GAClBb,kBAAkB"},"sourceType":"module","externalDependencies":{},"hash":"1c96f291980f230cad08e4438ba76c036f85c8c0"}
