{"metadata":{},"options":{"assumptions":{},"compact":false,"sourceMaps":true,"ast":true,"babelrc":false,"configFile":false,"parserOpts":{"sourceType":"module","sourceFileName":"D:\\loan_app\\loan-management\\packages\\react-meteor-data\\useFind.ts","plugins":["*","flow","jsx","asyncGenerators","bigInt","classPrivateMethods","classPrivateProperties","classProperties","doExpressions","dynamicImport","exportDefaultFrom","exportExtensions","exportNamespaceFrom","functionBind","functionSent","importMeta","nullishCoalescingOperator","numericSeparator","objectRestSpread","optionalCatchBinding","optionalChaining",["pipelineOperator",{"proposal":"minimal"}],"throwExpressions","classProperties","classPrivateProperties","jsx","nullishCoalescingOperator","nullishCoalescingOperator","optionalChaining","optionalChaining","optionalCatchBinding","optionalCatchBinding","classProperties","classPrivateProperties","classPrivateMethods","classProperties","classPrivateProperties","asyncGenerators","asyncGenerators","objectRestSpread","objectRestSpread","logicalAssignment"],"allowImportExportEverywhere":true,"allowReturnOutsideFunction":true,"allowUndeclaredExports":true,"strictMode":false},"caller":{"name":"meteor","arch":"web.browser"},"sourceFileName":"packages/react-meteor-data/useFind.ts","filename":"D:\\loan_app\\loan-management\\packages\\react-meteor-data\\useFind.ts","inputSourceMap":{"version":3,"file":"packages/react-meteor-data/useFind.ts","sourceRoot":"","sources":["packages/react-meteor-data/useFind.ts"],"names":[],"mappings":"AAAA,OAAO,EAAE,MAAM,EAAE,MAAM,eAAe,CAAA;AACtC,OAAO,EAAE,KAAK,EAAE,MAAM,cAAc,CAAA;AACpC,OAAO,EAAE,UAAU,EAAE,OAAO,EAAE,SAAS,EAA2B,MAAM,EAAE,MAAM,OAAO,CAAA;AACvF,OAAO,EAAE,OAAO,EAAE,MAAM,gBAAgB,CAAA;AASxC,MAAM,cAAc,GAAG,CAAI,IAAS,EAAE,MAAyB,EAAO,EAAE;IACtE,QAAQ,MAAM,CAAC,IAAI,EAAE;QACnB,KAAK,SAAS;YACZ,OAAO,MAAM,CAAC,IAAI,CAAA;QACpB,KAAK,SAAS;YACZ,OAAO;gBACL,GAAG,IAAI,CAAC,KAAK,CAAC,CAAC,EAAE,MAAM,CAAC,OAAO,CAAC;gBAChC,MAAM,CAAC,QAAQ;gBACf,GAAG,IAAI,CAAC,KAAK,CAAC,MAAM,CAAC,OAAO,CAAC;aAC9B,CAAA;QACH,KAAK,WAAW;YACd,OAAO;gBACL,GAAG,IAAI,CAAC,KAAK,CAAC,CAAC,EAAE,MAAM,CAAC,OAAO,CAAC;gBAChC,MAAM,CAAC,QAAQ;gBACf,GAAG,IAAI,CAAC,KAAK,CAAC,MAAM,CAAC,OAAO,GAAG,CAAC,CAAC;aAClC,CAAA;QACH,KAAK,WAAW;YACd,OAAO;gBACL,GAAG,IAAI,CAAC,KAAK,CAAC,CAAC,EAAE,MAAM,CAAC,OAAO,CAAC;gBAChC,GAAG,IAAI,CAAC,KAAK,CAAC,MAAM,CAAC,OAAO,GAAG,CAAC,CAAC;aAClC,CAAA;QACH,KAAK,SAAS;YACZ,MAAM,GAAG,GAAG,IAAI,CAAC,MAAM,CAAC,SAAS,CAAC,CAAA;YAClC,MAAM,IAAI,GAAG;gBACX,GAAG,IAAI,CAAC,KAAK,CAAC,CAAC,EAAE,MAAM,CAAC,SAAS,CAAC;gBAClC,GAAG,IAAI,CAAC,KAAK,CAAC,MAAM,CAAC,SAAS,GAAG,CAAC,CAAC;aACpC,CAAA;YACD,IAAI,CAAC,MAAM,CAAC,MAAM,CAAC,OAAO,EAAE,CAAC,EAAE,GAAG,CAAC,CAAA;YACnC,OAAO,IAAI,CAAA;KACd;AACH,CAAC,CAAA;AAED,kCAAkC;AAClC,uDAAuD;AACvD,+EAA+E;AAC/E,6EAA6E;AAC7E,gEAAgE;AAChE,6EAA6E;AAC7E,kDAAkD;AAClD,MAAM,WAAW,GAAG,CAAI,MAA8F,EAAE,EAAE;IACxH,IAAI,MAAM,KAAK,IAAI,IAAI,MAAM,KAAK,SAAS,IAAI,CAAC,CAAC,MAAM,YAAY,KAAK,CAAC,MAAM,CAAC;QAC5E,CAAC,CAAC,MAAM,CAAC,MAAM,IAAI,MAAM,CAAC,kBAAkB,CAAC,EAAE;QACjD,OAAO,CAAC,IAAI,CACV,yDAAyD;cACvD,oDAAoD,CACvD,CAAC;KACH;AACH,CAAC,CAAA;AAED,2HAA2H;AAC3H,MAAM,SAAS,GAAG,CAAI,MAAuB,EAAE,EAAE;IAC/C,MAAM,IAAI,GAAQ,EAAE,CAAA;IACpB,MAAM,QAAQ,GAAG,MAAM,CAAC,OAAO,CAAC;QAC9B,OAAO,CAAE,QAAQ,EAAE,OAAO,EAAE,MAAM;YAChC,IAAI,CAAC,MAAM,CAAC,OAAO,EAAE,CAAC,EAAE,QAAQ,CAAC,CAAA;QACnC,CAAC;KACF,CAAC,CAAA;IACF,QAAQ,CAAC,IAAI,EAAE,CAAA;IACf,OAAO,IAAI,CAAA;AACb,CAAC,CAAA;AAED,MAAM,aAAa,GAAG,CAAU,OAAmD,EAAE,OAAuB,EAAE,EAAE,EAAE;IAChH,MAAM,MAAM,GAAG,OAAO,CAAC,GAAG,EAAE;QAC1B,oDAAoD;QACpD,qCAAqC;QACrC,MAAM,MAAM,GAAG,OAAO,CAAC,WAAW,CAAC,OAAO,CAAC,CAAC;QAC5C,IAAI,MAAM,CAAC,aAAa,EAAE;YACxB,WAAW,CAAC,MAAM,CAAC,CAAA;SACpB;QACD,OAAO,MAAM,CAAA;IACf,CAAC,EAAE,IAAI,CAAC,CAAA;IAER,MAAM,CAAC,IAAI,EAAE,QAAQ,CAAC,GAAG,UAAU,CACjC,cAAc,EACd,IAAI,EACJ,GAAG,EAAE;QACH,IAAI,CAAC,CAAC,MAAM,YAAY,KAAK,CAAC,MAAM,CAAC,EAAE;YACrC,OAAO,EAAE,CAAA;SACV;QAED,OAAO,SAAS,CAAC,MAAM,CAAC,CAAA;IAC1B,CAAC,CACF,CAAA;IAED,kDAAkD;IAClD,gEAAgE;IAChE,MAAM,QAAQ,GAAG,MAAM,CAAC,KAAK,CAAC,CAAA;IAE9B,SAAS,CAAC,GAAG,EAAE;QACb,6CAA6C;QAC7C,IAAI,QAAQ,CAAC,OAAO,EAAE;YACpB,IAAI,CAAC,CAAC,MAAM,YAAY,KAAK,CAAC,MAAM,CAAC,EAAE;gBACrC,OAAM;aACP;YAED,MAAM,IAAI,GAAG,SAAS,CAAC,MAAM,CAAC,CAAA;YAC9B,QAAQ,CAAC,EAAE,IAAI,EAAE,SAAS,EAAE,IAAI,EAAE,CAAC,CAAA;SACpC;aAAM;YACL,QAAQ,CAAC,OAAO,GAAG,IAAI,CAAA;SACxB;QAED,IAAI,CAAC,CAAC,MAAM,YAAY,KAAK,CAAC,MAAM,CAAC,EAAE;YACrC,OAAM;SACP;QAED,MAAM,QAAQ,GAAG,MAAM,CAAC,OAAO,CAAC;YAC9B,OAAO,CAAE,QAAQ,EAAE,OAAO,EAAE,MAAM;gBAChC,QAAQ,CAAC,EAAE,IAAI,EAAE,SAAS,EAAE,QAAQ,EAAE,OAAO,EAAE,CAAC,CAAA;YAClD,CAAC;YACD,SAAS,CAAE,WAAW,EAAE,WAAW,EAAE,OAAO;gBAC1C,QAAQ,CAAC,EAAE,IAAI,EAAE,WAAW,EAAE,QAAQ,EAAE,WAAW,EAAE,OAAO,EAAE,CAAC,CAAA;YACjE,CAAC;YACD,SAAS,CAAE,WAAW,EAAE,OAAO;gBAC7B,QAAQ,CAAC,EAAE,IAAI,EAAE,WAAW,EAAE,OAAO,EAAE,CAAC,CAAA;YAC1C,CAAC;YACD,OAAO,CAAE,QAAQ,EAAE,SAAS,EAAE,OAAO,EAAE,MAAM;gBAC3C,QAAQ,CAAC,EAAE,IAAI,EAAE,SAAS,EAAE,SAAS,EAAE,OAAO,EAAE,CAAC,CAAA;YACnD,CAAC;YACD,aAAa;YACb,iBAAiB,EAAE,IAAI;SACxB,CAAC,CAAA;QAEF,OAAO,GAAG,EAAE;YACV,QAAQ,CAAC,IAAI,EAAE,CAAA;QACjB,CAAC,CAAA;IACH,CAAC,EAAE,CAAC,MAAM,CAAC,CAAC,CAAA;IAEZ,OAAO,MAAM,CAAC,CAAC,CAAC,IAAI,CAAC,CAAC,CAAC,MAAM,CAAA;AAC/B,CAAC,CAAA;AAED,MAAM,aAAa,GAAG,CAAU,OAAiD,EAAE,IAAoB,EAAE,EAAE,CAAC,CAC1G,OAAO,CAAC,WAAW,CAAC,GAAG,EAAE;IACvB,MAAM,MAAM,GAAG,OAAO,EAAE,CAAA;IACxB,IAAI,MAAM,CAAC,aAAa;QAAE,WAAW,CAAC,MAAM,CAAC,CAAA;IAC7C,OAAO,MAAM,EAAE,KAAK,EAAE,EAAE,IAAI,IAAI,CAAA;AAClC,CAAC,CAAC,CACH,CAAA;AAED,MAAM,CAAC,MAAM,OAAO,GAAG,MAAM,CAAC,QAAQ;IACpC,CAAC,CAAC,aAAa;IACf,CAAC,CAAC,aAAa,CAAA;AAEjB,SAAS,UAAU,CAAW,OAAmD,EAAE,OAAuB,EAAE;IAC1G,SAAS,IAAI,CAAE,OAAe,EAAE,GAAW,EAAE,GAAW,EAAE,IAAY;QACpE,OAAO,CAAC,IAAI,CACV,+BAA+B,OAAO,aAAa,GAAG,YAAY;cAC9D,IAAI,GAAG,wBAAwB,IAAI,KAAK,CAC7C,CAAC;IACJ,CAAC;IAED,IAAI,OAAO,OAAO,KAAK,UAAU,EAAE;QACjC,IAAI,CAAC,UAAU,EAAE,KAAK,EAAE,YAAY,EAAE,OAAO,CAAC,CAAC;KAChD;IAED,IAAI,CAAC,IAAI,IAAI,CAAC,KAAK,CAAC,OAAO,CAAC,IAAI,CAAC,EAAE;QACjC,IAAI,CAAC,OAAO,EAAE,KAAK,EAAE,MAAM,EAAE,OAAO,IAAI,CAAC,CAAC;KAC3C;IAED,OAAO,OAAO,CAAC,OAAO,EAAE,IAAI,CAAC,CAAC;AAChC,CAAC;AAED,eAAe,MAAM,CAAC,aAAa;IACjC,CAAC,CAAC,UAAU;IACZ,CAAC,CAAC,OAAO,CAAC","sourcesContent":["import { Meteor } from 'meteor/meteor'\nimport { Mongo } from 'meteor/mongo'\nimport { useReducer, useMemo, useEffect, Reducer, DependencyList, useRef } from 'react'\nimport { Tracker } from 'meteor/tracker'\n\ntype useFindActions<T> =\n  | { type: 'refresh', data: T[] }\n  | { type: 'addedAt', document: T, atIndex: number }\n  | { type: 'changedAt', document: T, atIndex: number }\n  | { type: 'removedAt', atIndex: number }\n  | { type: 'movedTo', fromIndex: number, toIndex: number }\n\nconst useFindReducer = <T>(data: T[], action: useFindActions<T>): T[] => {\n  switch (action.type) {\n    case 'refresh':\n      return action.data\n    case 'addedAt':\n      return [\n        ...data.slice(0, action.atIndex),\n        action.document,\n        ...data.slice(action.atIndex)\n      ]\n    case 'changedAt':\n      return [\n        ...data.slice(0, action.atIndex),\n        action.document,\n        ...data.slice(action.atIndex + 1)\n      ]\n    case 'removedAt':\n      return [\n        ...data.slice(0, action.atIndex),\n        ...data.slice(action.atIndex + 1)\n      ]\n    case 'movedTo':\n      const doc = data[action.fromIndex]\n      const copy = [\n        ...data.slice(0, action.fromIndex),\n        ...data.slice(action.fromIndex + 1)\n      ]\n      copy.splice(action.toIndex, 0, doc)\n      return copy\n  }\n}\n\n// Check for valid Cursor or null.\n// On client, we should have a Mongo.Cursor (defined in\n// https://github.com/meteor/meteor/blob/devel/packages/minimongo/cursor.js and\n// https://github.com/meteor/meteor/blob/devel/packages/mongo/collection.js).\n// On server, however, we instead get a private Cursor type from\n// https://github.com/meteor/meteor/blob/devel/packages/mongo/mongo_driver.js\n// which has fields _mongo and _cursorDescription.\nconst checkCursor = <T>(cursor: Mongo.Cursor<T> | Partial<{ _mongo: any, _cursorDescription: any }> | undefined | null) => {\n  if (cursor !== null && cursor !== undefined && !(cursor instanceof Mongo.Cursor) &&\n      !(cursor._mongo && cursor._cursorDescription)) {\n    console.warn(\n      'Warning: useFind requires an instance of Mongo.Cursor. '\n      + 'Make sure you do NOT call .fetch() on your cursor.'\n    );\n  }\n}\n\n// Synchronous data fetch. It uses cursor observing instead of cursor.fetch() because synchronous fetch will be deprecated.\nconst fetchData = <T>(cursor: Mongo.Cursor<T>) => {\n  const data: T[] = []\n  const observer = cursor.observe({\n    addedAt (document, atIndex, before) {\n      data.splice(atIndex, 0, document)\n    },\n  })\n  observer.stop()\n  return data\n}\n\nconst useFindClient = <T = any>(factory: () => (Mongo.Cursor<T> | undefined | null), deps: DependencyList = []) => {\n  const cursor = useMemo(() => {\n    // To avoid creating side effects in render, opt out\n    // of Tracker integration altogether.\n    const cursor = Tracker.nonreactive(factory);\n    if (Meteor.isDevelopment) {\n      checkCursor(cursor)\n    }\n    return cursor\n  }, deps)\n\n  const [data, dispatch] = useReducer<Reducer<T[], useFindActions<T>>, null>(\n    useFindReducer,\n    null,\n    () => {\n      if (!(cursor instanceof Mongo.Cursor)) {\n        return []\n      }\n\n      return fetchData(cursor)\n    }\n  )\n\n  // Store information about mounting the component.\n  // It will be used to run code only if the component is updated.\n  const didMount = useRef(false)\n\n  useEffect(() => {\n    // Fetch intitial data if cursor was changed.\n    if (didMount.current) {\n      if (!(cursor instanceof Mongo.Cursor)) {\n        return\n      }\n\n      const data = fetchData(cursor)\n      dispatch({ type: 'refresh', data })\n    } else {\n      didMount.current = true\n    }\n\n    if (!(cursor instanceof Mongo.Cursor)) {\n      return\n    }\n\n    const observer = cursor.observe({\n      addedAt (document, atIndex, before) {\n        dispatch({ type: 'addedAt', document, atIndex })\n      },\n      changedAt (newDocument, oldDocument, atIndex) {\n        dispatch({ type: 'changedAt', document: newDocument, atIndex })\n      },\n      removedAt (oldDocument, atIndex) {\n        dispatch({ type: 'removedAt', atIndex })\n      },\n      movedTo (document, fromIndex, toIndex, before) {\n        dispatch({ type: 'movedTo', fromIndex, toIndex })\n      },\n      // @ts-ignore\n      _suppress_initial: true\n    })\n\n    return () => {\n      observer.stop()\n    }\n  }, [cursor])\n\n  return cursor ? data : cursor\n}\n\nconst useFindServer = <T = any>(factory: () => Mongo.Cursor<T> | undefined | null, deps: DependencyList) => (\n  Tracker.nonreactive(() => {\n    const cursor = factory()\n    if (Meteor.isDevelopment) checkCursor(cursor)\n    return cursor?.fetch?.() ?? null\n  })\n)\n\nexport const useFind = Meteor.isServer\n  ? useFindServer\n  : useFindClient\n\nfunction useFindDev <T = any>(factory: () => (Mongo.Cursor<T> | undefined | null), deps: DependencyList = []) {\n  function warn (expects: string, pos: string, arg: string, type: string) {\n    console.warn(\n      `Warning: useFind expected a ${expects} in it\\'s ${pos} argument `\n        + `(${arg}), but got type of \\`${type}\\`.`\n    );\n  }\n\n  if (typeof factory !== 'function') {\n    warn(\"function\", \"1st\", \"reactiveFn\", factory);\n  }\n\n  if (!deps || !Array.isArray(deps)) {\n    warn(\"array\", \"2nd\", \"deps\", typeof deps);\n  }\n\n  return useFind(factory, deps);\n}\n\nexport default Meteor.isDevelopment\n  ? useFindDev\n  : useFind;\n"]},"targets":{},"cloneInputAst":true,"browserslistConfigFile":false,"passPerPreset":false,"envName":"development","cwd":"D:\\loan_app\\loan-management","root":"D:\\loan_app\\loan-management","rootMode":"root","plugins":[{"key":"base$0","visitor":{"_exploded":true,"_verified":true},"options":{},"externalDependencies":[]},{"key":"base$0$0","visitor":{"Program":{"enter":[null],"exit":[null]},"_exploded":true,"_verified":true},"options":{"avoidModernSyntax":false,"enforceStrictMode":false,"dynamicImport":true,"generateLetDeclarations":true},"externalDependencies":[]},{"key":"transform-runtime","visitor":{"MemberExpression":{"enter":[null]},"ObjectPattern":{"enter":[null]},"BinaryExpression":{"enter":[null]},"Identifier":{"enter":[null]},"JSXIdentifier":{"enter":[null]},"_exploded":true,"_verified":true},"options":{"version":"7.17.2","helpers":true,"useESModules":false,"corejs":false},"externalDependencies":[]},{"key":"proposal-class-properties","visitor":{"ExportDefaultDeclaration":{"enter":[null]},"_exploded":true,"_verified":true,"ClassExpression":{"enter":[null]},"ClassDeclaration":{"enter":[null]}},"options":{"loose":true},"externalDependencies":[]},{"key":"transform-react-jsx","visitor":{"JSXNamespacedName":{"enter":[null]},"JSXSpreadChild":{"enter":[null]},"Program":{"enter":[null]},"JSXFragment":{"exit":[null]},"JSXElement":{"exit":[null]},"JSXAttribute":{"enter":[null]},"_exploded":true,"_verified":true},"options":{"pragma":"React.createElement","pragmaFrag":"React.Fragment","runtime":"classic","throwIfNamespace":true,"useBuiltIns":false},"externalDependencies":[]},{"key":"transform-react-display-name","visitor":{"ExportDefaultDeclaration":{"enter":[null]},"CallExpression":{"enter":[null]},"_exploded":true,"_verified":true},"options":{},"externalDependencies":[]},{"key":"transform-react-pure-annotations","visitor":{"CallExpression":{"enter":[null]},"_exploded":true,"_verified":true},"options":{},"externalDependencies":[]},{"key":"syntax-nullish-coalescing-operator","visitor":{"_exploded":true,"_verified":true},"options":{},"externalDependencies":[]},{"key":"proposal-nullish-coalescing-operator","visitor":{"LogicalExpression":{"enter":[null]},"_exploded":true,"_verified":true},"options":{},"externalDependencies":[]},{"key":"syntax-optional-chaining","visitor":{"_exploded":true,"_verified":true},"options":{},"externalDependencies":[]},{"key":"proposal-optional-chaining","visitor":{"OptionalCallExpression":{"enter":[null]},"OptionalMemberExpression":{"enter":[null]},"_exploded":true,"_verified":true},"options":{},"externalDependencies":[]},{"key":"syntax-optional-catch-binding","visitor":{"_exploded":true,"_verified":true},"options":{},"externalDependencies":[]},{"key":"proposal-optional-catch-binding","visitor":{"CatchClause":{"enter":[null]},"_exploded":true,"_verified":true},"options":{},"externalDependencies":[]},{"key":"syntax-class-properties","visitor":{"_exploded":true,"_verified":true},"options":{},"externalDependencies":[]},{"key":"proposal-class-properties","visitor":{"ExportDefaultDeclaration":{"enter":[null]},"_exploded":true,"_verified":true,"ClassExpression":{"enter":[null]},"ClassDeclaration":{"enter":[null]}},"options":{},"externalDependencies":[]},{"key":"syntax-async-generators","visitor":{"_exploded":true,"_verified":true},"options":{},"externalDependencies":[]},{"key":"proposal-async-generator-functions","visitor":{"Program":{"enter":[null]},"_exploded":true,"_verified":true},"options":{},"externalDependencies":[]},{"key":"syntax-object-rest-spread","visitor":{"_exploded":true,"_verified":true},"options":{},"externalDependencies":[]},{"key":"proposal-object-rest-spread","visitor":{"VariableDeclarator":{"enter":[null]},"ExportNamedDeclaration":{"enter":[null]},"CatchClause":{"enter":[null]},"AssignmentExpression":{"enter":[null]},"ArrayPattern":{"enter":[null]},"ObjectExpression":{"enter":[null]},"FunctionDeclaration":{"enter":[null]},"FunctionExpression":{"enter":[null]},"ObjectMethod":{"enter":[null]},"ArrowFunctionExpression":{"enter":[null]},"ClassMethod":{"enter":[null]},"ClassPrivateMethod":{"enter":[null]},"ForInStatement":{"enter":[null]},"ForOfStatement":{"enter":[null]},"_exploded":true,"_verified":true},"options":{},"externalDependencies":[]},{"key":"proposal-logical-assignment-operators","visitor":{"AssignmentExpression":{"enter":[null]},"_exploded":true,"_verified":true},"options":{},"externalDependencies":[]},{"key":"transform-literals","visitor":{"NumericLiteral":{"enter":[null]},"StringLiteral":{"enter":[null]},"_exploded":true,"_verified":true},"options":{},"externalDependencies":[]},{"key":"transform-template-literals","visitor":{"TaggedTemplateExpression":{"enter":[null]},"TemplateLiteral":{"enter":[null]},"_exploded":true,"_verified":true},"options":{},"externalDependencies":[]},{"key":"transform-parameters","visitor":{"_exploded":true,"_verified":true,"FunctionDeclaration":{"enter":[null]},"FunctionExpression":{"enter":[null]},"ObjectMethod":{"enter":[null]},"ArrowFunctionExpression":{"enter":[null]},"ClassMethod":{"enter":[null]},"ClassPrivateMethod":{"enter":[null]}},"options":{},"externalDependencies":[]},{"key":"transform-exponentiation-operator","visitor":{"AssignmentExpression":{"enter":[null]},"BinaryExpression":{"enter":[null]},"_exploded":true,"_verified":true},"options":{},"externalDependencies":[]}],"presets":[],"generatorOpts":{"filename":"D:\\loan_app\\loan-management\\packages\\react-meteor-data\\useFind.ts","comments":true,"compact":false,"sourceMaps":true,"sourceFileName":"packages/react-meteor-data/useFind.ts","inputSourceMap":{"version":3,"file":"packages/react-meteor-data/useFind.ts","sourceRoot":"","sources":["packages/react-meteor-data/useFind.ts"],"names":[],"mappings":"AAAA,OAAO,EAAE,MAAM,EAAE,MAAM,eAAe,CAAA;AACtC,OAAO,EAAE,KAAK,EAAE,MAAM,cAAc,CAAA;AACpC,OAAO,EAAE,UAAU,EAAE,OAAO,EAAE,SAAS,EAA2B,MAAM,EAAE,MAAM,OAAO,CAAA;AACvF,OAAO,EAAE,OAAO,EAAE,MAAM,gBAAgB,CAAA;AASxC,MAAM,cAAc,GAAG,CAAI,IAAS,EAAE,MAAyB,EAAO,EAAE;IACtE,QAAQ,MAAM,CAAC,IAAI,EAAE;QACnB,KAAK,SAAS;YACZ,OAAO,MAAM,CAAC,IAAI,CAAA;QACpB,KAAK,SAAS;YACZ,OAAO;gBACL,GAAG,IAAI,CAAC,KAAK,CAAC,CAAC,EAAE,MAAM,CAAC,OAAO,CAAC;gBAChC,MAAM,CAAC,QAAQ;gBACf,GAAG,IAAI,CAAC,KAAK,CAAC,MAAM,CAAC,OAAO,CAAC;aAC9B,CAAA;QACH,KAAK,WAAW;YACd,OAAO;gBACL,GAAG,IAAI,CAAC,KAAK,CAAC,CAAC,EAAE,MAAM,CAAC,OAAO,CAAC;gBAChC,MAAM,CAAC,QAAQ;gBACf,GAAG,IAAI,CAAC,KAAK,CAAC,MAAM,CAAC,OAAO,GAAG,CAAC,CAAC;aAClC,CAAA;QACH,KAAK,WAAW;YACd,OAAO;gBACL,GAAG,IAAI,CAAC,KAAK,CAAC,CAAC,EAAE,MAAM,CAAC,OAAO,CAAC;gBAChC,GAAG,IAAI,CAAC,KAAK,CAAC,MAAM,CAAC,OAAO,GAAG,CAAC,CAAC;aAClC,CAAA;QACH,KAAK,SAAS;YACZ,MAAM,GAAG,GAAG,IAAI,CAAC,MAAM,CAAC,SAAS,CAAC,CAAA;YAClC,MAAM,IAAI,GAAG;gBACX,GAAG,IAAI,CAAC,KAAK,CAAC,CAAC,EAAE,MAAM,CAAC,SAAS,CAAC;gBAClC,GAAG,IAAI,CAAC,KAAK,CAAC,MAAM,CAAC,SAAS,GAAG,CAAC,CAAC;aACpC,CAAA;YACD,IAAI,CAAC,MAAM,CAAC,MAAM,CAAC,OAAO,EAAE,CAAC,EAAE,GAAG,CAAC,CAAA;YACnC,OAAO,IAAI,CAAA;KACd;AACH,CAAC,CAAA;AAED,kCAAkC;AAClC,uDAAuD;AACvD,+EAA+E;AAC/E,6EAA6E;AAC7E,gEAAgE;AAChE,6EAA6E;AAC7E,kDAAkD;AAClD,MAAM,WAAW,GAAG,CAAI,MAA8F,EAAE,EAAE;IACxH,IAAI,MAAM,KAAK,IAAI,IAAI,MAAM,KAAK,SAAS,IAAI,CAAC,CAAC,MAAM,YAAY,KAAK,CAAC,MAAM,CAAC;QAC5E,CAAC,CAAC,MAAM,CAAC,MAAM,IAAI,MAAM,CAAC,kBAAkB,CAAC,EAAE;QACjD,OAAO,CAAC,IAAI,CACV,yDAAyD;cACvD,oDAAoD,CACvD,CAAC;KACH;AACH,CAAC,CAAA;AAED,2HAA2H;AAC3H,MAAM,SAAS,GAAG,CAAI,MAAuB,EAAE,EAAE;IAC/C,MAAM,IAAI,GAAQ,EAAE,CAAA;IACpB,MAAM,QAAQ,GAAG,MAAM,CAAC,OAAO,CAAC;QAC9B,OAAO,CAAE,QAAQ,EAAE,OAAO,EAAE,MAAM;YAChC,IAAI,CAAC,MAAM,CAAC,OAAO,EAAE,CAAC,EAAE,QAAQ,CAAC,CAAA;QACnC,CAAC;KACF,CAAC,CAAA;IACF,QAAQ,CAAC,IAAI,EAAE,CAAA;IACf,OAAO,IAAI,CAAA;AACb,CAAC,CAAA;AAED,MAAM,aAAa,GAAG,CAAU,OAAmD,EAAE,OAAuB,EAAE,EAAE,EAAE;IAChH,MAAM,MAAM,GAAG,OAAO,CAAC,GAAG,EAAE;QAC1B,oDAAoD;QACpD,qCAAqC;QACrC,MAAM,MAAM,GAAG,OAAO,CAAC,WAAW,CAAC,OAAO,CAAC,CAAC;QAC5C,IAAI,MAAM,CAAC,aAAa,EAAE;YACxB,WAAW,CAAC,MAAM,CAAC,CAAA;SACpB;QACD,OAAO,MAAM,CAAA;IACf,CAAC,EAAE,IAAI,CAAC,CAAA;IAER,MAAM,CAAC,IAAI,EAAE,QAAQ,CAAC,GAAG,UAAU,CACjC,cAAc,EACd,IAAI,EACJ,GAAG,EAAE;QACH,IAAI,CAAC,CAAC,MAAM,YAAY,KAAK,CAAC,MAAM,CAAC,EAAE;YACrC,OAAO,EAAE,CAAA;SACV;QAED,OAAO,SAAS,CAAC,MAAM,CAAC,CAAA;IAC1B,CAAC,CACF,CAAA;IAED,kDAAkD;IAClD,gEAAgE;IAChE,MAAM,QAAQ,GAAG,MAAM,CAAC,KAAK,CAAC,CAAA;IAE9B,SAAS,CAAC,GAAG,EAAE;QACb,6CAA6C;QAC7C,IAAI,QAAQ,CAAC,OAAO,EAAE;YACpB,IAAI,CAAC,CAAC,MAAM,YAAY,KAAK,CAAC,MAAM,CAAC,EAAE;gBACrC,OAAM;aACP;YAED,MAAM,IAAI,GAAG,SAAS,CAAC,MAAM,CAAC,CAAA;YAC9B,QAAQ,CAAC,EAAE,IAAI,EAAE,SAAS,EAAE,IAAI,EAAE,CAAC,CAAA;SACpC;aAAM;YACL,QAAQ,CAAC,OAAO,GAAG,IAAI,CAAA;SACxB;QAED,IAAI,CAAC,CAAC,MAAM,YAAY,KAAK,CAAC,MAAM,CAAC,EAAE;YACrC,OAAM;SACP;QAED,MAAM,QAAQ,GAAG,MAAM,CAAC,OAAO,CAAC;YAC9B,OAAO,CAAE,QAAQ,EAAE,OAAO,EAAE,MAAM;gBAChC,QAAQ,CAAC,EAAE,IAAI,EAAE,SAAS,EAAE,QAAQ,EAAE,OAAO,EAAE,CAAC,CAAA;YAClD,CAAC;YACD,SAAS,CAAE,WAAW,EAAE,WAAW,EAAE,OAAO;gBAC1C,QAAQ,CAAC,EAAE,IAAI,EAAE,WAAW,EAAE,QAAQ,EAAE,WAAW,EAAE,OAAO,EAAE,CAAC,CAAA;YACjE,CAAC;YACD,SAAS,CAAE,WAAW,EAAE,OAAO;gBAC7B,QAAQ,CAAC,EAAE,IAAI,EAAE,WAAW,EAAE,OAAO,EAAE,CAAC,CAAA;YAC1C,CAAC;YACD,OAAO,CAAE,QAAQ,EAAE,SAAS,EAAE,OAAO,EAAE,MAAM;gBAC3C,QAAQ,CAAC,EAAE,IAAI,EAAE,SAAS,EAAE,SAAS,EAAE,OAAO,EAAE,CAAC,CAAA;YACnD,CAAC;YACD,aAAa;YACb,iBAAiB,EAAE,IAAI;SACxB,CAAC,CAAA;QAEF,OAAO,GAAG,EAAE;YACV,QAAQ,CAAC,IAAI,EAAE,CAAA;QACjB,CAAC,CAAA;IACH,CAAC,EAAE,CAAC,MAAM,CAAC,CAAC,CAAA;IAEZ,OAAO,MAAM,CAAC,CAAC,CAAC,IAAI,CAAC,CAAC,CAAC,MAAM,CAAA;AAC/B,CAAC,CAAA;AAED,MAAM,aAAa,GAAG,CAAU,OAAiD,EAAE,IAAoB,EAAE,EAAE,CAAC,CAC1G,OAAO,CAAC,WAAW,CAAC,GAAG,EAAE;IACvB,MAAM,MAAM,GAAG,OAAO,EAAE,CAAA;IACxB,IAAI,MAAM,CAAC,aAAa;QAAE,WAAW,CAAC,MAAM,CAAC,CAAA;IAC7C,OAAO,MAAM,EAAE,KAAK,EAAE,EAAE,IAAI,IAAI,CAAA;AAClC,CAAC,CAAC,CACH,CAAA;AAED,MAAM,CAAC,MAAM,OAAO,GAAG,MAAM,CAAC,QAAQ;IACpC,CAAC,CAAC,aAAa;IACf,CAAC,CAAC,aAAa,CAAA;AAEjB,SAAS,UAAU,CAAW,OAAmD,EAAE,OAAuB,EAAE;IAC1G,SAAS,IAAI,CAAE,OAAe,EAAE,GAAW,EAAE,GAAW,EAAE,IAAY;QACpE,OAAO,CAAC,IAAI,CACV,+BAA+B,OAAO,aAAa,GAAG,YAAY;cAC9D,IAAI,GAAG,wBAAwB,IAAI,KAAK,CAC7C,CAAC;IACJ,CAAC;IAED,IAAI,OAAO,OAAO,KAAK,UAAU,EAAE;QACjC,IAAI,CAAC,UAAU,EAAE,KAAK,EAAE,YAAY,EAAE,OAAO,CAAC,CAAC;KAChD;IAED,IAAI,CAAC,IAAI,IAAI,CAAC,KAAK,CAAC,OAAO,CAAC,IAAI,CAAC,EAAE;QACjC,IAAI,CAAC,OAAO,EAAE,KAAK,EAAE,MAAM,EAAE,OAAO,IAAI,CAAC,CAAC;KAC3C;IAED,OAAO,OAAO,CAAC,OAAO,EAAE,IAAI,CAAC,CAAC;AAChC,CAAC;AAED,eAAe,MAAM,CAAC,aAAa;IACjC,CAAC,CAAC,UAAU;IACZ,CAAC,CAAC,OAAO,CAAC","sourcesContent":["import { Meteor } from 'meteor/meteor'\nimport { Mongo } from 'meteor/mongo'\nimport { useReducer, useMemo, useEffect, Reducer, DependencyList, useRef } from 'react'\nimport { Tracker } from 'meteor/tracker'\n\ntype useFindActions<T> =\n  | { type: 'refresh', data: T[] }\n  | { type: 'addedAt', document: T, atIndex: number }\n  | { type: 'changedAt', document: T, atIndex: number }\n  | { type: 'removedAt', atIndex: number }\n  | { type: 'movedTo', fromIndex: number, toIndex: number }\n\nconst useFindReducer = <T>(data: T[], action: useFindActions<T>): T[] => {\n  switch (action.type) {\n    case 'refresh':\n      return action.data\n    case 'addedAt':\n      return [\n        ...data.slice(0, action.atIndex),\n        action.document,\n        ...data.slice(action.atIndex)\n      ]\n    case 'changedAt':\n      return [\n        ...data.slice(0, action.atIndex),\n        action.document,\n        ...data.slice(action.atIndex + 1)\n      ]\n    case 'removedAt':\n      return [\n        ...data.slice(0, action.atIndex),\n        ...data.slice(action.atIndex + 1)\n      ]\n    case 'movedTo':\n      const doc = data[action.fromIndex]\n      const copy = [\n        ...data.slice(0, action.fromIndex),\n        ...data.slice(action.fromIndex + 1)\n      ]\n      copy.splice(action.toIndex, 0, doc)\n      return copy\n  }\n}\n\n// Check for valid Cursor or null.\n// On client, we should have a Mongo.Cursor (defined in\n// https://github.com/meteor/meteor/blob/devel/packages/minimongo/cursor.js and\n// https://github.com/meteor/meteor/blob/devel/packages/mongo/collection.js).\n// On server, however, we instead get a private Cursor type from\n// https://github.com/meteor/meteor/blob/devel/packages/mongo/mongo_driver.js\n// which has fields _mongo and _cursorDescription.\nconst checkCursor = <T>(cursor: Mongo.Cursor<T> | Partial<{ _mongo: any, _cursorDescription: any }> | undefined | null) => {\n  if (cursor !== null && cursor !== undefined && !(cursor instanceof Mongo.Cursor) &&\n      !(cursor._mongo && cursor._cursorDescription)) {\n    console.warn(\n      'Warning: useFind requires an instance of Mongo.Cursor. '\n      + 'Make sure you do NOT call .fetch() on your cursor.'\n    );\n  }\n}\n\n// Synchronous data fetch. It uses cursor observing instead of cursor.fetch() because synchronous fetch will be deprecated.\nconst fetchData = <T>(cursor: Mongo.Cursor<T>) => {\n  const data: T[] = []\n  const observer = cursor.observe({\n    addedAt (document, atIndex, before) {\n      data.splice(atIndex, 0, document)\n    },\n  })\n  observer.stop()\n  return data\n}\n\nconst useFindClient = <T = any>(factory: () => (Mongo.Cursor<T> | undefined | null), deps: DependencyList = []) => {\n  const cursor = useMemo(() => {\n    // To avoid creating side effects in render, opt out\n    // of Tracker integration altogether.\n    const cursor = Tracker.nonreactive(factory);\n    if (Meteor.isDevelopment) {\n      checkCursor(cursor)\n    }\n    return cursor\n  }, deps)\n\n  const [data, dispatch] = useReducer<Reducer<T[], useFindActions<T>>, null>(\n    useFindReducer,\n    null,\n    () => {\n      if (!(cursor instanceof Mongo.Cursor)) {\n        return []\n      }\n\n      return fetchData(cursor)\n    }\n  )\n\n  // Store information about mounting the component.\n  // It will be used to run code only if the component is updated.\n  const didMount = useRef(false)\n\n  useEffect(() => {\n    // Fetch intitial data if cursor was changed.\n    if (didMount.current) {\n      if (!(cursor instanceof Mongo.Cursor)) {\n        return\n      }\n\n      const data = fetchData(cursor)\n      dispatch({ type: 'refresh', data })\n    } else {\n      didMount.current = true\n    }\n\n    if (!(cursor instanceof Mongo.Cursor)) {\n      return\n    }\n\n    const observer = cursor.observe({\n      addedAt (document, atIndex, before) {\n        dispatch({ type: 'addedAt', document, atIndex })\n      },\n      changedAt (newDocument, oldDocument, atIndex) {\n        dispatch({ type: 'changedAt', document: newDocument, atIndex })\n      },\n      removedAt (oldDocument, atIndex) {\n        dispatch({ type: 'removedAt', atIndex })\n      },\n      movedTo (document, fromIndex, toIndex, before) {\n        dispatch({ type: 'movedTo', fromIndex, toIndex })\n      },\n      // @ts-ignore\n      _suppress_initial: true\n    })\n\n    return () => {\n      observer.stop()\n    }\n  }, [cursor])\n\n  return cursor ? data : cursor\n}\n\nconst useFindServer = <T = any>(factory: () => Mongo.Cursor<T> | undefined | null, deps: DependencyList) => (\n  Tracker.nonreactive(() => {\n    const cursor = factory()\n    if (Meteor.isDevelopment) checkCursor(cursor)\n    return cursor?.fetch?.() ?? null\n  })\n)\n\nexport const useFind = Meteor.isServer\n  ? useFindServer\n  : useFindClient\n\nfunction useFindDev <T = any>(factory: () => (Mongo.Cursor<T> | undefined | null), deps: DependencyList = []) {\n  function warn (expects: string, pos: string, arg: string, type: string) {\n    console.warn(\n      `Warning: useFind expected a ${expects} in it\\'s ${pos} argument `\n        + `(${arg}), but got type of \\`${type}\\`.`\n    );\n  }\n\n  if (typeof factory !== 'function') {\n    warn(\"function\", \"1st\", \"reactiveFn\", factory);\n  }\n\n  if (!deps || !Array.isArray(deps)) {\n    warn(\"array\", \"2nd\", \"deps\", typeof deps);\n  }\n\n  return useFind(factory, deps);\n}\n\nexport default Meteor.isDevelopment\n  ? useFindDev\n  : useFind;\n"]}}},"code":"module.export({\n  useFind: () => useFind\n});\nlet Meteor;\nmodule.link(\"meteor/meteor\", {\n  Meteor(v) {\n    Meteor = v;\n  }\n}, 0);\nlet Mongo;\nmodule.link(\"meteor/mongo\", {\n  Mongo(v) {\n    Mongo = v;\n  }\n}, 1);\nlet useReducer, useMemo, useEffect, useRef;\nmodule.link(\"react\", {\n  useReducer(v) {\n    useReducer = v;\n  },\n  useMemo(v) {\n    useMemo = v;\n  },\n  useEffect(v) {\n    useEffect = v;\n  },\n  useRef(v) {\n    useRef = v;\n  }\n}, 2);\nlet Tracker;\nmodule.link(\"meteor/tracker\", {\n  Tracker(v) {\n    Tracker = v;\n  }\n}, 3);\nconst useFindReducer = (data, action) => {\n  switch (action.type) {\n    case 'refresh':\n      return action.data;\n    case 'addedAt':\n      return [...data.slice(0, action.atIndex), action.document, ...data.slice(action.atIndex)];\n    case 'changedAt':\n      return [...data.slice(0, action.atIndex), action.document, ...data.slice(action.atIndex + 1)];\n    case 'removedAt':\n      return [...data.slice(0, action.atIndex), ...data.slice(action.atIndex + 1)];\n    case 'movedTo':\n      const doc = data[action.fromIndex];\n      const copy = [...data.slice(0, action.fromIndex), ...data.slice(action.fromIndex + 1)];\n      copy.splice(action.toIndex, 0, doc);\n      return copy;\n  }\n};\n// Check for valid Cursor or null.\n// On client, we should have a Mongo.Cursor (defined in\n// https://github.com/meteor/meteor/blob/devel/packages/minimongo/cursor.js and\n// https://github.com/meteor/meteor/blob/devel/packages/mongo/collection.js).\n// On server, however, we instead get a private Cursor type from\n// https://github.com/meteor/meteor/blob/devel/packages/mongo/mongo_driver.js\n// which has fields _mongo and _cursorDescription.\nconst checkCursor = cursor => {\n  if (cursor !== null && cursor !== undefined && !(cursor instanceof Mongo.Cursor) && !(cursor._mongo && cursor._cursorDescription)) {\n    console.warn('Warning: useFind requires an instance of Mongo.Cursor. ' + 'Make sure you do NOT call .fetch() on your cursor.');\n  }\n};\n// Synchronous data fetch. It uses cursor observing instead of cursor.fetch() because synchronous fetch will be deprecated.\nconst fetchData = cursor => {\n  const data = [];\n  const observer = cursor.observe({\n    addedAt(document, atIndex, before) {\n      data.splice(atIndex, 0, document);\n    }\n  });\n  observer.stop();\n  return data;\n};\nconst useFindClient = function (factory) {\n  let deps = arguments.length > 1 && arguments[1] !== undefined ? arguments[1] : [];\n  const cursor = useMemo(() => {\n    // To avoid creating side effects in render, opt out\n    // of Tracker integration altogether.\n    const cursor = Tracker.nonreactive(factory);\n    if (Meteor.isDevelopment) {\n      checkCursor(cursor);\n    }\n    return cursor;\n  }, deps);\n  const [data, dispatch] = useReducer(useFindReducer, null, () => {\n    if (!(cursor instanceof Mongo.Cursor)) {\n      return [];\n    }\n    return fetchData(cursor);\n  });\n  // Store information about mounting the component.\n  // It will be used to run code only if the component is updated.\n  const didMount = useRef(false);\n  useEffect(() => {\n    // Fetch intitial data if cursor was changed.\n    if (didMount.current) {\n      if (!(cursor instanceof Mongo.Cursor)) {\n        return;\n      }\n      const data = fetchData(cursor);\n      dispatch({\n        type: 'refresh',\n        data\n      });\n    } else {\n      didMount.current = true;\n    }\n    if (!(cursor instanceof Mongo.Cursor)) {\n      return;\n    }\n    const observer = cursor.observe({\n      addedAt(document, atIndex, before) {\n        dispatch({\n          type: 'addedAt',\n          document,\n          atIndex\n        });\n      },\n      changedAt(newDocument, oldDocument, atIndex) {\n        dispatch({\n          type: 'changedAt',\n          document: newDocument,\n          atIndex\n        });\n      },\n      removedAt(oldDocument, atIndex) {\n        dispatch({\n          type: 'removedAt',\n          atIndex\n        });\n      },\n      movedTo(document, fromIndex, toIndex, before) {\n        dispatch({\n          type: 'movedTo',\n          fromIndex,\n          toIndex\n        });\n      },\n      // @ts-ignore\n      _suppress_initial: true\n    });\n    return () => {\n      observer.stop();\n    };\n  }, [cursor]);\n  return cursor ? data : cursor;\n};\nconst useFindServer = (factory, deps) => Tracker.nonreactive(() => {\n  var _cursor$fetch, _cursor$fetch2;\n  const cursor = factory();\n  if (Meteor.isDevelopment) checkCursor(cursor);\n  return (_cursor$fetch = cursor === null || cursor === void 0 ? void 0 : (_cursor$fetch2 = cursor.fetch) === null || _cursor$fetch2 === void 0 ? void 0 : _cursor$fetch2.call(cursor)) !== null && _cursor$fetch !== void 0 ? _cursor$fetch : null;\n});\nconst useFind = Meteor.isServer ? useFindServer : useFindClient;\nfunction useFindDev(factory) {\n  let deps = arguments.length > 1 && arguments[1] !== undefined ? arguments[1] : [];\n  function warn(expects, pos, arg, type) {\n    console.warn(\"Warning: useFind expected a \".concat(expects, \" in it's \").concat(pos, \" argument \") + \"(\".concat(arg, \"), but got type of `\").concat(type, \"`.\"));\n  }\n  if (typeof factory !== 'function') {\n    warn(\"function\", \"1st\", \"reactiveFn\", factory);\n  }\n  if (!deps || !Array.isArray(deps)) {\n    warn(\"array\", \"2nd\", \"deps\", typeof deps);\n  }\n  return useFind(factory, deps);\n}\nmodule.exportDefault(Meteor.isDevelopment ? useFindDev : useFind);","map":{"version":3,"names":["module","export","useFind","Meteor","link","v","Mongo","useReducer","useMemo","useEffect","useRef","Tracker","useFindReducer","data","action","type","slice","atIndex","document","doc","fromIndex","copy","splice","toIndex","checkCursor","cursor","undefined","Cursor","_mongo","_cursorDescription","console","warn","fetchData","observer","observe","addedAt","before","stop","useFindClient","factory","deps","arguments","length","nonreactive","isDevelopment","dispatch","didMount","current","changedAt","newDocument","oldDocument","removedAt","movedTo","_suppress_initial","useFindServer","_cursor$fetch","_cursor$fetch2","fetch","call","isServer","useFindDev","expects","pos","arg","concat","Array","isArray","exportDefault"],"sources":["packages/react-meteor-data/useFind.ts"],"sourcesContent":["import { Meteor } from 'meteor/meteor'\nimport { Mongo } from 'meteor/mongo'\nimport { useReducer, useMemo, useEffect, Reducer, DependencyList, useRef } from 'react'\nimport { Tracker } from 'meteor/tracker'\n\ntype useFindActions<T> =\n  | { type: 'refresh', data: T[] }\n  | { type: 'addedAt', document: T, atIndex: number }\n  | { type: 'changedAt', document: T, atIndex: number }\n  | { type: 'removedAt', atIndex: number }\n  | { type: 'movedTo', fromIndex: number, toIndex: number }\n\nconst useFindReducer = <T>(data: T[], action: useFindActions<T>): T[] => {\n  switch (action.type) {\n    case 'refresh':\n      return action.data\n    case 'addedAt':\n      return [\n        ...data.slice(0, action.atIndex),\n        action.document,\n        ...data.slice(action.atIndex)\n      ]\n    case 'changedAt':\n      return [\n        ...data.slice(0, action.atIndex),\n        action.document,\n        ...data.slice(action.atIndex + 1)\n      ]\n    case 'removedAt':\n      return [\n        ...data.slice(0, action.atIndex),\n        ...data.slice(action.atIndex + 1)\n      ]\n    case 'movedTo':\n      const doc = data[action.fromIndex]\n      const copy = [\n        ...data.slice(0, action.fromIndex),\n        ...data.slice(action.fromIndex + 1)\n      ]\n      copy.splice(action.toIndex, 0, doc)\n      return copy\n  }\n}\n\n// Check for valid Cursor or null.\n// On client, we should have a Mongo.Cursor (defined in\n// https://github.com/meteor/meteor/blob/devel/packages/minimongo/cursor.js and\n// https://github.com/meteor/meteor/blob/devel/packages/mongo/collection.js).\n// On server, however, we instead get a private Cursor type from\n// https://github.com/meteor/meteor/blob/devel/packages/mongo/mongo_driver.js\n// which has fields _mongo and _cursorDescription.\nconst checkCursor = <T>(cursor: Mongo.Cursor<T> | Partial<{ _mongo: any, _cursorDescription: any }> | undefined | null) => {\n  if (cursor !== null && cursor !== undefined && !(cursor instanceof Mongo.Cursor) &&\n      !(cursor._mongo && cursor._cursorDescription)) {\n    console.warn(\n      'Warning: useFind requires an instance of Mongo.Cursor. '\n      + 'Make sure you do NOT call .fetch() on your cursor.'\n    );\n  }\n}\n\n// Synchronous data fetch. It uses cursor observing instead of cursor.fetch() because synchronous fetch will be deprecated.\nconst fetchData = <T>(cursor: Mongo.Cursor<T>) => {\n  const data: T[] = []\n  const observer = cursor.observe({\n    addedAt (document, atIndex, before) {\n      data.splice(atIndex, 0, document)\n    },\n  })\n  observer.stop()\n  return data\n}\n\nconst useFindClient = <T = any>(factory: () => (Mongo.Cursor<T> | undefined | null), deps: DependencyList = []) => {\n  const cursor = useMemo(() => {\n    // To avoid creating side effects in render, opt out\n    // of Tracker integration altogether.\n    const cursor = Tracker.nonreactive(factory);\n    if (Meteor.isDevelopment) {\n      checkCursor(cursor)\n    }\n    return cursor\n  }, deps)\n\n  const [data, dispatch] = useReducer<Reducer<T[], useFindActions<T>>, null>(\n    useFindReducer,\n    null,\n    () => {\n      if (!(cursor instanceof Mongo.Cursor)) {\n        return []\n      }\n\n      return fetchData(cursor)\n    }\n  )\n\n  // Store information about mounting the component.\n  // It will be used to run code only if the component is updated.\n  const didMount = useRef(false)\n\n  useEffect(() => {\n    // Fetch intitial data if cursor was changed.\n    if (didMount.current) {\n      if (!(cursor instanceof Mongo.Cursor)) {\n        return\n      }\n\n      const data = fetchData(cursor)\n      dispatch({ type: 'refresh', data })\n    } else {\n      didMount.current = true\n    }\n\n    if (!(cursor instanceof Mongo.Cursor)) {\n      return\n    }\n\n    const observer = cursor.observe({\n      addedAt (document, atIndex, before) {\n        dispatch({ type: 'addedAt', document, atIndex })\n      },\n      changedAt (newDocument, oldDocument, atIndex) {\n        dispatch({ type: 'changedAt', document: newDocument, atIndex })\n      },\n      removedAt (oldDocument, atIndex) {\n        dispatch({ type: 'removedAt', atIndex })\n      },\n      movedTo (document, fromIndex, toIndex, before) {\n        dispatch({ type: 'movedTo', fromIndex, toIndex })\n      },\n      // @ts-ignore\n      _suppress_initial: true\n    })\n\n    return () => {\n      observer.stop()\n    }\n  }, [cursor])\n\n  return cursor ? data : cursor\n}\n\nconst useFindServer = <T = any>(factory: () => Mongo.Cursor<T> | undefined | null, deps: DependencyList) => (\n  Tracker.nonreactive(() => {\n    const cursor = factory()\n    if (Meteor.isDevelopment) checkCursor(cursor)\n    return cursor?.fetch?.() ?? null\n  })\n)\n\nexport const useFind = Meteor.isServer\n  ? useFindServer\n  : useFindClient\n\nfunction useFindDev <T = any>(factory: () => (Mongo.Cursor<T> | undefined | null), deps: DependencyList = []) {\n  function warn (expects: string, pos: string, arg: string, type: string) {\n    console.warn(\n      `Warning: useFind expected a ${expects} in it\\'s ${pos} argument `\n        + `(${arg}), but got type of \\`${type}\\`.`\n    );\n  }\n\n  if (typeof factory !== 'function') {\n    warn(\"function\", \"1st\", \"reactiveFn\", factory);\n  }\n\n  if (!deps || !Array.isArray(deps)) {\n    warn(\"array\", \"2nd\", \"deps\", typeof deps);\n  }\n\n  return useFind(factory, deps);\n}\n\nexport default Meteor.isDevelopment\n  ? useFindDev\n  : useFind;\n"],"mappings":"AAAAA,MAAA,CAAOC,MAAE;EAAMC,OAAE,EAAMA,CAAA,KAAAA;AAAA;AAAA,IAAeC,MAAA;AAAAH,MAAA,CAAAI,IAAA;EAAAD,OAAAE,CAAA;IAAAF,MAAA,GAAAE,CAAA;EAAA;AAAA;AAAA,IAAAC,KAAA;AAAAN,MAAA,CAAAI,IAAA;EAAAE,MAAAD,CAAA;IAAAC,KAAA,GAAAD,CAAA;EAAA;AAAA;AAAA,IAAAE,UAAA,EAAAC,OAAA,EAAAC,SAAA,EAAAC,MAAA;AAAAV,MAAA,CAAAI,IAAA;EAAAG,WAAAF,CAAA;IAAAE,UAAA,GAAAF,CAAA;EAAA;EAAAG,QAAAH,CAAA;IAAAG,OAAA,GAAAH,CAAA;EAAA;EAAAI,UAAAJ,CAAA;IAAAI,SAAA,GAAAJ,CAAA;EAAA;EAAAK,OAAAL,CAAA;IAAAK,MAAA,GAAAL,CAAA;EAAA;AAAA;AAAA,IAAAM,OAAA;AAAAX,MAAA,CAAAI,IAAA;EAAAO,QAAAN,CAAA;IAAAM,OAAA,GAAAN,CAAA;EAAA;AAAA;AAYtC,MAAMO,cAAc,GAAGA,CAAIC,IAAS,EAAEC,MAAyB,KAAS;EACtE,QAAQA,MAAM,CAACC,IAAI;IACjB,KAAK,SAAS;MACZ,OAAOD,MAAM,CAACD,IAAI;IACpB,KAAK,SAAS;MACZ,OAAO,CACL,GAAGA,IAAI,CAACG,KAAK,CAAC,CAAC,EAAEF,MAAM,CAACG,OAAO,CAAC,EAChCH,MAAM,CAACI,QAAQ,EACf,GAAGL,IAAI,CAACG,KAAK,CAACF,MAAM,CAACG,OAAO,CAAC,CAC9B;IACH,KAAK,WAAW;MACd,OAAO,CACL,GAAGJ,IAAI,CAACG,KAAK,CAAC,CAAC,EAAEF,MAAM,CAACG,OAAO,CAAC,EAChCH,MAAM,CAACI,QAAQ,EACf,GAAGL,IAAI,CAACG,KAAK,CAACF,MAAM,CAACG,OAAO,GAAG,CAAC,CAAC,CAClC;IACH,KAAK,WAAW;MACd,OAAO,CACL,GAAGJ,IAAI,CAACG,KAAK,CAAC,CAAC,EAAEF,MAAM,CAACG,OAAO,CAAC,EAChC,GAAGJ,IAAI,CAACG,KAAK,CAACF,MAAM,CAACG,OAAO,GAAG,CAAC,CAAC,CAClC;IACH,KAAK,SAAS;MACZ,MAAME,GAAG,GAAGN,IAAI,CAACC,MAAM,CAACM,SAAS,CAAC;MAClC,MAAMC,IAAI,GAAG,CACX,GAAGR,IAAI,CAACG,KAAK,CAAC,CAAC,EAAEF,MAAM,CAACM,SAAS,CAAC,EAClC,GAAGP,IAAI,CAACG,KAAK,CAACF,MAAM,CAACM,SAAS,GAAG,CAAC,CAAC,CACpC;MACDC,IAAI,CAACC,MAAM,CAACR,MAAM,CAACS,OAAO,EAAE,CAAC,EAAEJ,GAAG,CAAC;MACnC,OAAOE,IAAI;;AAEjB,CAAC;AAED;AACA;AACA;AACA;AACA;AACA;AACA;AACA,MAAMG,WAAW,GAAOC,MAA8F,IAAI;EACxH,IAAIA,MAAM,KAAK,IAAI,IAAIA,MAAM,KAAKC,SAAS,IAAI,EAAED,MAAM,YAAYnB,KAAK,CAACqB,MAAM,CAAC,IAC5E,EAAEF,MAAM,CAACG,MAAM,IAAIH,MAAM,CAACI,kBAAkB,CAAC,EAAE;IACjDC,OAAO,CAACC,IAAI,CACV,yDAAyD,GACvD,oDAAoD,CACvD;;AAEL,CAAC;AAED;AACA,MAAMC,SAAS,GAAOP,MAAuB,IAAI;EAC/C,MAAMZ,IAAI,GAAQ,EAAE;EACpB,MAAMoB,QAAQ,GAAGR,MAAM,CAACS,OAAO,CAAC;IAC9BC,OAAOA,CAAEjB,QAAQ,EAAED,OAAO,EAAEmB,MAAM;MAChCvB,IAAI,CAACS,MAAM,CAACL,OAAO,EAAE,CAAC,EAAEC,QAAQ,CAAC;IACnC;GACD,CAAC;EACFe,QAAQ,CAACI,IAAI,EAAE;EACf,OAAOxB,IAAI;AACb,CAAC;AAED,MAAMyB,aAAa,GAAG,SAAAA,CAAUC,OAAmD,EAA+B;EAAA,IAA7BC,IAAA,GAAAC,SAAA,CAAAC,MAAA,QAAAD,SAAA,QAAAf,SAAA,GAAAe,SAAA,MAAuB,EAAE;EAC5G,MAAMhB,MAAM,GAAGjB,OAAO,CAAC,MAAK;IAC1B;IACA;IACA,MAAMiB,MAAM,GAAGd,OAAO,CAACgC,WAAW,CAACJ,OAAO,CAAC;IAC3C,IAAIpC,MAAM,CAACyC,aAAa,EAAE;MACxBpB,WAAW,CAACC,MAAM,CAAC;;IAErB,OAAOA,MAAM;EACf,CAAC,EAAEe,IAAI,CAAC;EAER,MAAM,CAAC3B,IAAI,EAAEgC,QAAQ,CAAC,GAAGtC,UAAU,CACjCK,cAAc,EACd,IAAI,EACJ,MAAK;IACH,IAAI,EAAEa,MAAM,YAAYnB,KAAK,CAACqB,MAAM,CAAC,EAAE;MACrC,OAAO,EAAE;;IAGX,OAAOK,SAAS,CAACP,MAAM,CAAC;EAC1B,CAAC,CACF;EAED;EACA;EACA,MAAMqB,QAAQ,GAAGpC,MAAM,CAAC,KAAK,CAAC;EAE9BD,SAAS,CAAC,MAAK;IACb;IACA,IAAIqC,QAAQ,CAACC,OAAO,EAAE;MACpB,IAAI,EAAEtB,MAAM,YAAYnB,KAAK,CAACqB,MAAM,CAAC,EAAE;QACrC;;MAGF,MAAMd,IAAI,GAAGmB,SAAS,CAACP,MAAM,CAAC;MAC9BoB,QAAQ,CAAC;QAAE9B,IAAI,EAAE,SAAS;QAAEF;MAAI,CAAE,CAAC;KACpC,MAAM;MACLiC,QAAQ,CAACC,OAAO,GAAG,IAAI;;IAGzB,IAAI,EAAEtB,MAAM,YAAYnB,KAAK,CAACqB,MAAM,CAAC,EAAE;MACrC;;IAGF,MAAMM,QAAQ,GAAGR,MAAM,CAACS,OAAO,CAAC;MAC9BC,OAAOA,CAAEjB,QAAQ,EAAED,OAAO,EAAEmB,MAAM;QAChCS,QAAQ,CAAC;UAAE9B,IAAI,EAAE,SAAS;UAAEG,QAAQ;UAAED;QAAO,CAAE,CAAC;MAClD,CAAC;MACD+B,SAASA,CAAEC,WAAW,EAAEC,WAAW,EAAEjC,OAAO;QAC1C4B,QAAQ,CAAC;UAAE9B,IAAI,EAAE,WAAW;UAAEG,QAAQ,EAAE+B,WAAW;UAAEhC;QAAO,CAAE,CAAC;MACjE,CAAC;MACDkC,SAASA,CAAED,WAAW,EAAEjC,OAAO;QAC7B4B,QAAQ,CAAC;UAAE9B,IAAI,EAAE,WAAW;UAAEE;QAAO,CAAE,CAAC;MAC1C,CAAC;MACDmC,OAAOA,CAAElC,QAAQ,EAAEE,SAAS,EAAEG,OAAO,EAAEa,MAAM;QAC3CS,QAAQ,CAAC;UAAE9B,IAAI,EAAE,SAAS;UAAEK,SAAS;UAAEG;QAAO,CAAE,CAAC;MACnD,CAAC;MACD;MACA8B,iBAAiB,EAAE;KACpB,CAAC;IAEF,OAAO,MAAK;MACVpB,QAAQ,CAACI,IAAI,EAAE;IACjB,CAAC;EACH,CAAC,EAAE,CAACZ,MAAM,CAAC,CAAC;EAEZ,OAAOA,MAAM,GAAGZ,IAAI,GAAGY,MAAM;AAC/B,CAAC;AAED,MAAM6B,aAAa,GAAGA,CAAUf,OAAiD,EAAEC,IAAoB,KACrG7B,OAAO,CAACgC,WAAW,CAAC,MAAK;EAAA,IAAAY,aAAA,EAAAC,cAAA;EACvB,MAAM/B,MAAM,GAAGc,OAAO,EAAE;EACxB,IAAIpC,MAAM,CAACyC,aAAa,EAAEpB,WAAW,CAACC,MAAM,CAAC;EAC7C,QAAA8B,aAAA,GAAO9B,MAAM,aAANA,MAAM,wBAAA+B,cAAA,GAAN/B,MAAM,CAAEgC,KAAK,cAAAD,cAAA,uBAAbA,cAAA,CAAAE,IAAA,CAAAjC,MAAe,CAAE,cAAA8B,aAAA,cAAAA,aAAA,GAAI,IAAI;AAClC,CAAC,CACF;AAEM,MAAMrD,OAAO,GAAGC,MAAM,CAACwD,QAAQ,GAClCL,aAAa,GACbhB,aAAa;AAEjB,SAASsB,UAAUA,CAAWrB,OAAmD,EAA2B;EAAA,IAAzBC,IAAA,GAAAC,SAAA,CAAAC,MAAA,QAAAD,SAAA,QAAAf,SAAA,GAAAe,SAAA,MAAuB,EAAE;EAC1G,SAASV,IAAIA,CAAE8B,OAAe,EAAEC,GAAW,EAAEC,GAAW,EAAEhD,IAAY;IACpEe,OAAO,CAACC,IAAI,CACV,+BAAAiC,MAAA,CAA+BH,OAAO,eAAAG,MAAA,CAAaF,GAAG,sBAAAE,MAAA,CAC9CD,GAAG,0BAAAC,MAAA,CAAwBjD,IAAI,OAAK,CAC7C;EACH;EAEA,IAAI,OAAOwB,OAAO,KAAK,UAAU,EAAE;IACjCR,IAAI,CAAC,UAAU,EAAE,KAAK,EAAE,YAAY,EAAEQ,OAAO,CAAC;;EAGhD,IAAI,CAACC,IAAI,IAAI,CAACyB,KAAK,CAACC,OAAO,CAAC1B,IAAI,CAAC,EAAE;IACjCT,IAAI,CAAC,OAAO,EAAE,KAAK,EAAE,MAAM,EAAE,OAAOS,IAAI,CAAC;;EAG3C,OAAOtC,OAAO,CAACqC,OAAO,EAAEC,IAAI,CAAC;AAC/B;AA3KAxC,MAAA,CAAOmE,aAAU,CA6KFhE,MAAM,CAACyC,aAAa,GAC/BgB,UAAU,GACV1D,OA/KmB"},"sourceType":"module","externalDependencies":{},"hash":"2aadf20f9aa79fb2c9244280aca6661ba1aa92ed"}
