{"metadata":{},"options":{"assumptions":{},"compact":false,"sourceMaps":true,"ast":true,"babelrc":false,"configFile":false,"parserOpts":{"sourceType":"module","sourceFileName":"D:\\loan_app\\loan-management\\packages\\react-meteor-data\\withTracker.tsx","plugins":["*","flow","jsx","asyncGenerators","bigInt","classPrivateMethods","classPrivateProperties","classProperties","doExpressions","dynamicImport","exportDefaultFrom","exportExtensions","exportNamespaceFrom","functionBind","functionSent","importMeta","nullishCoalescingOperator","numericSeparator","objectRestSpread","optionalCatchBinding","optionalChaining",["pipelineOperator",{"proposal":"minimal"}],"throwExpressions","classProperties","classPrivateProperties","jsx","nullishCoalescingOperator","nullishCoalescingOperator","optionalChaining","optionalChaining","optionalCatchBinding","optionalCatchBinding","classProperties","classPrivateProperties","classPrivateMethods","classProperties","classPrivateProperties","asyncGenerators","asyncGenerators","objectRestSpread","objectRestSpread","logicalAssignment"],"allowImportExportEverywhere":true,"allowReturnOutsideFunction":true,"allowUndeclaredExports":true,"strictMode":false},"caller":{"name":"meteor","arch":"web.browser.legacy"},"sourceFileName":"packages/react-meteor-data/withTracker.tsx","filename":"D:\\loan_app\\loan-management\\packages\\react-meteor-data\\withTracker.tsx","inputSourceMap":{"version":3,"file":"packages/react-meteor-data/withTracker.tsx","sourceRoot":"","sources":["packages/react-meteor-data/withTracker.tsx"],"names":[],"mappings":"AAAA,OAAO,KAAK,EAAE,EAAE,UAAU,EAAE,IAAI,EAAE,MAAM,OAAO,CAAC;AAChD,OAAO,EAAE,UAAU,EAAE,MAAM,cAAc,CAAC;AAS1C,MAAM,CAAC,MAAM,WAAW,GAAG,CAAC,OAAqC,EAAE,EAAE;IACnE,OAAO,CAAC,SAA8B,EAAE,EAAE;QACxC,MAAM,aAAa,GAAG,OAAO,OAAO,KAAK,UAAU;YACjD,CAAC,CAAC,OAAO;YACT,CAAC,CAAC,OAAO,CAAC,aAAa,CAAC;QAE1B,MAAM,WAAW,GAAG,UAAU,CAAC,CAAC,KAAK,EAAE,GAAG,EAAE,EAAE;YAC5C,MAAM,IAAI,GAAG,UAAU,CACrB,GAAG,EAAE,CAAC,aAAa,CAAC,KAAK,CAAC,IAAI,EAAE,EAC/B,OAA2B,CAAC,UAAU,CACxC,CAAC;YACF,OAAO,CACL,CAAC,SAAS,CAAC,GAAG,CAAC,CAAC,GAAG,CAAC,CAAC,IAAI,KAAK,CAAC,CAAC,IAAI,IAAI,CAAC,EAAG,CAC7C,CAAC;QACJ,CAAC,CAAC,CAAC;QAEH,MAAM,EAAE,IAAI,GAAG,IAAI,EAAE,GAAG,OAA0B,CAAC;QACnD,OAAO,IAAI,CAAC,CAAC,CAAC,IAAI,CAAC,WAAW,CAAC,CAAC,CAAC,CAAC,WAAW,CAAC;IAChD,CAAC,CAAC;AACJ,CAAC,CAAA","sourcesContent":["import React, { forwardRef, memo } from 'react';\nimport { useTracker } from './useTracker';\n\ntype ReactiveFn = (props: object) => any;\ntype ReactiveOptions = {\n  getMeteorData: ReactiveFn;\n  pure?: boolean;\n  skipUpdate?: (prev: any, next: any) => boolean;\n}\n\nexport const withTracker = (options: ReactiveFn | ReactiveOptions) => {\n  return (Component: React.ComponentType) => {\n    const getMeteorData = typeof options === 'function'\n      ? options\n      : options.getMeteorData;\n\n    const WithTracker = forwardRef((props, ref) => {\n      const data = useTracker(\n        () => getMeteorData(props) || {},\n        (options as ReactiveOptions).skipUpdate\n      );\n      return (\n        <Component ref={ref} {...props} {...data} />\n      );\n    });\n\n    const { pure = true } = options as ReactiveOptions;\n    return pure ? memo(WithTracker) : WithTracker;\n  };\n}\n"]},"targets":{},"cloneInputAst":true,"browserslistConfigFile":false,"passPerPreset":false,"envName":"development","cwd":"D:\\loan_app\\loan-management","root":"D:\\loan_app\\loan-management","rootMode":"root","plugins":[{"key":"base$0","visitor":{"_exploded":true,"_verified":true},"options":{},"externalDependencies":[]},{"key":"base$0$0","visitor":{"Program":{"enter":[null],"exit":[null]},"_exploded":true,"_verified":true},"options":{"avoidModernSyntax":true,"enforceStrictMode":false,"dynamicImport":true},"externalDependencies":[]},{"key":"transform-runtime","visitor":{"MemberExpression":{"enter":[null]},"ObjectPattern":{"enter":[null]},"BinaryExpression":{"enter":[null]},"Identifier":{"enter":[null]},"JSXIdentifier":{"enter":[null]},"_exploded":true,"_verified":true},"options":{"version":"7.17.2","helpers":true,"useESModules":false,"corejs":false},"externalDependencies":[]},{"key":"proposal-class-properties","visitor":{"ExportDefaultDeclaration":{"enter":[null]},"_exploded":true,"_verified":true,"ClassExpression":{"enter":[null]},"ClassDeclaration":{"enter":[null]}},"options":{"loose":true},"externalDependencies":[]},{"key":"base$0$3","visitor":{"FunctionExpression":{"exit":[null]},"_exploded":true,"_verified":true},"options":{},"externalDependencies":[]},{"key":"base$0$4","visitor":{"ForInStatement":{"enter":[null]},"_exploded":true,"_verified":true},"options":{},"externalDependencies":[]},{"key":"transform-react-jsx","visitor":{"JSXNamespacedName":{"enter":[null]},"JSXSpreadChild":{"enter":[null]},"Program":{"enter":[null]},"JSXFragment":{"exit":[null]},"JSXElement":{"exit":[null]},"JSXAttribute":{"enter":[null]},"_exploded":true,"_verified":true},"options":{"pragma":"React.createElement","pragmaFrag":"React.Fragment","runtime":"classic","throwIfNamespace":true,"useBuiltIns":false},"externalDependencies":[]},{"key":"transform-react-display-name","visitor":{"ExportDefaultDeclaration":{"enter":[null]},"CallExpression":{"enter":[null]},"_exploded":true,"_verified":true},"options":{},"externalDependencies":[]},{"key":"transform-react-pure-annotations","visitor":{"CallExpression":{"enter":[null]},"_exploded":true,"_verified":true},"options":{},"externalDependencies":[]},{"key":"syntax-nullish-coalescing-operator","visitor":{"_exploded":true,"_verified":true},"options":{},"externalDependencies":[]},{"key":"proposal-nullish-coalescing-operator","visitor":{"LogicalExpression":{"enter":[null]},"_exploded":true,"_verified":true},"options":{},"externalDependencies":[]},{"key":"syntax-optional-chaining","visitor":{"_exploded":true,"_verified":true},"options":{},"externalDependencies":[]},{"key":"proposal-optional-chaining","visitor":{"OptionalCallExpression":{"enter":[null]},"OptionalMemberExpression":{"enter":[null]},"_exploded":true,"_verified":true},"options":{},"externalDependencies":[]},{"key":"syntax-optional-catch-binding","visitor":{"_exploded":true,"_verified":true},"options":{},"externalDependencies":[]},{"key":"proposal-optional-catch-binding","visitor":{"CatchClause":{"enter":[null]},"_exploded":true,"_verified":true},"options":{},"externalDependencies":[]},{"key":"syntax-class-properties","visitor":{"_exploded":true,"_verified":true},"options":{},"externalDependencies":[]},{"key":"proposal-class-properties","visitor":{"ExportDefaultDeclaration":{"enter":[null]},"_exploded":true,"_verified":true,"ClassExpression":{"enter":[null]},"ClassDeclaration":{"enter":[null]}},"options":{},"externalDependencies":[]},{"key":"syntax-async-generators","visitor":{"_exploded":true,"_verified":true},"options":{},"externalDependencies":[]},{"key":"proposal-async-generator-functions","visitor":{"Program":{"enter":[null]},"_exploded":true,"_verified":true},"options":{},"externalDependencies":[]},{"key":"syntax-object-rest-spread","visitor":{"_exploded":true,"_verified":true},"options":{},"externalDependencies":[]},{"key":"proposal-object-rest-spread","visitor":{"VariableDeclarator":{"enter":[null]},"ExportNamedDeclaration":{"enter":[null]},"CatchClause":{"enter":[null]},"AssignmentExpression":{"enter":[null]},"ArrayPattern":{"enter":[null]},"ObjectExpression":{"enter":[null]},"FunctionDeclaration":{"enter":[null]},"FunctionExpression":{"enter":[null]},"ObjectMethod":{"enter":[null]},"ArrowFunctionExpression":{"enter":[null]},"ClassMethod":{"enter":[null]},"ClassPrivateMethod":{"enter":[null]},"ForInStatement":{"enter":[null]},"ForOfStatement":{"enter":[null]},"_exploded":true,"_verified":true},"options":{},"externalDependencies":[]},{"key":"proposal-logical-assignment-operators","visitor":{"AssignmentExpression":{"enter":[null]},"_exploded":true,"_verified":true},"options":{},"externalDependencies":[]},{"key":"transform-arrow-functions","visitor":{"ArrowFunctionExpression":{"enter":[null]},"_exploded":true,"_verified":true},"options":{},"externalDependencies":[]},{"key":"transform-block-scoped-functions","visitor":{"BlockStatement":{"enter":[null]},"SwitchCase":{"enter":[null]},"_exploded":true,"_verified":true},"options":{},"externalDependencies":[]},{"key":"transform-block-scoping","visitor":{"VariableDeclaration":{"enter":[null,null]},"BlockStatement":{"enter":[null]},"SwitchCase":{"enter":[null]},"ClassDeclaration":{"enter":[null]},"DoWhileStatement":{"enter":[null]},"ForInStatement":{"enter":[null]},"ForStatement":{"enter":[null]},"WhileStatement":{"enter":[null]},"ForOfStatement":{"enter":[null]},"_exploded":true,"_verified":true},"options":{},"externalDependencies":[]},{"key":"transform-classes","visitor":{"ExportDefaultDeclaration":{"enter":[null]},"ClassDeclaration":{"enter":[null]},"ClassExpression":{"enter":[null]},"_exploded":true,"_verified":true},"options":{"loose":true},"externalDependencies":[]},{"key":"transform-computed-properties","visitor":{"ObjectExpression":{"exit":[null]},"_exploded":true,"_verified":true},"options":{"loose":true},"externalDependencies":[]},{"key":"transform-destructuring","visitor":{"ExportNamedDeclaration":{"enter":[null]},"CatchClause":{"enter":[null]},"AssignmentExpression":{"enter":[null]},"VariableDeclaration":{"enter":[null]},"_exploded":true,"_verified":true,"ForInStatement":{"enter":[null]},"ForOfStatement":{"enter":[null]}},"options":{},"externalDependencies":[]},{"key":"transform-for-of","visitor":{"ForOfStatement":{"enter":[null]},"_exploded":true,"_verified":true},"options":{"loose":true},"externalDependencies":[]},{"key":"transform-literals","visitor":{"NumericLiteral":{"enter":[null]},"StringLiteral":{"enter":[null]},"_exploded":true,"_verified":true},"options":{},"externalDependencies":[]},{"key":"transform-object-super","visitor":{"ObjectExpression":{"enter":[null]},"_exploded":true,"_verified":true,"DoWhileStatement":{"exit":[null]},"ForInStatement":{"exit":[null]},"ForStatement":{"exit":[null]},"WhileStatement":{"exit":[null]},"ForOfStatement":{"exit":[null]}},"options":{},"externalDependencies":[]},{"key":"transform-parameters","visitor":{"_exploded":true,"_verified":true,"FunctionDeclaration":{"enter":[null]},"FunctionExpression":{"enter":[null]},"ObjectMethod":{"enter":[null]},"ArrowFunctionExpression":{"enter":[null]},"ClassMethod":{"enter":[null]},"ClassPrivateMethod":{"enter":[null]}},"options":{},"externalDependencies":[]},{"key":"transform-shorthand-properties","visitor":{"ObjectMethod":{"enter":[null]},"ObjectProperty":{"enter":[null]},"_exploded":true,"_verified":true},"options":{},"externalDependencies":[]},{"key":"transform-spread","visitor":{"ArrayExpression":{"enter":[null]},"CallExpression":{"enter":[null]},"NewExpression":{"enter":[null]},"_exploded":true,"_verified":true},"options":{},"externalDependencies":[]},{"key":"transform-sticky-regex","visitor":{"RegExpLiteral":{"enter":[null]},"_exploded":true,"_verified":true},"options":{},"externalDependencies":[]},{"key":"transform-template-literals","visitor":{"TaggedTemplateExpression":{"enter":[null]},"TemplateLiteral":{"enter":[null]},"_exploded":true,"_verified":true},"options":{"loose":true},"externalDependencies":[]},{"key":"transform-typeof-symbol","visitor":{"UnaryExpression":{"enter":[null]},"_exploded":true,"_verified":true,"BlockStatement":{"enter":[null]},"CatchClause":{"enter":[null]},"DoWhileStatement":{"enter":[null]},"ForInStatement":{"enter":[null]},"ForStatement":{"enter":[null]},"FunctionDeclaration":{"enter":[null]},"FunctionExpression":{"enter":[null]},"Program":{"enter":[null]},"ObjectMethod":{"enter":[null]},"SwitchStatement":{"enter":[null]},"WhileStatement":{"enter":[null]},"ArrowFunctionExpression":{"enter":[null]},"ClassExpression":{"enter":[null]},"ClassDeclaration":{"enter":[null]},"ForOfStatement":{"enter":[null]},"ClassMethod":{"enter":[null]},"ClassPrivateMethod":{"enter":[null]},"StaticBlock":{"enter":[null]},"TSModuleBlock":{"enter":[null]},"AssignmentPattern":{"enter":[null]},"ArrayPattern":{"enter":[null]},"ObjectPattern":{"enter":[null]}},"options":{},"externalDependencies":[]},{"key":"transform-unicode-regex","visitor":{"RegExpLiteral":{"enter":[null]},"_exploded":true,"_verified":true},"options":{},"externalDependencies":[]},{"key":"transform-property-literals","visitor":{"ObjectProperty":{"exit":[null]},"_exploded":true,"_verified":true},"options":{},"externalDependencies":[]},{"key":"transform-exponentiation-operator","visitor":{"AssignmentExpression":{"enter":[null]},"BinaryExpression":{"enter":[null]},"_exploded":true,"_verified":true},"options":{},"externalDependencies":[]},{"key":"transform-regenerator","visitor":{"ObjectMethod":{"enter":[null],"exit":[null]},"ClassMethod":{"enter":[null],"exit":[null]},"ClassPrivateMethod":{"enter":[null],"exit":[null]},"FunctionDeclaration":{"exit":[null]},"FunctionExpression":{"exit":[null]},"ArrowFunctionExpression":{"exit":[null]},"MemberExpression":{"enter":[null]},"_exploded":true,"_verified":true},"options":{},"externalDependencies":[]}],"presets":[],"generatorOpts":{"filename":"D:\\loan_app\\loan-management\\packages\\react-meteor-data\\withTracker.tsx","comments":true,"compact":false,"sourceMaps":true,"sourceFileName":"packages/react-meteor-data/withTracker.tsx","inputSourceMap":{"version":3,"file":"packages/react-meteor-data/withTracker.tsx","sourceRoot":"","sources":["packages/react-meteor-data/withTracker.tsx"],"names":[],"mappings":"AAAA,OAAO,KAAK,EAAE,EAAE,UAAU,EAAE,IAAI,EAAE,MAAM,OAAO,CAAC;AAChD,OAAO,EAAE,UAAU,EAAE,MAAM,cAAc,CAAC;AAS1C,MAAM,CAAC,MAAM,WAAW,GAAG,CAAC,OAAqC,EAAE,EAAE;IACnE,OAAO,CAAC,SAA8B,EAAE,EAAE;QACxC,MAAM,aAAa,GAAG,OAAO,OAAO,KAAK,UAAU;YACjD,CAAC,CAAC,OAAO;YACT,CAAC,CAAC,OAAO,CAAC,aAAa,CAAC;QAE1B,MAAM,WAAW,GAAG,UAAU,CAAC,CAAC,KAAK,EAAE,GAAG,EAAE,EAAE;YAC5C,MAAM,IAAI,GAAG,UAAU,CACrB,GAAG,EAAE,CAAC,aAAa,CAAC,KAAK,CAAC,IAAI,EAAE,EAC/B,OAA2B,CAAC,UAAU,CACxC,CAAC;YACF,OAAO,CACL,CAAC,SAAS,CAAC,GAAG,CAAC,CAAC,GAAG,CAAC,CAAC,IAAI,KAAK,CAAC,CAAC,IAAI,IAAI,CAAC,EAAG,CAC7C,CAAC;QACJ,CAAC,CAAC,CAAC;QAEH,MAAM,EAAE,IAAI,GAAG,IAAI,EAAE,GAAG,OAA0B,CAAC;QACnD,OAAO,IAAI,CAAC,CAAC,CAAC,IAAI,CAAC,WAAW,CAAC,CAAC,CAAC,CAAC,WAAW,CAAC;IAChD,CAAC,CAAC;AACJ,CAAC,CAAA","sourcesContent":["import React, { forwardRef, memo } from 'react';\nimport { useTracker } from './useTracker';\n\ntype ReactiveFn = (props: object) => any;\ntype ReactiveOptions = {\n  getMeteorData: ReactiveFn;\n  pure?: boolean;\n  skipUpdate?: (prev: any, next: any) => boolean;\n}\n\nexport const withTracker = (options: ReactiveFn | ReactiveOptions) => {\n  return (Component: React.ComponentType) => {\n    const getMeteorData = typeof options === 'function'\n      ? options\n      : options.getMeteorData;\n\n    const WithTracker = forwardRef((props, ref) => {\n      const data = useTracker(\n        () => getMeteorData(props) || {},\n        (options as ReactiveOptions).skipUpdate\n      );\n      return (\n        <Component ref={ref} {...props} {...data} />\n      );\n    });\n\n    const { pure = true } = options as ReactiveOptions;\n    return pure ? memo(WithTracker) : WithTracker;\n  };\n}\n"]}}},"code":"var _extends;\nmodule.link(\"@babel/runtime/helpers/extends\", {\n  default: function (v) {\n    _extends = v;\n  }\n}, 0);\nmodule.export({\n  withTracker: function () {\n    return withTracker;\n  }\n});\nvar React, forwardRef, memo;\nmodule.link(\"react\", {\n  \"default\": function (v) {\n    React = v;\n  },\n  forwardRef: function (v) {\n    forwardRef = v;\n  },\n  memo: function (v) {\n    memo = v;\n  }\n}, 0);\nvar useTracker;\nmodule.link(\"./useTracker\", {\n  useTracker: function (v) {\n    useTracker = v;\n  }\n}, 1);\nvar withTracker = function (options) {\n  return function (Component) {\n    var getMeteorData = typeof options === 'function' ? options : options.getMeteorData;\n    var WithTracker = /*#__PURE__*/forwardRef(function (props, ref) {\n      var data = useTracker(function () {\n        return getMeteorData(props) || {};\n      }, options.skipUpdate);\n      return /*#__PURE__*/React.createElement(Component, _extends({\n        ref: ref\n      }, props, data));\n    });\n    var _options$pure = options.pure,\n      pure = _options$pure === void 0 ? true : _options$pure;\n    return pure ? /*#__PURE__*/memo(WithTracker) : WithTracker;\n  };\n};","map":{"version":3,"names":["_extends","module","link","default","v","export","withTracker","React","forwardRef","memo","useTracker","options","Component","getMeteorData","WithTracker","props","ref","data","skipUpdate","createElement","_options$pure","pure"],"sources":["packages/react-meteor-data/withTracker.tsx"],"sourcesContent":["import React, { forwardRef, memo } from 'react';\nimport { useTracker } from './useTracker';\n\ntype ReactiveFn = (props: object) => any;\ntype ReactiveOptions = {\n  getMeteorData: ReactiveFn;\n  pure?: boolean;\n  skipUpdate?: (prev: any, next: any) => boolean;\n}\n\nexport const withTracker = (options: ReactiveFn | ReactiveOptions) => {\n  return (Component: React.ComponentType) => {\n    const getMeteorData = typeof options === 'function'\n      ? options\n      : options.getMeteorData;\n\n    const WithTracker = forwardRef((props, ref) => {\n      const data = useTracker(\n        () => getMeteorData(props) || {},\n        (options as ReactiveOptions).skipUpdate\n      );\n      return (\n        <Component ref={ref} {...props} {...data} />\n      );\n    });\n\n    const { pure = true } = options as ReactiveOptions;\n    return pure ? memo(WithTracker) : WithTracker;\n  };\n}\n"],"mappings":"AAAA,IAAAA,QAAY;AAAAC,MAAI,CAAAC,IAAA,iCAAgC;EAAAC,OAAA,WAAAA,CAAAC,CAAA;IAAAJ,QAAA,GAAAI,CAAA;EAAA;AAAA;AAAhDH,MAAA,CAAOI,MAAK,CAAE;EAAAC,WAAY,WAAAA,CAAA,EAAQ;IAAA,OAAMA,WAAQ;EAAA;AAAA;AAAA,IAAAC,KAAA,EAAAC,UAAA,EAAAC,IAAA;AAAAR,MAAA,CAAAC,IAAA;EAAA,oBAAAC,CAAAC,CAAA;IAAAG,KAAA,GAAAH,CAAA;EAAA;EAAAI,UAAA,WAAAA,CAAAJ,CAAA;IAAAI,UAAA,GAAAJ,CAAA;EAAA;EAAAK,IAAA,WAAAA,CAAAL,CAAA;IAAAK,IAAA,GAAAL,CAAA;EAAA;AAAA;AAAA,IAAAM,UAAA;AAAAT,MAAA,CAAAC,IAAA;EAAAQ,UAAA,WAAAA,CAAAN,CAAA;IAAAM,UAAA,GAAAN,CAAA;EAAA;AAAA;AAUzC,IAAME,WAAW,GAAG,SAAAA,CAACK,OAAqC,EAAI;EACnE,OAAO,UAACC,SAA8B,EAAI;IACxC,IAAMC,aAAa,GAAG,OAAOF,OAAO,KAAK,UAAU,GAC/CA,OAAO,GACPA,OAAO,CAACE,aAAa;IAEzB,IAAMC,WAAW,gBAAGN,UAAU,CAAC,UAACO,KAAK,EAAEC,GAAG,EAAI;MAC5C,IAAMC,IAAI,GAAGP,UAAU,CACrB;QAAA,OAAMG,aAAa,CAACE,KAAK,CAAC,IAAI,EAAE;MAAA,GAC/BJ,OAA2B,CAACO,UAAU,CACxC;MACD,oBACEX,KAAA,CAAAY,aAAA,CAACP,SAAS,EAAAZ,QAAA;QAACgB,GAAG,EAAEA;MAAI,GAAKD,KAAK,EAAME,IAAI,CAAC,CAAG;IAEhD,CAAC,CAAC;IAEF,IAAAG,aAAA,GAAwBT,OAA0B,CAA1CU,IAAI;MAAJA,IAAI,GAAAD,aAAA,cAAG,IAAI,GAAAA,aAAA;IACnB,OAAOC,IAAI,gBAAGZ,IAAI,CAACK,WAAW,CAAC,GAAGA,WAAW;EAC/C,CAAC;AACH,CAAC"},"sourceType":"module","externalDependencies":{},"hash":"532f63ee5f9dd92d5af8c378b978e175d4ae4f63"}
