{"metadata":{},"options":{"assumptions":{},"compact":false,"sourceMaps":true,"ast":true,"babelrc":false,"configFile":false,"parserOpts":{"sourceType":"module","sourceFileName":"D:\\loan_app\\loan-management\\packages\\react-meteor-data\\withTracker.tsx","plugins":["*","flow","jsx","asyncGenerators","bigInt","classPrivateMethods","classPrivateProperties","classProperties","doExpressions","dynamicImport","exportDefaultFrom","exportExtensions","exportNamespaceFrom","functionBind","functionSent","importMeta","nullishCoalescingOperator","numericSeparator","objectRestSpread","optionalCatchBinding","optionalChaining",["pipelineOperator",{"proposal":"minimal"}],"throwExpressions","classProperties","classPrivateProperties","jsx","nullishCoalescingOperator","nullishCoalescingOperator","optionalChaining","optionalChaining","optionalCatchBinding","optionalCatchBinding","classProperties","classPrivateProperties","classPrivateMethods","classProperties","classPrivateProperties","asyncGenerators","asyncGenerators","objectRestSpread","objectRestSpread","logicalAssignment"],"allowImportExportEverywhere":true,"allowReturnOutsideFunction":true,"allowUndeclaredExports":true,"strictMode":false},"caller":{"name":"meteor","arch":"web.browser"},"sourceFileName":"packages/react-meteor-data/withTracker.tsx","filename":"D:\\loan_app\\loan-management\\packages\\react-meteor-data\\withTracker.tsx","inputSourceMap":{"version":3,"file":"packages/react-meteor-data/withTracker.tsx","sourceRoot":"","sources":["packages/react-meteor-data/withTracker.tsx"],"names":[],"mappings":"AAAA,OAAO,KAAK,EAAE,EAAE,UAAU,EAAE,IAAI,EAAE,MAAM,OAAO,CAAC;AAChD,OAAO,EAAE,UAAU,EAAE,MAAM,cAAc,CAAC;AAS1C,MAAM,CAAC,MAAM,WAAW,GAAG,CAAC,OAAqC,EAAE,EAAE;IACnE,OAAO,CAAC,SAA8B,EAAE,EAAE;QACxC,MAAM,aAAa,GAAG,OAAO,OAAO,KAAK,UAAU;YACjD,CAAC,CAAC,OAAO;YACT,CAAC,CAAC,OAAO,CAAC,aAAa,CAAC;QAE1B,MAAM,WAAW,GAAG,UAAU,CAAC,CAAC,KAAK,EAAE,GAAG,EAAE,EAAE;YAC5C,MAAM,IAAI,GAAG,UAAU,CACrB,GAAG,EAAE,CAAC,aAAa,CAAC,KAAK,CAAC,IAAI,EAAE,EAC/B,OAA2B,CAAC,UAAU,CACxC,CAAC;YACF,OAAO,CACL,CAAC,SAAS,CAAC,GAAG,CAAC,CAAC,GAAG,CAAC,CAAC,IAAI,KAAK,CAAC,CAAC,IAAI,IAAI,CAAC,EAAG,CAC7C,CAAC;QACJ,CAAC,CAAC,CAAC;QAEH,MAAM,EAAE,IAAI,GAAG,IAAI,EAAE,GAAG,OAA0B,CAAC;QACnD,OAAO,IAAI,CAAC,CAAC,CAAC,IAAI,CAAC,WAAW,CAAC,CAAC,CAAC,CAAC,WAAW,CAAC;IAChD,CAAC,CAAC;AACJ,CAAC,CAAA","sourcesContent":["import React, { forwardRef, memo } from 'react';\nimport { useTracker } from './useTracker';\n\ntype ReactiveFn = (props: object) => any;\ntype ReactiveOptions = {\n  getMeteorData: ReactiveFn;\n  pure?: boolean;\n  skipUpdate?: (prev: any, next: any) => boolean;\n}\n\nexport const withTracker = (options: ReactiveFn | ReactiveOptions) => {\n  return (Component: React.ComponentType) => {\n    const getMeteorData = typeof options === 'function'\n      ? options\n      : options.getMeteorData;\n\n    const WithTracker = forwardRef((props, ref) => {\n      const data = useTracker(\n        () => getMeteorData(props) || {},\n        (options as ReactiveOptions).skipUpdate\n      );\n      return (\n        <Component ref={ref} {...props} {...data} />\n      );\n    });\n\n    const { pure = true } = options as ReactiveOptions;\n    return pure ? memo(WithTracker) : WithTracker;\n  };\n}\n"]},"targets":{},"cloneInputAst":true,"browserslistConfigFile":false,"passPerPreset":false,"envName":"development","cwd":"D:\\loan_app\\loan-management","root":"D:\\loan_app\\loan-management","rootMode":"root","plugins":[{"key":"base$0","visitor":{"_exploded":true,"_verified":true},"options":{},"externalDependencies":[]},{"key":"base$0$0","visitor":{"Program":{"enter":[null],"exit":[null]},"_exploded":true,"_verified":true},"options":{"avoidModernSyntax":false,"enforceStrictMode":false,"dynamicImport":true,"generateLetDeclarations":true},"externalDependencies":[]},{"key":"transform-runtime","visitor":{"MemberExpression":{"enter":[null]},"ObjectPattern":{"enter":[null]},"BinaryExpression":{"enter":[null]},"Identifier":{"enter":[null]},"JSXIdentifier":{"enter":[null]},"_exploded":true,"_verified":true},"options":{"version":"7.17.2","helpers":true,"useESModules":false,"corejs":false},"externalDependencies":[]},{"key":"proposal-class-properties","visitor":{"ExportDefaultDeclaration":{"enter":[null]},"_exploded":true,"_verified":true,"ClassExpression":{"enter":[null]},"ClassDeclaration":{"enter":[null]}},"options":{"loose":true},"externalDependencies":[]},{"key":"transform-react-jsx","visitor":{"JSXNamespacedName":{"enter":[null]},"JSXSpreadChild":{"enter":[null]},"Program":{"enter":[null]},"JSXFragment":{"exit":[null]},"JSXElement":{"exit":[null]},"JSXAttribute":{"enter":[null]},"_exploded":true,"_verified":true},"options":{"pragma":"React.createElement","pragmaFrag":"React.Fragment","runtime":"classic","throwIfNamespace":true,"useBuiltIns":false},"externalDependencies":[]},{"key":"transform-react-display-name","visitor":{"ExportDefaultDeclaration":{"enter":[null]},"CallExpression":{"enter":[null]},"_exploded":true,"_verified":true},"options":{},"externalDependencies":[]},{"key":"transform-react-pure-annotations","visitor":{"CallExpression":{"enter":[null]},"_exploded":true,"_verified":true},"options":{},"externalDependencies":[]},{"key":"syntax-nullish-coalescing-operator","visitor":{"_exploded":true,"_verified":true},"options":{},"externalDependencies":[]},{"key":"proposal-nullish-coalescing-operator","visitor":{"LogicalExpression":{"enter":[null]},"_exploded":true,"_verified":true},"options":{},"externalDependencies":[]},{"key":"syntax-optional-chaining","visitor":{"_exploded":true,"_verified":true},"options":{},"externalDependencies":[]},{"key":"proposal-optional-chaining","visitor":{"OptionalCallExpression":{"enter":[null]},"OptionalMemberExpression":{"enter":[null]},"_exploded":true,"_verified":true},"options":{},"externalDependencies":[]},{"key":"syntax-optional-catch-binding","visitor":{"_exploded":true,"_verified":true},"options":{},"externalDependencies":[]},{"key":"proposal-optional-catch-binding","visitor":{"CatchClause":{"enter":[null]},"_exploded":true,"_verified":true},"options":{},"externalDependencies":[]},{"key":"syntax-class-properties","visitor":{"_exploded":true,"_verified":true},"options":{},"externalDependencies":[]},{"key":"proposal-class-properties","visitor":{"ExportDefaultDeclaration":{"enter":[null]},"_exploded":true,"_verified":true,"ClassExpression":{"enter":[null]},"ClassDeclaration":{"enter":[null]}},"options":{},"externalDependencies":[]},{"key":"syntax-async-generators","visitor":{"_exploded":true,"_verified":true},"options":{},"externalDependencies":[]},{"key":"proposal-async-generator-functions","visitor":{"Program":{"enter":[null]},"_exploded":true,"_verified":true},"options":{},"externalDependencies":[]},{"key":"syntax-object-rest-spread","visitor":{"_exploded":true,"_verified":true},"options":{},"externalDependencies":[]},{"key":"proposal-object-rest-spread","visitor":{"VariableDeclarator":{"enter":[null]},"ExportNamedDeclaration":{"enter":[null]},"CatchClause":{"enter":[null]},"AssignmentExpression":{"enter":[null]},"ArrayPattern":{"enter":[null]},"ObjectExpression":{"enter":[null]},"FunctionDeclaration":{"enter":[null]},"FunctionExpression":{"enter":[null]},"ObjectMethod":{"enter":[null]},"ArrowFunctionExpression":{"enter":[null]},"ClassMethod":{"enter":[null]},"ClassPrivateMethod":{"enter":[null]},"ForInStatement":{"enter":[null]},"ForOfStatement":{"enter":[null]},"_exploded":true,"_verified":true},"options":{},"externalDependencies":[]},{"key":"proposal-logical-assignment-operators","visitor":{"AssignmentExpression":{"enter":[null]},"_exploded":true,"_verified":true},"options":{},"externalDependencies":[]},{"key":"transform-literals","visitor":{"NumericLiteral":{"enter":[null]},"StringLiteral":{"enter":[null]},"_exploded":true,"_verified":true},"options":{},"externalDependencies":[]},{"key":"transform-template-literals","visitor":{"TaggedTemplateExpression":{"enter":[null]},"TemplateLiteral":{"enter":[null]},"_exploded":true,"_verified":true},"options":{},"externalDependencies":[]},{"key":"transform-parameters","visitor":{"_exploded":true,"_verified":true,"FunctionDeclaration":{"enter":[null]},"FunctionExpression":{"enter":[null]},"ObjectMethod":{"enter":[null]},"ArrowFunctionExpression":{"enter":[null]},"ClassMethod":{"enter":[null]},"ClassPrivateMethod":{"enter":[null]}},"options":{},"externalDependencies":[]},{"key":"transform-exponentiation-operator","visitor":{"AssignmentExpression":{"enter":[null]},"BinaryExpression":{"enter":[null]},"_exploded":true,"_verified":true},"options":{},"externalDependencies":[]}],"presets":[],"generatorOpts":{"filename":"D:\\loan_app\\loan-management\\packages\\react-meteor-data\\withTracker.tsx","comments":true,"compact":false,"sourceMaps":true,"sourceFileName":"packages/react-meteor-data/withTracker.tsx","inputSourceMap":{"version":3,"file":"packages/react-meteor-data/withTracker.tsx","sourceRoot":"","sources":["packages/react-meteor-data/withTracker.tsx"],"names":[],"mappings":"AAAA,OAAO,KAAK,EAAE,EAAE,UAAU,EAAE,IAAI,EAAE,MAAM,OAAO,CAAC;AAChD,OAAO,EAAE,UAAU,EAAE,MAAM,cAAc,CAAC;AAS1C,MAAM,CAAC,MAAM,WAAW,GAAG,CAAC,OAAqC,EAAE,EAAE;IACnE,OAAO,CAAC,SAA8B,EAAE,EAAE;QACxC,MAAM,aAAa,GAAG,OAAO,OAAO,KAAK,UAAU;YACjD,CAAC,CAAC,OAAO;YACT,CAAC,CAAC,OAAO,CAAC,aAAa,CAAC;QAE1B,MAAM,WAAW,GAAG,UAAU,CAAC,CAAC,KAAK,EAAE,GAAG,EAAE,EAAE;YAC5C,MAAM,IAAI,GAAG,UAAU,CACrB,GAAG,EAAE,CAAC,aAAa,CAAC,KAAK,CAAC,IAAI,EAAE,EAC/B,OAA2B,CAAC,UAAU,CACxC,CAAC;YACF,OAAO,CACL,CAAC,SAAS,CAAC,GAAG,CAAC,CAAC,GAAG,CAAC,CAAC,IAAI,KAAK,CAAC,CAAC,IAAI,IAAI,CAAC,EAAG,CAC7C,CAAC;QACJ,CAAC,CAAC,CAAC;QAEH,MAAM,EAAE,IAAI,GAAG,IAAI,EAAE,GAAG,OAA0B,CAAC;QACnD,OAAO,IAAI,CAAC,CAAC,CAAC,IAAI,CAAC,WAAW,CAAC,CAAC,CAAC,CAAC,WAAW,CAAC;IAChD,CAAC,CAAC;AACJ,CAAC,CAAA","sourcesContent":["import React, { forwardRef, memo } from 'react';\nimport { useTracker } from './useTracker';\n\ntype ReactiveFn = (props: object) => any;\ntype ReactiveOptions = {\n  getMeteorData: ReactiveFn;\n  pure?: boolean;\n  skipUpdate?: (prev: any, next: any) => boolean;\n}\n\nexport const withTracker = (options: ReactiveFn | ReactiveOptions) => {\n  return (Component: React.ComponentType) => {\n    const getMeteorData = typeof options === 'function'\n      ? options\n      : options.getMeteorData;\n\n    const WithTracker = forwardRef((props, ref) => {\n      const data = useTracker(\n        () => getMeteorData(props) || {},\n        (options as ReactiveOptions).skipUpdate\n      );\n      return (\n        <Component ref={ref} {...props} {...data} />\n      );\n    });\n\n    const { pure = true } = options as ReactiveOptions;\n    return pure ? memo(WithTracker) : WithTracker;\n  };\n}\n"]}}},"code":"let _extends;\nmodule.link(\"@babel/runtime/helpers/extends\", {\n  default(v) {\n    _extends = v;\n  }\n}, 0);\nmodule.export({\n  withTracker: () => withTracker\n});\nlet React, forwardRef, memo;\nmodule.link(\"react\", {\n  default(v) {\n    React = v;\n  },\n  forwardRef(v) {\n    forwardRef = v;\n  },\n  memo(v) {\n    memo = v;\n  }\n}, 0);\nlet useTracker;\nmodule.link(\"./useTracker\", {\n  useTracker(v) {\n    useTracker = v;\n  }\n}, 1);\nconst withTracker = options => {\n  return Component => {\n    const getMeteorData = typeof options === 'function' ? options : options.getMeteorData;\n    const WithTracker = /*#__PURE__*/forwardRef((props, ref) => {\n      const data = useTracker(() => getMeteorData(props) || {}, options.skipUpdate);\n      return /*#__PURE__*/React.createElement(Component, _extends({\n        ref: ref\n      }, props, data));\n    });\n    const {\n      pure = true\n    } = options;\n    return pure ? /*#__PURE__*/memo(WithTracker) : WithTracker;\n  };\n};","map":{"version":3,"names":["_extends","module","link","default","v","export","withTracker","React","forwardRef","memo","useTracker","options","Component","getMeteorData","WithTracker","props","ref","data","skipUpdate","createElement","pure"],"sources":["packages/react-meteor-data/withTracker.tsx"],"sourcesContent":["import React, { forwardRef, memo } from 'react';\nimport { useTracker } from './useTracker';\n\ntype ReactiveFn = (props: object) => any;\ntype ReactiveOptions = {\n  getMeteorData: ReactiveFn;\n  pure?: boolean;\n  skipUpdate?: (prev: any, next: any) => boolean;\n}\n\nexport const withTracker = (options: ReactiveFn | ReactiveOptions) => {\n  return (Component: React.ComponentType) => {\n    const getMeteorData = typeof options === 'function'\n      ? options\n      : options.getMeteorData;\n\n    const WithTracker = forwardRef((props, ref) => {\n      const data = useTracker(\n        () => getMeteorData(props) || {},\n        (options as ReactiveOptions).skipUpdate\n      );\n      return (\n        <Component ref={ref} {...props} {...data} />\n      );\n    });\n\n    const { pure = true } = options as ReactiveOptions;\n    return pure ? memo(WithTracker) : WithTracker;\n  };\n}\n"],"mappings":"AAAA,IAAAA,QAAY;AAAAC,MAAI,CAAAC,IAAA,iCAAgC;EAAAC,QAAAC,CAAA;IAAAJ,QAAA,GAAAI,CAAA;EAAA;AAAA;AAAhDH,MAAA,CAAOI,MAAK,CAAE;EAAAC,WAAY,EAAAA,CAAA,KAAEA;AAAY;AAAA,IAAQC,KAAA,EAAAC,UAAA,EAAAC,IAAA;AAAAR,MAAA,CAAAC,IAAA;EAAAC,QAAAC,CAAA;IAAAG,KAAA,GAAAH,CAAA;EAAA;EAAAI,WAAAJ,CAAA;IAAAI,UAAA,GAAAJ,CAAA;EAAA;EAAAK,KAAAL,CAAA;IAAAK,IAAA,GAAAL,CAAA;EAAA;AAAA;AAAA,IAAAM,UAAA;AAAAT,MAAA,CAAAC,IAAA;EAAAQ,WAAAN,CAAA;IAAAM,UAAA,GAAAN,CAAA;EAAA;AAAA;AAUzC,MAAME,WAAW,GAAIK,OAAqC,IAAI;EACnE,OAAQC,SAA8B,IAAI;IACxC,MAAMC,aAAa,GAAG,OAAOF,OAAO,KAAK,UAAU,GAC/CA,OAAO,GACPA,OAAO,CAACE,aAAa;IAEzB,MAAMC,WAAW,gBAAGN,UAAU,CAAC,CAACO,KAAK,EAAEC,GAAG,KAAI;MAC5C,MAAMC,IAAI,GAAGP,UAAU,CACrB,MAAMG,aAAa,CAACE,KAAK,CAAC,IAAI,EAAE,EAC/BJ,OAA2B,CAACO,UAAU,CACxC;MACD,oBACEX,KAAA,CAAAY,aAAA,CAACP,SAAS,EAAAZ,QAAA;QAACgB,GAAG,EAAEA;MAAI,GAAKD,KAAK,EAAME,IAAI,CAAC,CAAG;IAEhD,CAAC,CAAC;IAEF,MAAM;MAAEG,IAAI,GAAG;IAAI,CAAE,GAAGT,OAA0B;IAClD,OAAOS,IAAI,gBAAGX,IAAI,CAACK,WAAW,CAAC,GAAGA,WAAW;EAC/C,CAAC;AACH,CAAC"},"sourceType":"module","externalDependencies":{},"hash":"5900db0b26653f772fb12565595b4acfaa4f4bf0"}
