{"metadata":{},"options":{"assumptions":{},"compact":false,"sourceMaps":true,"ast":true,"babelrc":false,"configFile":false,"parserOpts":{"sourceType":"module","sourceFileName":"D:\\loan_app\\loan-management\\packages\\react-meteor-data\\useTracker.ts","plugins":["*","flow","jsx","asyncGenerators","bigInt","classPrivateMethods","classPrivateProperties","classProperties","doExpressions","dynamicImport","exportDefaultFrom","exportExtensions","exportNamespaceFrom","functionBind","functionSent","importMeta","nullishCoalescingOperator","numericSeparator","objectRestSpread","optionalCatchBinding","optionalChaining",["pipelineOperator",{"proposal":"minimal"}],"throwExpressions","classProperties","classPrivateProperties","jsx","nullishCoalescingOperator","nullishCoalescingOperator","optionalChaining","optionalChaining","optionalCatchBinding","optionalCatchBinding","classProperties","classPrivateProperties","classPrivateMethods","classProperties","classPrivateProperties","asyncGenerators","asyncGenerators","objectRestSpread","objectRestSpread","logicalAssignment"],"allowImportExportEverywhere":true,"allowReturnOutsideFunction":true,"allowUndeclaredExports":true,"strictMode":false},"caller":{"name":"meteor","arch":"web.browser"},"sourceFileName":"packages/react-meteor-data/useTracker.ts","filename":"D:\\loan_app\\loan-management\\packages\\react-meteor-data\\useTracker.ts","inputSourceMap":{"version":3,"file":"packages/react-meteor-data/useTracker.ts","sourceRoot":"","sources":["packages/react-meteor-data/useTracker.ts"],"names":[],"mappings":"AACA,OAAO,EAAE,MAAM,EAAE,MAAM,eAAe,CAAC;AACvC,OAAO,EAAE,OAAO,EAAE,MAAM,gBAAgB,CAAC;AACzC,OAAO,EAAE,UAAU,EAAE,SAAS,EAAE,MAAM,EAAE,OAAO,EAAkB,MAAM,OAAO,CAAC;AAE/E,uEAAuE;AACvE,SAAS,WAAW,CAAE,IAAS;IAC7B,IAAI,UAAU,GAAG,KAAK,CAAC;IACvB,IAAI,OAAO,CAAC,KAAK,IAAI,OAAO,CAAC,KAAK,CAAC,KAAK,IAAI,IAAI,IAAI,OAAO,IAAI,KAAK,QAAQ,EAAE;QAC5E,IAAI,IAAI,YAAY,OAAO,CAAC,KAAK,CAAC,KAAK,CAAC,MAAM,EAAE;YAC9C,UAAU,GAAG,IAAI,CAAC;SACnB;aAAM,IAAI,MAAM,CAAC,cAAc,CAAC,IAAI,CAAC,KAAK,MAAM,CAAC,SAAS,EAAE;YAC3D,MAAM,CAAC,IAAI,CAAC,IAAI,CAAC,CAAC,OAAO,CAAC,CAAC,GAAG,EAAE,EAAE;gBAChC,IAAI,IAAI,CAAC,GAAG,CAAC,YAAY,OAAO,CAAC,KAAK,CAAC,KAAK,CAAC,MAAM,EAAE;oBACnD,UAAU,GAAG,IAAI,CAAC;iBACnB;YACH,CAAC,CAAC,CAAC;SACJ;KACF;IACD,IAAI,UAAU,EAAE;QACd,OAAO,CAAC,IAAI,CACV,+DAA+D;cAC7D,6DAA6D;cAC7D,+CAA+C,CAClD,CAAC;KACH;AACH,CAAC;AAED,iEAAiE;AACjE,iEAAiE;AACjE,MAAM,GAAG,GAAG,CAAC,CAAS,EAAU,EAAE,CAAC,CAAC,GAAG,CAAC,CAAC;AACzC,MAAM,cAAc,GAAG,GAAG,EAAE,CAAC,UAAU,CAAC,GAAG,EAAE,CAAC,CAAC,CAAC,CAAC,CAAC,CAAC;AAgBnD,MAAM,gBAAgB,GAAG,CAAU,UAA0B,EAAE,aAA6B,IAAI,EAAE,EAAE;IAClG,MAAM,EAAE,OAAO,EAAE,IAAI,EAAE,GAAG,MAAM,CAAc;QAC5C,SAAS,EAAE,KAAK;QAChB,WAAW,EAAE,IAAI;KAClB,CAAC,CAAC;IACH,MAAM,WAAW,GAAG,cAAc,EAAE,CAAC;IAErC,+EAA+E;IAC/E,IAAI,IAAI,CAAC,WAAW,EAAE;QACpB,IAAI,CAAC,WAAW,CAAC,IAAI,EAAE,CAAC;QACxB,gEAAgE;QAChE,OAAO,IAAI,CAAC,WAAW,CAAC;KACzB;IAED,uEAAuE;IACvE,2EAA2E;IAC3E,oEAAoE;IACpE,kEAAkE;IAClE,0BAA0B;IAC1B,OAAO,CAAC,WAAW,CAAC,GAAG,EAAE,CAAC,OAAO,CAAC,OAAO,CAAC,CAAC,CAAsB,EAAE,EAAE;QACnE,IAAI,CAAC,WAAW,GAAG,CAAC,CAAC;QACrB,MAAM,IAAI,GAAG,UAAU,CAAC,CAAC,CAAC,CAAC;QAC3B,IAAI,CAAC,CAAC,QAAQ,EAAE;YACd,wCAAwC;YACxC,IAAI,CAAC,WAAW,GAAG,IAAI,CAAC;SACzB;aAAM,IAAI,CAAC,UAAU,IAAI,CAAC,UAAU,CAAC,IAAI,CAAC,WAAW,EAAE,IAAI,CAAC,EAAE;YAC7D,wFAAwF;YACxF,WAAW,EAAE,CAAC;SACf;IACH,CAAC,CAAC,CAAC,CAAC;IAEJ,uEAAuE;IACvE,IAAI,CAAC,IAAI,CAAC,SAAS,EAAE;QACnB,MAAM,CAAC,KAAK,CAAC,GAAG,EAAE;YAChB,IAAI,CAAC,IAAI,CAAC,SAAS,IAAI,IAAI,CAAC,WAAW,EAAE;gBACvC,IAAI,CAAC,WAAW,CAAC,IAAI,EAAE,CAAC;gBACxB,OAAO,IAAI,CAAC,WAAW,CAAC;aACzB;QACH,CAAC,CAAC,CAAC;KACJ;IAED,SAAS,CAAC,GAAG,EAAE;QACb,oEAAoE;QACpE,IAAI,CAAC,SAAS,GAAG,IAAI,CAAC;QAEtB,0EAA0E;QAC1E,sEAAsE;QACtE,qBAAqB;QACrB,IAAI,CAAC,IAAI,CAAC,WAAW,EAAE;YACrB,mEAAmE;YACnE,gEAAgE;YAChE,IAAI,CAAC,UAAU,EAAE;gBACf,WAAW,EAAE,CAAC;aACf;iBAAM;gBACL,OAAO,CAAC,WAAW,CAAC,GAAG,EAAE,CAAC,OAAO,CAAC,OAAO,CAAC,CAAC,CAAsB,EAAE,EAAE;oBACnE,MAAM,IAAI,GAAG,UAAU,CAAC,CAAC,CAAC,CAAC;oBAC3B,IAAI,CAAC,WAAW,GAAG,CAAC,CAAC;oBACrB,IAAI,CAAC,UAAU,CAAC,IAAI,CAAC,WAAW,EAAE,IAAI,CAAC,EAAE;wBACvC,wFAAwF;wBACxF,WAAW,EAAE,CAAC;qBACf;gBACH,CAAC,CAAC,CAAC,CAAC;aACL;SACF;QAED,kCAAkC;QAClC,OAAO,GAAG,EAAE;YACV,IAAI,CAAC,WAAW,EAAE,IAAI,EAAE,CAAC;YACzB,OAAO,IAAI,CAAC,WAAW,CAAC;YACxB,IAAI,CAAC,SAAS,GAAG,KAAK,CAAC;QACzB,CAAC,CAAA;IACH,CAAC,EAAE,EAAE,CAAC,CAAC;IAEP,OAAO,IAAI,CAAC,WAAW,CAAC;AAC1B,CAAC,CAAA;AAED,MAAM,kBAAkB,GAAG,CAAU,UAA0B,EAAE,IAAoB,EAAE,aAA6B,IAAI,EAAK,EAAE;IAC7H,MAAM,WAAW,GAAG,cAAc,EAAE,CAAC;IAErC,MAAM,EAAE,OAAO,EAAE,IAAI,EAAE,GAAG,MAAM,CAK7B,EAAE,UAAU,EAAE,CAAC,CAAC;IAEnB,4BAA4B;IAC5B,IAAI,CAAC,UAAU,GAAG,UAAU,CAAC;IAE7B,OAAO,CAAC,GAAG,EAAE;QACX,0EAA0E;QAC1E,0EAA0E;QAC1E,MAAM,IAAI,GAAG,OAAO,CAAC,WAAW,CAC9B,GAAG,EAAE,CAAC,OAAO,CAAC,OAAO,CAAC,CAAC,CAAsB,EAAE,EAAE;YAC/C,MAAM,IAAI,GAAG,IAAI,CAAC,UAAU,EAAE,CAAC;YAC/B,IAAI,CAAC,CAAC,QAAQ,EAAE;gBACd,IAAI,CAAC,IAAI,GAAG,IAAI,CAAC;aAClB;iBAAM,IAAI,CAAC,UAAU,IAAI,CAAC,UAAU,CAAC,IAAI,CAAC,IAAI,EAAE,IAAI,CAAC,EAAE;gBACtD,IAAI,CAAC,IAAI,GAAG,IAAI,CAAC;gBACjB,WAAW,EAAE,CAAC;aACf;QACH,CAAC,CAAC,CACH,CAAC;QAEF,6EAA6E;QAC7E,yBAAyB;QACzB,sDAAsD;QACtD,sDAAsD;QACtD,IAAI,IAAI,CAAC,IAAI;YAAE,IAAI,CAAC,IAAI,CAAC,IAAI,EAAE,CAAC;QAEhC,0EAA0E;QAC1E,uEAAuE;QACvE,uBAAuB;QACvB,IAAI,CAAC,IAAI,GAAG,IAAI,CAAC;QACjB,6EAA6E;QAC7E,MAAM,CAAC,KAAK,CAAC,GAAG,EAAE;YAChB,IAAI,CAAC,IAAI,CAAC,SAAS,IAAI,IAAI,CAAC,IAAI,EAAE;gBAChC,IAAI,CAAC,IAAI,CAAC,IAAI,EAAE,CAAC;gBACjB,OAAO,IAAI,CAAC,IAAI,CAAC;aAClB;QACH,CAAC,CAAC,CAAC;IACL,CAAC,EAAE,IAAI,CAAC,CAAC;IAET,SAAS,CAAC,GAAG,EAAE;QACb,oEAAoE;QACpE,IAAI,CAAC,SAAS,GAAG,IAAI,CAAC;QAEtB,IAAI,CAAC,IAAI,CAAC,IAAI,EAAE;YACd,IAAI,CAAC,IAAI,GAAG,OAAO,CAAC,WAAW,CAC7B,GAAG,EAAE,CAAC,OAAO,CAAC,OAAO,CAAC,CAAC,CAAC,EAAE,EAAE;gBAC1B,MAAM,IAAI,GAAM,IAAI,CAAC,UAAU,CAAC,CAAC,CAAC,CAAC;gBACnC,IAAI,CAAC,UAAU,IAAI,CAAC,UAAU,CAAC,IAAI,CAAC,IAAI,EAAE,IAAI,CAAC,EAAE;oBAC/C,IAAI,CAAC,IAAI,GAAG,IAAI,CAAC;oBACjB,WAAW,EAAE,CAAC;iBACf;YACH,CAAC,CAAC,CACH,CAAC;SACH;QAED,OAAO,GAAG,EAAE;YACV,IAAI,CAAC,IAAI,CAAC,IAAI,EAAE,CAAC;YACjB,OAAO,IAAI,CAAC,IAAI,CAAC;YACjB,IAAI,CAAC,SAAS,GAAG,KAAK,CAAC;QACzB,CAAC,CAAC;IACJ,CAAC,EAAE,IAAI,CAAC,CAAC;IAET,OAAO,IAAI,CAAC,IAAS,CAAC;AACxB,CAAC,CAAC;AAIF,SAAS,gBAAgB,CAAW,UAA0B,EAAE,OAAwC,IAAI,EAAE,aAA6B,IAAI;IAC7I,IAAI,IAAI,KAAK,IAAI,IAAI,IAAI,KAAK,SAAS,IAAI,CAAC,KAAK,CAAC,OAAO,CAAC,IAAI,CAAC,EAAE;QAC/D,IAAI,OAAO,IAAI,KAAK,UAAU,EAAE;YAC9B,UAAU,GAAG,IAAI,CAAC;SACnB;QACD,OAAO,gBAAgB,CAAC,UAAU,EAAE,UAAU,CAAC,CAAC;KACjD;SAAM;QACL,OAAO,kBAAkB,CAAC,UAAU,EAAE,IAAI,EAAE,UAAU,CAAC,CAAC;KACzD;AACH,CAAC;AAED,MAAM,gBAAgB,GAA4B,CAAC,UAAU,EAAE,EAAE;IAC/D,OAAO,OAAO,CAAC,WAAW,CAAC,UAAU,CAAC,CAAC;AACzC,CAAC,CAAA;AAED,kEAAkE;AAClE,iFAAiF;AACjF,MAAM,WAAW,GAAG,MAAM,CAAC,QAAQ;IACjC,CAAC,CAAC,gBAAgB;IAClB,CAAC,CAAC,gBAAgB,CAAC;AAErB,SAAS,aAAa,CAAE,UAAU,EAAE,IAAI,GAAG,IAAI,EAAE,UAAU,GAAG,IAAI;IAChE,SAAS,IAAI,CAAE,OAAe,EAAE,GAAW,EAAE,GAAW,EAAE,IAAY;QACpE,OAAO,CAAC,IAAI,CACV,kCAAkC,OAAO,aAAa,GAAG,YAAY;cACjE,IAAI,GAAG,wBAAwB,IAAI,KAAK,CAC7C,CAAC;IACJ,CAAC;IAED,IAAI,OAAO,UAAU,KAAK,UAAU,EAAE;QACpC,IAAI,CAAC,UAAU,EAAE,KAAK,EAAE,YAAY,EAAE,UAAU,CAAC,CAAC;KACnD;IAED,IAAI,IAAI,IAAI,UAAU,IAAI,CAAC,KAAK,CAAC,OAAO,CAAC,IAAI,CAAC,IAAI,OAAO,UAAU,KAAK,UAAU,EAAE;QAClF,IAAI,CAAC,kBAAkB,EAAE,aAAa,EAAE,kBAAkB,EACxD,GAAG,OAAO,IAAI,MAAM,OAAO,UAAU,EAAE,CAAC,CAAC;KAC5C;SAAM;QACL,IAAI,IAAI,IAAI,CAAC,KAAK,CAAC,OAAO,CAAC,IAAI,CAAC,IAAI,OAAO,IAAI,KAAK,UAAU,EAAE;YAC9D,IAAI,CAAC,mBAAmB,EAAE,KAAK,EAAE,oBAAoB,EAAE,OAAO,IAAI,CAAC,CAAC;SACrE;QACD,IAAI,UAAU,IAAI,OAAO,UAAU,KAAK,UAAU,EAAE;YAClD,IAAI,CAAC,UAAU,EAAE,KAAK,EAAE,YAAY,EAAE,OAAO,UAAU,CAAC,CAAC;SAC1D;KACF;IAED,MAAM,IAAI,GAAG,WAAW,CAAC,UAAU,EAAE,IAAI,EAAE,UAAU,CAAC,CAAC;IACvD,WAAW,CAAC,IAAI,CAAC,CAAC;IAClB,OAAO,IAAI,CAAC;AACd,CAAC;AAED,MAAM,CAAC,MAAM,UAAU,GAAG,MAAM,CAAC,aAAa;IAC5C,CAAC,CAAC,aAAwC;IAC1C,CAAC,CAAC,WAAW,CAAC","sourcesContent":["declare var Package: any\nimport { Meteor } from 'meteor/meteor';\nimport { Tracker } from 'meteor/tracker';\nimport { useReducer, useEffect, useRef, useMemo, DependencyList } from 'react';\n\n// Warns if data is a Mongo.Cursor or a POJO containing a Mongo.Cursor.\nfunction checkCursor (data: any): void {\n  let shouldWarn = false;\n  if (Package.mongo && Package.mongo.Mongo && data && typeof data === 'object') {\n    if (data instanceof Package.mongo.Mongo.Cursor) {\n      shouldWarn = true;\n    } else if (Object.getPrototypeOf(data) === Object.prototype) {\n      Object.keys(data).forEach((key) => {\n        if (data[key] instanceof Package.mongo.Mongo.Cursor) {\n          shouldWarn = true;\n        }\n      });\n    }\n  }\n  if (shouldWarn) {\n    console.warn(\n      'Warning: your reactive function is returning a Mongo cursor. '\n      + 'This value will not be reactive. You probably want to call '\n      + '`.fetch()` on the cursor before returning it.'\n    );\n  }\n}\n\n// Used to create a forceUpdate from useReducer. Forces update by\n// incrementing a number whenever the dispatch method is invoked.\nconst fur = (x: number): number => x + 1;\nconst useForceUpdate = () => useReducer(fur, 0)[1];\n\nexport interface IReactiveFn<T> {\n  (c?: Tracker.Computation): T\n}\n\nexport interface ISkipUpdate<T> {\n  <T>(prev: T, next: T): boolean\n}\n\ntype TrackerRefs = {\n  computation?: Tracker.Computation;\n  isMounted: boolean;\n  trackerData: any;\n}\n\nconst useTrackerNoDeps = <T = any>(reactiveFn: IReactiveFn<T>, skipUpdate: ISkipUpdate<T> = null) => {\n  const { current: refs } = useRef<TrackerRefs>({\n    isMounted: false,\n    trackerData: null\n  });\n  const forceUpdate = useForceUpdate();\n\n  // Without deps, always dispose and recreate the computation with every render.\n  if (refs.computation) {\n    refs.computation.stop();\n    // @ts-ignore This makes TS think ref.computation is \"never\" set\n    delete refs.computation;\n  }\n\n  // Use Tracker.nonreactive in case we are inside a Tracker Computation.\n  // This can happen if someone calls `ReactDOM.render` inside a Computation.\n  // In that case, we want to opt out of the normal behavior of nested\n  // Computations, where if the outer one is invalidated or stopped,\n  // it stops the inner one.\n  Tracker.nonreactive(() => Tracker.autorun((c: Tracker.Computation) => {\n    refs.computation = c;\n    const data = reactiveFn(c);\n    if (c.firstRun) {\n      // Always run the reactiveFn on firstRun\n      refs.trackerData = data;\n    } else if (!skipUpdate || !skipUpdate(refs.trackerData, data)) {\n      // For any reactive change, forceUpdate and let the next render rebuild the computation.\n      forceUpdate();\n    }\n  }));\n\n  // To clean up side effects in render, stop the computation immediately\n  if (!refs.isMounted) {\n    Meteor.defer(() => {\n      if (!refs.isMounted && refs.computation) {\n        refs.computation.stop();\n        delete refs.computation;\n      }\n    });\n  }\n\n  useEffect(() => {\n    // Let subsequent renders know we are mounted (render is committed).\n    refs.isMounted = true;\n\n    // In some cases, the useEffect hook will run before Meteor.defer, such as\n    // when React.lazy is used. In those cases, we might as well leave the\n    // computation alone!\n    if (!refs.computation) {\n      // Render is committed, but we no longer have a computation. Invoke\n      // forceUpdate and let the next render recreate the computation.\n      if (!skipUpdate) {\n        forceUpdate();\n      } else {\n        Tracker.nonreactive(() => Tracker.autorun((c: Tracker.Computation) => {\n          const data = reactiveFn(c);\n          refs.computation = c;\n          if (!skipUpdate(refs.trackerData, data)) {\n            // For any reactive change, forceUpdate and let the next render rebuild the computation.\n            forceUpdate();\n          }\n        }));\n      }\n    }\n\n    // stop the computation on unmount\n    return () =>{\n      refs.computation?.stop();\n      delete refs.computation;\n      refs.isMounted = false;\n    }\n  }, []);\n\n  return refs.trackerData;\n}\n\nconst useTrackerWithDeps = <T = any>(reactiveFn: IReactiveFn<T>, deps: DependencyList, skipUpdate: ISkipUpdate<T> = null): T => {\n  const forceUpdate = useForceUpdate();\n\n  const { current: refs } = useRef<{\n    reactiveFn: IReactiveFn<T>;\n    data?: T;\n    comp?: Tracker.Computation;\n    isMounted?: boolean;\n  }>({ reactiveFn });\n\n  // keep reactiveFn ref fresh\n  refs.reactiveFn = reactiveFn;\n\n  useMemo(() => {\n    // To jive with the lifecycle interplay between Tracker/Subscribe, run the\n    // reactive function in a computation, then stop it, to force flush cycle.\n    const comp = Tracker.nonreactive(\n      () => Tracker.autorun((c: Tracker.Computation) => {\n        const data = refs.reactiveFn();\n        if (c.firstRun) {\n          refs.data = data;\n        } else if (!skipUpdate || !skipUpdate(refs.data, data)) {\n          refs.data = data;\n          forceUpdate();\n        }\n      })\n    );\n\n    // Stop the computation immediately to avoid creating side effects in render.\n    // refers to this issues:\n    // https://github.com/meteor/react-packages/issues/382\n    // https://github.com/meteor/react-packages/issues/381\n    if (refs.comp) refs.comp.stop();\n\n    // In some cases, the useEffect hook will run before Meteor.defer, such as\n    // when React.lazy is used. This will allow it to be stopped earlier in\n    // useEffect if needed.\n    refs.comp = comp;\n    // To avoid creating side effects in render, stop the computation immediately\n    Meteor.defer(() => {\n      if (!refs.isMounted && refs.comp) {\n        refs.comp.stop();\n        delete refs.comp;\n      }\n    });\n  }, deps);\n\n  useEffect(() => {\n    // Let subsequent renders know we are mounted (render is committed).\n    refs.isMounted = true;\n\n    if (!refs.comp) {\n      refs.comp = Tracker.nonreactive(\n        () => Tracker.autorun((c) => {\n          const data: T = refs.reactiveFn(c);\n          if (!skipUpdate || !skipUpdate(refs.data, data)) {\n            refs.data = data;\n            forceUpdate();\n          }\n        })\n      );\n    }\n\n    return () => {\n      refs.comp.stop();\n      delete refs.comp;\n      refs.isMounted = false;\n    };\n  }, deps);\n\n  return refs.data as T;\n};\n\nfunction useTrackerClient <T = any>(reactiveFn: IReactiveFn<T>, skipUpdate?: ISkipUpdate<T>): T;\nfunction useTrackerClient <T = any>(reactiveFn: IReactiveFn<T>, deps?: DependencyList, skipUpdate?: ISkipUpdate<T>): T;\nfunction useTrackerClient <T = any>(reactiveFn: IReactiveFn<T>, deps: DependencyList | ISkipUpdate<T> = null, skipUpdate: ISkipUpdate<T> = null): T {\n  if (deps === null || deps === undefined || !Array.isArray(deps)) {\n    if (typeof deps === \"function\") {\n      skipUpdate = deps;\n    }\n    return useTrackerNoDeps(reactiveFn, skipUpdate);\n  } else {\n    return useTrackerWithDeps(reactiveFn, deps, skipUpdate);\n  }\n}\n\nconst useTrackerServer: typeof useTrackerClient = (reactiveFn) => {\n  return Tracker.nonreactive(reactiveFn);\n}\n\n// When rendering on the server, we don't want to use the Tracker.\n// We only do the first rendering on the server so we can get the data right away\nconst _useTracker = Meteor.isServer\n  ? useTrackerServer\n  : useTrackerClient;\n\nfunction useTrackerDev (reactiveFn, deps = null, skipUpdate = null) {\n  function warn (expects: string, pos: string, arg: string, type: string) {\n    console.warn(\n      `Warning: useTracker expected a ${expects} in it\\'s ${pos} argument `\n        + `(${arg}), but got type of \\`${type}\\`.`\n    );\n  }\n\n  if (typeof reactiveFn !== 'function') {\n    warn(\"function\", \"1st\", \"reactiveFn\", reactiveFn);\n  }\n\n  if (deps && skipUpdate && !Array.isArray(deps) && typeof skipUpdate === \"function\") {\n    warn(\"array & function\", \"2nd and 3rd\", \"deps, skipUpdate\",\n      `${typeof deps} & ${typeof skipUpdate}`);\n  } else {\n    if (deps && !Array.isArray(deps) && typeof deps !== \"function\") {\n      warn(\"array or function\", \"2nd\", \"deps or skipUpdate\", typeof deps);\n    }\n    if (skipUpdate && typeof skipUpdate !== \"function\") {\n      warn(\"function\", \"3rd\", \"skipUpdate\", typeof skipUpdate);\n    }\n  }\n\n  const data = _useTracker(reactiveFn, deps, skipUpdate);\n  checkCursor(data);\n  return data;\n}\n\nexport const useTracker = Meteor.isDevelopment\n  ? useTrackerDev as typeof useTrackerClient\n  : _useTracker;\n"]},"targets":{},"cloneInputAst":true,"browserslistConfigFile":false,"passPerPreset":false,"envName":"development","cwd":"D:\\loan_app\\loan-management","root":"D:\\loan_app\\loan-management","rootMode":"root","plugins":[{"key":"base$0","visitor":{"_exploded":true,"_verified":true},"options":{},"externalDependencies":[]},{"key":"base$0$0","visitor":{"Program":{"enter":[null],"exit":[null]},"_exploded":true,"_verified":true},"options":{"avoidModernSyntax":false,"enforceStrictMode":false,"dynamicImport":true,"generateLetDeclarations":true},"externalDependencies":[]},{"key":"transform-runtime","visitor":{"MemberExpression":{"enter":[null]},"ObjectPattern":{"enter":[null]},"BinaryExpression":{"enter":[null]},"Identifier":{"enter":[null]},"JSXIdentifier":{"enter":[null]},"_exploded":true,"_verified":true},"options":{"version":"7.17.2","helpers":true,"useESModules":false,"corejs":false},"externalDependencies":[]},{"key":"proposal-class-properties","visitor":{"ExportDefaultDeclaration":{"enter":[null]},"_exploded":true,"_verified":true,"ClassExpression":{"enter":[null]},"ClassDeclaration":{"enter":[null]}},"options":{"loose":true},"externalDependencies":[]},{"key":"transform-react-jsx","visitor":{"JSXNamespacedName":{"enter":[null]},"JSXSpreadChild":{"enter":[null]},"Program":{"enter":[null]},"JSXFragment":{"exit":[null]},"JSXElement":{"exit":[null]},"JSXAttribute":{"enter":[null]},"_exploded":true,"_verified":true},"options":{"pragma":"React.createElement","pragmaFrag":"React.Fragment","runtime":"classic","throwIfNamespace":true,"useBuiltIns":false},"externalDependencies":[]},{"key":"transform-react-display-name","visitor":{"ExportDefaultDeclaration":{"enter":[null]},"CallExpression":{"enter":[null]},"_exploded":true,"_verified":true},"options":{},"externalDependencies":[]},{"key":"transform-react-pure-annotations","visitor":{"CallExpression":{"enter":[null]},"_exploded":true,"_verified":true},"options":{},"externalDependencies":[]},{"key":"syntax-nullish-coalescing-operator","visitor":{"_exploded":true,"_verified":true},"options":{},"externalDependencies":[]},{"key":"proposal-nullish-coalescing-operator","visitor":{"LogicalExpression":{"enter":[null]},"_exploded":true,"_verified":true},"options":{},"externalDependencies":[]},{"key":"syntax-optional-chaining","visitor":{"_exploded":true,"_verified":true},"options":{},"externalDependencies":[]},{"key":"proposal-optional-chaining","visitor":{"OptionalCallExpression":{"enter":[null]},"OptionalMemberExpression":{"enter":[null]},"_exploded":true,"_verified":true},"options":{},"externalDependencies":[]},{"key":"syntax-optional-catch-binding","visitor":{"_exploded":true,"_verified":true},"options":{},"externalDependencies":[]},{"key":"proposal-optional-catch-binding","visitor":{"CatchClause":{"enter":[null]},"_exploded":true,"_verified":true},"options":{},"externalDependencies":[]},{"key":"syntax-class-properties","visitor":{"_exploded":true,"_verified":true},"options":{},"externalDependencies":[]},{"key":"proposal-class-properties","visitor":{"ExportDefaultDeclaration":{"enter":[null]},"_exploded":true,"_verified":true,"ClassExpression":{"enter":[null]},"ClassDeclaration":{"enter":[null]}},"options":{},"externalDependencies":[]},{"key":"syntax-async-generators","visitor":{"_exploded":true,"_verified":true},"options":{},"externalDependencies":[]},{"key":"proposal-async-generator-functions","visitor":{"Program":{"enter":[null]},"_exploded":true,"_verified":true},"options":{},"externalDependencies":[]},{"key":"syntax-object-rest-spread","visitor":{"_exploded":true,"_verified":true},"options":{},"externalDependencies":[]},{"key":"proposal-object-rest-spread","visitor":{"VariableDeclarator":{"enter":[null]},"ExportNamedDeclaration":{"enter":[null]},"CatchClause":{"enter":[null]},"AssignmentExpression":{"enter":[null]},"ArrayPattern":{"enter":[null]},"ObjectExpression":{"enter":[null]},"FunctionDeclaration":{"enter":[null]},"FunctionExpression":{"enter":[null]},"ObjectMethod":{"enter":[null]},"ArrowFunctionExpression":{"enter":[null]},"ClassMethod":{"enter":[null]},"ClassPrivateMethod":{"enter":[null]},"ForInStatement":{"enter":[null]},"ForOfStatement":{"enter":[null]},"_exploded":true,"_verified":true},"options":{},"externalDependencies":[]},{"key":"proposal-logical-assignment-operators","visitor":{"AssignmentExpression":{"enter":[null]},"_exploded":true,"_verified":true},"options":{},"externalDependencies":[]},{"key":"transform-literals","visitor":{"NumericLiteral":{"enter":[null]},"StringLiteral":{"enter":[null]},"_exploded":true,"_verified":true},"options":{},"externalDependencies":[]},{"key":"transform-template-literals","visitor":{"TaggedTemplateExpression":{"enter":[null]},"TemplateLiteral":{"enter":[null]},"_exploded":true,"_verified":true},"options":{},"externalDependencies":[]},{"key":"transform-parameters","visitor":{"_exploded":true,"_verified":true,"FunctionDeclaration":{"enter":[null]},"FunctionExpression":{"enter":[null]},"ObjectMethod":{"enter":[null]},"ArrowFunctionExpression":{"enter":[null]},"ClassMethod":{"enter":[null]},"ClassPrivateMethod":{"enter":[null]}},"options":{},"externalDependencies":[]},{"key":"transform-exponentiation-operator","visitor":{"AssignmentExpression":{"enter":[null]},"BinaryExpression":{"enter":[null]},"_exploded":true,"_verified":true},"options":{},"externalDependencies":[]}],"presets":[],"generatorOpts":{"filename":"D:\\loan_app\\loan-management\\packages\\react-meteor-data\\useTracker.ts","comments":true,"compact":false,"sourceMaps":true,"sourceFileName":"packages/react-meteor-data/useTracker.ts","inputSourceMap":{"version":3,"file":"packages/react-meteor-data/useTracker.ts","sourceRoot":"","sources":["packages/react-meteor-data/useTracker.ts"],"names":[],"mappings":"AACA,OAAO,EAAE,MAAM,EAAE,MAAM,eAAe,CAAC;AACvC,OAAO,EAAE,OAAO,EAAE,MAAM,gBAAgB,CAAC;AACzC,OAAO,EAAE,UAAU,EAAE,SAAS,EAAE,MAAM,EAAE,OAAO,EAAkB,MAAM,OAAO,CAAC;AAE/E,uEAAuE;AACvE,SAAS,WAAW,CAAE,IAAS;IAC7B,IAAI,UAAU,GAAG,KAAK,CAAC;IACvB,IAAI,OAAO,CAAC,KAAK,IAAI,OAAO,CAAC,KAAK,CAAC,KAAK,IAAI,IAAI,IAAI,OAAO,IAAI,KAAK,QAAQ,EAAE;QAC5E,IAAI,IAAI,YAAY,OAAO,CAAC,KAAK,CAAC,KAAK,CAAC,MAAM,EAAE;YAC9C,UAAU,GAAG,IAAI,CAAC;SACnB;aAAM,IAAI,MAAM,CAAC,cAAc,CAAC,IAAI,CAAC,KAAK,MAAM,CAAC,SAAS,EAAE;YAC3D,MAAM,CAAC,IAAI,CAAC,IAAI,CAAC,CAAC,OAAO,CAAC,CAAC,GAAG,EAAE,EAAE;gBAChC,IAAI,IAAI,CAAC,GAAG,CAAC,YAAY,OAAO,CAAC,KAAK,CAAC,KAAK,CAAC,MAAM,EAAE;oBACnD,UAAU,GAAG,IAAI,CAAC;iBACnB;YACH,CAAC,CAAC,CAAC;SACJ;KACF;IACD,IAAI,UAAU,EAAE;QACd,OAAO,CAAC,IAAI,CACV,+DAA+D;cAC7D,6DAA6D;cAC7D,+CAA+C,CAClD,CAAC;KACH;AACH,CAAC;AAED,iEAAiE;AACjE,iEAAiE;AACjE,MAAM,GAAG,GAAG,CAAC,CAAS,EAAU,EAAE,CAAC,CAAC,GAAG,CAAC,CAAC;AACzC,MAAM,cAAc,GAAG,GAAG,EAAE,CAAC,UAAU,CAAC,GAAG,EAAE,CAAC,CAAC,CAAC,CAAC,CAAC,CAAC;AAgBnD,MAAM,gBAAgB,GAAG,CAAU,UAA0B,EAAE,aAA6B,IAAI,EAAE,EAAE;IAClG,MAAM,EAAE,OAAO,EAAE,IAAI,EAAE,GAAG,MAAM,CAAc;QAC5C,SAAS,EAAE,KAAK;QAChB,WAAW,EAAE,IAAI;KAClB,CAAC,CAAC;IACH,MAAM,WAAW,GAAG,cAAc,EAAE,CAAC;IAErC,+EAA+E;IAC/E,IAAI,IAAI,CAAC,WAAW,EAAE;QACpB,IAAI,CAAC,WAAW,CAAC,IAAI,EAAE,CAAC;QACxB,gEAAgE;QAChE,OAAO,IAAI,CAAC,WAAW,CAAC;KACzB;IAED,uEAAuE;IACvE,2EAA2E;IAC3E,oEAAoE;IACpE,kEAAkE;IAClE,0BAA0B;IAC1B,OAAO,CAAC,WAAW,CAAC,GAAG,EAAE,CAAC,OAAO,CAAC,OAAO,CAAC,CAAC,CAAsB,EAAE,EAAE;QACnE,IAAI,CAAC,WAAW,GAAG,CAAC,CAAC;QACrB,MAAM,IAAI,GAAG,UAAU,CAAC,CAAC,CAAC,CAAC;QAC3B,IAAI,CAAC,CAAC,QAAQ,EAAE;YACd,wCAAwC;YACxC,IAAI,CAAC,WAAW,GAAG,IAAI,CAAC;SACzB;aAAM,IAAI,CAAC,UAAU,IAAI,CAAC,UAAU,CAAC,IAAI,CAAC,WAAW,EAAE,IAAI,CAAC,EAAE;YAC7D,wFAAwF;YACxF,WAAW,EAAE,CAAC;SACf;IACH,CAAC,CAAC,CAAC,CAAC;IAEJ,uEAAuE;IACvE,IAAI,CAAC,IAAI,CAAC,SAAS,EAAE;QACnB,MAAM,CAAC,KAAK,CAAC,GAAG,EAAE;YAChB,IAAI,CAAC,IAAI,CAAC,SAAS,IAAI,IAAI,CAAC,WAAW,EAAE;gBACvC,IAAI,CAAC,WAAW,CAAC,IAAI,EAAE,CAAC;gBACxB,OAAO,IAAI,CAAC,WAAW,CAAC;aACzB;QACH,CAAC,CAAC,CAAC;KACJ;IAED,SAAS,CAAC,GAAG,EAAE;QACb,oEAAoE;QACpE,IAAI,CAAC,SAAS,GAAG,IAAI,CAAC;QAEtB,0EAA0E;QAC1E,sEAAsE;QACtE,qBAAqB;QACrB,IAAI,CAAC,IAAI,CAAC,WAAW,EAAE;YACrB,mEAAmE;YACnE,gEAAgE;YAChE,IAAI,CAAC,UAAU,EAAE;gBACf,WAAW,EAAE,CAAC;aACf;iBAAM;gBACL,OAAO,CAAC,WAAW,CAAC,GAAG,EAAE,CAAC,OAAO,CAAC,OAAO,CAAC,CAAC,CAAsB,EAAE,EAAE;oBACnE,MAAM,IAAI,GAAG,UAAU,CAAC,CAAC,CAAC,CAAC;oBAC3B,IAAI,CAAC,WAAW,GAAG,CAAC,CAAC;oBACrB,IAAI,CAAC,UAAU,CAAC,IAAI,CAAC,WAAW,EAAE,IAAI,CAAC,EAAE;wBACvC,wFAAwF;wBACxF,WAAW,EAAE,CAAC;qBACf;gBACH,CAAC,CAAC,CAAC,CAAC;aACL;SACF;QAED,kCAAkC;QAClC,OAAO,GAAG,EAAE;YACV,IAAI,CAAC,WAAW,EAAE,IAAI,EAAE,CAAC;YACzB,OAAO,IAAI,CAAC,WAAW,CAAC;YACxB,IAAI,CAAC,SAAS,GAAG,KAAK,CAAC;QACzB,CAAC,CAAA;IACH,CAAC,EAAE,EAAE,CAAC,CAAC;IAEP,OAAO,IAAI,CAAC,WAAW,CAAC;AAC1B,CAAC,CAAA;AAED,MAAM,kBAAkB,GAAG,CAAU,UAA0B,EAAE,IAAoB,EAAE,aAA6B,IAAI,EAAK,EAAE;IAC7H,MAAM,WAAW,GAAG,cAAc,EAAE,CAAC;IAErC,MAAM,EAAE,OAAO,EAAE,IAAI,EAAE,GAAG,MAAM,CAK7B,EAAE,UAAU,EAAE,CAAC,CAAC;IAEnB,4BAA4B;IAC5B,IAAI,CAAC,UAAU,GAAG,UAAU,CAAC;IAE7B,OAAO,CAAC,GAAG,EAAE;QACX,0EAA0E;QAC1E,0EAA0E;QAC1E,MAAM,IAAI,GAAG,OAAO,CAAC,WAAW,CAC9B,GAAG,EAAE,CAAC,OAAO,CAAC,OAAO,CAAC,CAAC,CAAsB,EAAE,EAAE;YAC/C,MAAM,IAAI,GAAG,IAAI,CAAC,UAAU,EAAE,CAAC;YAC/B,IAAI,CAAC,CAAC,QAAQ,EAAE;gBACd,IAAI,CAAC,IAAI,GAAG,IAAI,CAAC;aAClB;iBAAM,IAAI,CAAC,UAAU,IAAI,CAAC,UAAU,CAAC,IAAI,CAAC,IAAI,EAAE,IAAI,CAAC,EAAE;gBACtD,IAAI,CAAC,IAAI,GAAG,IAAI,CAAC;gBACjB,WAAW,EAAE,CAAC;aACf;QACH,CAAC,CAAC,CACH,CAAC;QAEF,6EAA6E;QAC7E,yBAAyB;QACzB,sDAAsD;QACtD,sDAAsD;QACtD,IAAI,IAAI,CAAC,IAAI;YAAE,IAAI,CAAC,IAAI,CAAC,IAAI,EAAE,CAAC;QAEhC,0EAA0E;QAC1E,uEAAuE;QACvE,uBAAuB;QACvB,IAAI,CAAC,IAAI,GAAG,IAAI,CAAC;QACjB,6EAA6E;QAC7E,MAAM,CAAC,KAAK,CAAC,GAAG,EAAE;YAChB,IAAI,CAAC,IAAI,CAAC,SAAS,IAAI,IAAI,CAAC,IAAI,EAAE;gBAChC,IAAI,CAAC,IAAI,CAAC,IAAI,EAAE,CAAC;gBACjB,OAAO,IAAI,CAAC,IAAI,CAAC;aAClB;QACH,CAAC,CAAC,CAAC;IACL,CAAC,EAAE,IAAI,CAAC,CAAC;IAET,SAAS,CAAC,GAAG,EAAE;QACb,oEAAoE;QACpE,IAAI,CAAC,SAAS,GAAG,IAAI,CAAC;QAEtB,IAAI,CAAC,IAAI,CAAC,IAAI,EAAE;YACd,IAAI,CAAC,IAAI,GAAG,OAAO,CAAC,WAAW,CAC7B,GAAG,EAAE,CAAC,OAAO,CAAC,OAAO,CAAC,CAAC,CAAC,EAAE,EAAE;gBAC1B,MAAM,IAAI,GAAM,IAAI,CAAC,UAAU,CAAC,CAAC,CAAC,CAAC;gBACnC,IAAI,CAAC,UAAU,IAAI,CAAC,UAAU,CAAC,IAAI,CAAC,IAAI,EAAE,IAAI,CAAC,EAAE;oBAC/C,IAAI,CAAC,IAAI,GAAG,IAAI,CAAC;oBACjB,WAAW,EAAE,CAAC;iBACf;YACH,CAAC,CAAC,CACH,CAAC;SACH;QAED,OAAO,GAAG,EAAE;YACV,IAAI,CAAC,IAAI,CAAC,IAAI,EAAE,CAAC;YACjB,OAAO,IAAI,CAAC,IAAI,CAAC;YACjB,IAAI,CAAC,SAAS,GAAG,KAAK,CAAC;QACzB,CAAC,CAAC;IACJ,CAAC,EAAE,IAAI,CAAC,CAAC;IAET,OAAO,IAAI,CAAC,IAAS,CAAC;AACxB,CAAC,CAAC;AAIF,SAAS,gBAAgB,CAAW,UAA0B,EAAE,OAAwC,IAAI,EAAE,aAA6B,IAAI;IAC7I,IAAI,IAAI,KAAK,IAAI,IAAI,IAAI,KAAK,SAAS,IAAI,CAAC,KAAK,CAAC,OAAO,CAAC,IAAI,CAAC,EAAE;QAC/D,IAAI,OAAO,IAAI,KAAK,UAAU,EAAE;YAC9B,UAAU,GAAG,IAAI,CAAC;SACnB;QACD,OAAO,gBAAgB,CAAC,UAAU,EAAE,UAAU,CAAC,CAAC;KACjD;SAAM;QACL,OAAO,kBAAkB,CAAC,UAAU,EAAE,IAAI,EAAE,UAAU,CAAC,CAAC;KACzD;AACH,CAAC;AAED,MAAM,gBAAgB,GAA4B,CAAC,UAAU,EAAE,EAAE;IAC/D,OAAO,OAAO,CAAC,WAAW,CAAC,UAAU,CAAC,CAAC;AACzC,CAAC,CAAA;AAED,kEAAkE;AAClE,iFAAiF;AACjF,MAAM,WAAW,GAAG,MAAM,CAAC,QAAQ;IACjC,CAAC,CAAC,gBAAgB;IAClB,CAAC,CAAC,gBAAgB,CAAC;AAErB,SAAS,aAAa,CAAE,UAAU,EAAE,IAAI,GAAG,IAAI,EAAE,UAAU,GAAG,IAAI;IAChE,SAAS,IAAI,CAAE,OAAe,EAAE,GAAW,EAAE,GAAW,EAAE,IAAY;QACpE,OAAO,CAAC,IAAI,CACV,kCAAkC,OAAO,aAAa,GAAG,YAAY;cACjE,IAAI,GAAG,wBAAwB,IAAI,KAAK,CAC7C,CAAC;IACJ,CAAC;IAED,IAAI,OAAO,UAAU,KAAK,UAAU,EAAE;QACpC,IAAI,CAAC,UAAU,EAAE,KAAK,EAAE,YAAY,EAAE,UAAU,CAAC,CAAC;KACnD;IAED,IAAI,IAAI,IAAI,UAAU,IAAI,CAAC,KAAK,CAAC,OAAO,CAAC,IAAI,CAAC,IAAI,OAAO,UAAU,KAAK,UAAU,EAAE;QAClF,IAAI,CAAC,kBAAkB,EAAE,aAAa,EAAE,kBAAkB,EACxD,GAAG,OAAO,IAAI,MAAM,OAAO,UAAU,EAAE,CAAC,CAAC;KAC5C;SAAM;QACL,IAAI,IAAI,IAAI,CAAC,KAAK,CAAC,OAAO,CAAC,IAAI,CAAC,IAAI,OAAO,IAAI,KAAK,UAAU,EAAE;YAC9D,IAAI,CAAC,mBAAmB,EAAE,KAAK,EAAE,oBAAoB,EAAE,OAAO,IAAI,CAAC,CAAC;SACrE;QACD,IAAI,UAAU,IAAI,OAAO,UAAU,KAAK,UAAU,EAAE;YAClD,IAAI,CAAC,UAAU,EAAE,KAAK,EAAE,YAAY,EAAE,OAAO,UAAU,CAAC,CAAC;SAC1D;KACF;IAED,MAAM,IAAI,GAAG,WAAW,CAAC,UAAU,EAAE,IAAI,EAAE,UAAU,CAAC,CAAC;IACvD,WAAW,CAAC,IAAI,CAAC,CAAC;IAClB,OAAO,IAAI,CAAC;AACd,CAAC;AAED,MAAM,CAAC,MAAM,UAAU,GAAG,MAAM,CAAC,aAAa;IAC5C,CAAC,CAAC,aAAwC;IAC1C,CAAC,CAAC,WAAW,CAAC","sourcesContent":["declare var Package: any\nimport { Meteor } from 'meteor/meteor';\nimport { Tracker } from 'meteor/tracker';\nimport { useReducer, useEffect, useRef, useMemo, DependencyList } from 'react';\n\n// Warns if data is a Mongo.Cursor or a POJO containing a Mongo.Cursor.\nfunction checkCursor (data: any): void {\n  let shouldWarn = false;\n  if (Package.mongo && Package.mongo.Mongo && data && typeof data === 'object') {\n    if (data instanceof Package.mongo.Mongo.Cursor) {\n      shouldWarn = true;\n    } else if (Object.getPrototypeOf(data) === Object.prototype) {\n      Object.keys(data).forEach((key) => {\n        if (data[key] instanceof Package.mongo.Mongo.Cursor) {\n          shouldWarn = true;\n        }\n      });\n    }\n  }\n  if (shouldWarn) {\n    console.warn(\n      'Warning: your reactive function is returning a Mongo cursor. '\n      + 'This value will not be reactive. You probably want to call '\n      + '`.fetch()` on the cursor before returning it.'\n    );\n  }\n}\n\n// Used to create a forceUpdate from useReducer. Forces update by\n// incrementing a number whenever the dispatch method is invoked.\nconst fur = (x: number): number => x + 1;\nconst useForceUpdate = () => useReducer(fur, 0)[1];\n\nexport interface IReactiveFn<T> {\n  (c?: Tracker.Computation): T\n}\n\nexport interface ISkipUpdate<T> {\n  <T>(prev: T, next: T): boolean\n}\n\ntype TrackerRefs = {\n  computation?: Tracker.Computation;\n  isMounted: boolean;\n  trackerData: any;\n}\n\nconst useTrackerNoDeps = <T = any>(reactiveFn: IReactiveFn<T>, skipUpdate: ISkipUpdate<T> = null) => {\n  const { current: refs } = useRef<TrackerRefs>({\n    isMounted: false,\n    trackerData: null\n  });\n  const forceUpdate = useForceUpdate();\n\n  // Without deps, always dispose and recreate the computation with every render.\n  if (refs.computation) {\n    refs.computation.stop();\n    // @ts-ignore This makes TS think ref.computation is \"never\" set\n    delete refs.computation;\n  }\n\n  // Use Tracker.nonreactive in case we are inside a Tracker Computation.\n  // This can happen if someone calls `ReactDOM.render` inside a Computation.\n  // In that case, we want to opt out of the normal behavior of nested\n  // Computations, where if the outer one is invalidated or stopped,\n  // it stops the inner one.\n  Tracker.nonreactive(() => Tracker.autorun((c: Tracker.Computation) => {\n    refs.computation = c;\n    const data = reactiveFn(c);\n    if (c.firstRun) {\n      // Always run the reactiveFn on firstRun\n      refs.trackerData = data;\n    } else if (!skipUpdate || !skipUpdate(refs.trackerData, data)) {\n      // For any reactive change, forceUpdate and let the next render rebuild the computation.\n      forceUpdate();\n    }\n  }));\n\n  // To clean up side effects in render, stop the computation immediately\n  if (!refs.isMounted) {\n    Meteor.defer(() => {\n      if (!refs.isMounted && refs.computation) {\n        refs.computation.stop();\n        delete refs.computation;\n      }\n    });\n  }\n\n  useEffect(() => {\n    // Let subsequent renders know we are mounted (render is committed).\n    refs.isMounted = true;\n\n    // In some cases, the useEffect hook will run before Meteor.defer, such as\n    // when React.lazy is used. In those cases, we might as well leave the\n    // computation alone!\n    if (!refs.computation) {\n      // Render is committed, but we no longer have a computation. Invoke\n      // forceUpdate and let the next render recreate the computation.\n      if (!skipUpdate) {\n        forceUpdate();\n      } else {\n        Tracker.nonreactive(() => Tracker.autorun((c: Tracker.Computation) => {\n          const data = reactiveFn(c);\n          refs.computation = c;\n          if (!skipUpdate(refs.trackerData, data)) {\n            // For any reactive change, forceUpdate and let the next render rebuild the computation.\n            forceUpdate();\n          }\n        }));\n      }\n    }\n\n    // stop the computation on unmount\n    return () =>{\n      refs.computation?.stop();\n      delete refs.computation;\n      refs.isMounted = false;\n    }\n  }, []);\n\n  return refs.trackerData;\n}\n\nconst useTrackerWithDeps = <T = any>(reactiveFn: IReactiveFn<T>, deps: DependencyList, skipUpdate: ISkipUpdate<T> = null): T => {\n  const forceUpdate = useForceUpdate();\n\n  const { current: refs } = useRef<{\n    reactiveFn: IReactiveFn<T>;\n    data?: T;\n    comp?: Tracker.Computation;\n    isMounted?: boolean;\n  }>({ reactiveFn });\n\n  // keep reactiveFn ref fresh\n  refs.reactiveFn = reactiveFn;\n\n  useMemo(() => {\n    // To jive with the lifecycle interplay between Tracker/Subscribe, run the\n    // reactive function in a computation, then stop it, to force flush cycle.\n    const comp = Tracker.nonreactive(\n      () => Tracker.autorun((c: Tracker.Computation) => {\n        const data = refs.reactiveFn();\n        if (c.firstRun) {\n          refs.data = data;\n        } else if (!skipUpdate || !skipUpdate(refs.data, data)) {\n          refs.data = data;\n          forceUpdate();\n        }\n      })\n    );\n\n    // Stop the computation immediately to avoid creating side effects in render.\n    // refers to this issues:\n    // https://github.com/meteor/react-packages/issues/382\n    // https://github.com/meteor/react-packages/issues/381\n    if (refs.comp) refs.comp.stop();\n\n    // In some cases, the useEffect hook will run before Meteor.defer, such as\n    // when React.lazy is used. This will allow it to be stopped earlier in\n    // useEffect if needed.\n    refs.comp = comp;\n    // To avoid creating side effects in render, stop the computation immediately\n    Meteor.defer(() => {\n      if (!refs.isMounted && refs.comp) {\n        refs.comp.stop();\n        delete refs.comp;\n      }\n    });\n  }, deps);\n\n  useEffect(() => {\n    // Let subsequent renders know we are mounted (render is committed).\n    refs.isMounted = true;\n\n    if (!refs.comp) {\n      refs.comp = Tracker.nonreactive(\n        () => Tracker.autorun((c) => {\n          const data: T = refs.reactiveFn(c);\n          if (!skipUpdate || !skipUpdate(refs.data, data)) {\n            refs.data = data;\n            forceUpdate();\n          }\n        })\n      );\n    }\n\n    return () => {\n      refs.comp.stop();\n      delete refs.comp;\n      refs.isMounted = false;\n    };\n  }, deps);\n\n  return refs.data as T;\n};\n\nfunction useTrackerClient <T = any>(reactiveFn: IReactiveFn<T>, skipUpdate?: ISkipUpdate<T>): T;\nfunction useTrackerClient <T = any>(reactiveFn: IReactiveFn<T>, deps?: DependencyList, skipUpdate?: ISkipUpdate<T>): T;\nfunction useTrackerClient <T = any>(reactiveFn: IReactiveFn<T>, deps: DependencyList | ISkipUpdate<T> = null, skipUpdate: ISkipUpdate<T> = null): T {\n  if (deps === null || deps === undefined || !Array.isArray(deps)) {\n    if (typeof deps === \"function\") {\n      skipUpdate = deps;\n    }\n    return useTrackerNoDeps(reactiveFn, skipUpdate);\n  } else {\n    return useTrackerWithDeps(reactiveFn, deps, skipUpdate);\n  }\n}\n\nconst useTrackerServer: typeof useTrackerClient = (reactiveFn) => {\n  return Tracker.nonreactive(reactiveFn);\n}\n\n// When rendering on the server, we don't want to use the Tracker.\n// We only do the first rendering on the server so we can get the data right away\nconst _useTracker = Meteor.isServer\n  ? useTrackerServer\n  : useTrackerClient;\n\nfunction useTrackerDev (reactiveFn, deps = null, skipUpdate = null) {\n  function warn (expects: string, pos: string, arg: string, type: string) {\n    console.warn(\n      `Warning: useTracker expected a ${expects} in it\\'s ${pos} argument `\n        + `(${arg}), but got type of \\`${type}\\`.`\n    );\n  }\n\n  if (typeof reactiveFn !== 'function') {\n    warn(\"function\", \"1st\", \"reactiveFn\", reactiveFn);\n  }\n\n  if (deps && skipUpdate && !Array.isArray(deps) && typeof skipUpdate === \"function\") {\n    warn(\"array & function\", \"2nd and 3rd\", \"deps, skipUpdate\",\n      `${typeof deps} & ${typeof skipUpdate}`);\n  } else {\n    if (deps && !Array.isArray(deps) && typeof deps !== \"function\") {\n      warn(\"array or function\", \"2nd\", \"deps or skipUpdate\", typeof deps);\n    }\n    if (skipUpdate && typeof skipUpdate !== \"function\") {\n      warn(\"function\", \"3rd\", \"skipUpdate\", typeof skipUpdate);\n    }\n  }\n\n  const data = _useTracker(reactiveFn, deps, skipUpdate);\n  checkCursor(data);\n  return data;\n}\n\nexport const useTracker = Meteor.isDevelopment\n  ? useTrackerDev as typeof useTrackerClient\n  : _useTracker;\n"]}}},"code":"module.export({\n  useTracker: () => useTracker\n});\nlet Meteor;\nmodule.link(\"meteor/meteor\", {\n  Meteor(v) {\n    Meteor = v;\n  }\n}, 0);\nlet Tracker;\nmodule.link(\"meteor/tracker\", {\n  Tracker(v) {\n    Tracker = v;\n  }\n}, 1);\nlet useReducer, useEffect, useRef, useMemo;\nmodule.link(\"react\", {\n  useReducer(v) {\n    useReducer = v;\n  },\n  useEffect(v) {\n    useEffect = v;\n  },\n  useRef(v) {\n    useRef = v;\n  },\n  useMemo(v) {\n    useMemo = v;\n  }\n}, 2);\n// Warns if data is a Mongo.Cursor or a POJO containing a Mongo.Cursor.\nfunction checkCursor(data) {\n  let shouldWarn = false;\n  if (Package.mongo && Package.mongo.Mongo && data && typeof data === 'object') {\n    if (data instanceof Package.mongo.Mongo.Cursor) {\n      shouldWarn = true;\n    } else if (Object.getPrototypeOf(data) === Object.prototype) {\n      Object.keys(data).forEach(key => {\n        if (data[key] instanceof Package.mongo.Mongo.Cursor) {\n          shouldWarn = true;\n        }\n      });\n    }\n  }\n  if (shouldWarn) {\n    console.warn('Warning: your reactive function is returning a Mongo cursor. ' + 'This value will not be reactive. You probably want to call ' + '`.fetch()` on the cursor before returning it.');\n  }\n}\n// Used to create a forceUpdate from useReducer. Forces update by\n// incrementing a number whenever the dispatch method is invoked.\nconst fur = x => x + 1;\nconst useForceUpdate = () => useReducer(fur, 0)[1];\nconst useTrackerNoDeps = function (reactiveFn) {\n  let skipUpdate = arguments.length > 1 && arguments[1] !== undefined ? arguments[1] : null;\n  const {\n    current: refs\n  } = useRef({\n    isMounted: false,\n    trackerData: null\n  });\n  const forceUpdate = useForceUpdate();\n  // Without deps, always dispose and recreate the computation with every render.\n  if (refs.computation) {\n    refs.computation.stop();\n    // @ts-ignore This makes TS think ref.computation is \"never\" set\n    delete refs.computation;\n  }\n  // Use Tracker.nonreactive in case we are inside a Tracker Computation.\n  // This can happen if someone calls `ReactDOM.render` inside a Computation.\n  // In that case, we want to opt out of the normal behavior of nested\n  // Computations, where if the outer one is invalidated or stopped,\n  // it stops the inner one.\n  Tracker.nonreactive(() => Tracker.autorun(c => {\n    refs.computation = c;\n    const data = reactiveFn(c);\n    if (c.firstRun) {\n      // Always run the reactiveFn on firstRun\n      refs.trackerData = data;\n    } else if (!skipUpdate || !skipUpdate(refs.trackerData, data)) {\n      // For any reactive change, forceUpdate and let the next render rebuild the computation.\n      forceUpdate();\n    }\n  }));\n  // To clean up side effects in render, stop the computation immediately\n  if (!refs.isMounted) {\n    Meteor.defer(() => {\n      if (!refs.isMounted && refs.computation) {\n        refs.computation.stop();\n        delete refs.computation;\n      }\n    });\n  }\n  useEffect(() => {\n    // Let subsequent renders know we are mounted (render is committed).\n    refs.isMounted = true;\n    // In some cases, the useEffect hook will run before Meteor.defer, such as\n    // when React.lazy is used. In those cases, we might as well leave the\n    // computation alone!\n    if (!refs.computation) {\n      // Render is committed, but we no longer have a computation. Invoke\n      // forceUpdate and let the next render recreate the computation.\n      if (!skipUpdate) {\n        forceUpdate();\n      } else {\n        Tracker.nonreactive(() => Tracker.autorun(c => {\n          const data = reactiveFn(c);\n          refs.computation = c;\n          if (!skipUpdate(refs.trackerData, data)) {\n            // For any reactive change, forceUpdate and let the next render rebuild the computation.\n            forceUpdate();\n          }\n        }));\n      }\n    }\n    // stop the computation on unmount\n    return () => {\n      var _refs$computation;\n      (_refs$computation = refs.computation) === null || _refs$computation === void 0 ? void 0 : _refs$computation.stop();\n      delete refs.computation;\n      refs.isMounted = false;\n    };\n  }, []);\n  return refs.trackerData;\n};\nconst useTrackerWithDeps = function (reactiveFn, deps) {\n  let skipUpdate = arguments.length > 2 && arguments[2] !== undefined ? arguments[2] : null;\n  const forceUpdate = useForceUpdate();\n  const {\n    current: refs\n  } = useRef({\n    reactiveFn\n  });\n  // keep reactiveFn ref fresh\n  refs.reactiveFn = reactiveFn;\n  useMemo(() => {\n    // To jive with the lifecycle interplay between Tracker/Subscribe, run the\n    // reactive function in a computation, then stop it, to force flush cycle.\n    const comp = Tracker.nonreactive(() => Tracker.autorun(c => {\n      const data = refs.reactiveFn();\n      if (c.firstRun) {\n        refs.data = data;\n      } else if (!skipUpdate || !skipUpdate(refs.data, data)) {\n        refs.data = data;\n        forceUpdate();\n      }\n    }));\n    // Stop the computation immediately to avoid creating side effects in render.\n    // refers to this issues:\n    // https://github.com/meteor/react-packages/issues/382\n    // https://github.com/meteor/react-packages/issues/381\n    if (refs.comp) refs.comp.stop();\n    // In some cases, the useEffect hook will run before Meteor.defer, such as\n    // when React.lazy is used. This will allow it to be stopped earlier in\n    // useEffect if needed.\n    refs.comp = comp;\n    // To avoid creating side effects in render, stop the computation immediately\n    Meteor.defer(() => {\n      if (!refs.isMounted && refs.comp) {\n        refs.comp.stop();\n        delete refs.comp;\n      }\n    });\n  }, deps);\n  useEffect(() => {\n    // Let subsequent renders know we are mounted (render is committed).\n    refs.isMounted = true;\n    if (!refs.comp) {\n      refs.comp = Tracker.nonreactive(() => Tracker.autorun(c => {\n        const data = refs.reactiveFn(c);\n        if (!skipUpdate || !skipUpdate(refs.data, data)) {\n          refs.data = data;\n          forceUpdate();\n        }\n      }));\n    }\n    return () => {\n      refs.comp.stop();\n      delete refs.comp;\n      refs.isMounted = false;\n    };\n  }, deps);\n  return refs.data;\n};\nfunction useTrackerClient(reactiveFn) {\n  let deps = arguments.length > 1 && arguments[1] !== undefined ? arguments[1] : null;\n  let skipUpdate = arguments.length > 2 && arguments[2] !== undefined ? arguments[2] : null;\n  if (deps === null || deps === undefined || !Array.isArray(deps)) {\n    if (typeof deps === \"function\") {\n      skipUpdate = deps;\n    }\n    return useTrackerNoDeps(reactiveFn, skipUpdate);\n  } else {\n    return useTrackerWithDeps(reactiveFn, deps, skipUpdate);\n  }\n}\nconst useTrackerServer = reactiveFn => {\n  return Tracker.nonreactive(reactiveFn);\n};\n// When rendering on the server, we don't want to use the Tracker.\n// We only do the first rendering on the server so we can get the data right away\nconst _useTracker = Meteor.isServer ? useTrackerServer : useTrackerClient;\nfunction useTrackerDev(reactiveFn) {\n  let deps = arguments.length > 1 && arguments[1] !== undefined ? arguments[1] : null;\n  let skipUpdate = arguments.length > 2 && arguments[2] !== undefined ? arguments[2] : null;\n  function warn(expects, pos, arg, type) {\n    console.warn(\"Warning: useTracker expected a \".concat(expects, \" in it's \").concat(pos, \" argument \") + \"(\".concat(arg, \"), but got type of `\").concat(type, \"`.\"));\n  }\n  if (typeof reactiveFn !== 'function') {\n    warn(\"function\", \"1st\", \"reactiveFn\", reactiveFn);\n  }\n  if (deps && skipUpdate && !Array.isArray(deps) && typeof skipUpdate === \"function\") {\n    warn(\"array & function\", \"2nd and 3rd\", \"deps, skipUpdate\", \"\".concat(typeof deps, \" & \").concat(typeof skipUpdate));\n  } else {\n    if (deps && !Array.isArray(deps) && typeof deps !== \"function\") {\n      warn(\"array or function\", \"2nd\", \"deps or skipUpdate\", typeof deps);\n    }\n    if (skipUpdate && typeof skipUpdate !== \"function\") {\n      warn(\"function\", \"3rd\", \"skipUpdate\", typeof skipUpdate);\n    }\n  }\n  const data = _useTracker(reactiveFn, deps, skipUpdate);\n  checkCursor(data);\n  return data;\n}\nconst useTracker = Meteor.isDevelopment ? useTrackerDev : _useTracker;","map":{"version":3,"names":["module","export","useTracker","Meteor","link","v","Tracker","useReducer","useEffect","useRef","useMemo","checkCursor","data","shouldWarn","Package","mongo","Mongo","Cursor","Object","getPrototypeOf","prototype","keys","forEach","key","console","warn","fur","x","useForceUpdate","useTrackerNoDeps","reactiveFn","skipUpdate","arguments","length","undefined","current","refs","isMounted","trackerData","forceUpdate","computation","stop","nonreactive","autorun","c","firstRun","defer","_refs$computation","useTrackerWithDeps","deps","comp","useTrackerClient","Array","isArray","useTrackerServer","_useTracker","isServer","useTrackerDev","expects","pos","arg","type","concat","isDevelopment"],"sources":["packages/react-meteor-data/useTracker.ts"],"sourcesContent":["declare var Package: any\nimport { Meteor } from 'meteor/meteor';\nimport { Tracker } from 'meteor/tracker';\nimport { useReducer, useEffect, useRef, useMemo, DependencyList } from 'react';\n\n// Warns if data is a Mongo.Cursor or a POJO containing a Mongo.Cursor.\nfunction checkCursor (data: any): void {\n  let shouldWarn = false;\n  if (Package.mongo && Package.mongo.Mongo && data && typeof data === 'object') {\n    if (data instanceof Package.mongo.Mongo.Cursor) {\n      shouldWarn = true;\n    } else if (Object.getPrototypeOf(data) === Object.prototype) {\n      Object.keys(data).forEach((key) => {\n        if (data[key] instanceof Package.mongo.Mongo.Cursor) {\n          shouldWarn = true;\n        }\n      });\n    }\n  }\n  if (shouldWarn) {\n    console.warn(\n      'Warning: your reactive function is returning a Mongo cursor. '\n      + 'This value will not be reactive. You probably want to call '\n      + '`.fetch()` on the cursor before returning it.'\n    );\n  }\n}\n\n// Used to create a forceUpdate from useReducer. Forces update by\n// incrementing a number whenever the dispatch method is invoked.\nconst fur = (x: number): number => x + 1;\nconst useForceUpdate = () => useReducer(fur, 0)[1];\n\nexport interface IReactiveFn<T> {\n  (c?: Tracker.Computation): T\n}\n\nexport interface ISkipUpdate<T> {\n  <T>(prev: T, next: T): boolean\n}\n\ntype TrackerRefs = {\n  computation?: Tracker.Computation;\n  isMounted: boolean;\n  trackerData: any;\n}\n\nconst useTrackerNoDeps = <T = any>(reactiveFn: IReactiveFn<T>, skipUpdate: ISkipUpdate<T> = null) => {\n  const { current: refs } = useRef<TrackerRefs>({\n    isMounted: false,\n    trackerData: null\n  });\n  const forceUpdate = useForceUpdate();\n\n  // Without deps, always dispose and recreate the computation with every render.\n  if (refs.computation) {\n    refs.computation.stop();\n    // @ts-ignore This makes TS think ref.computation is \"never\" set\n    delete refs.computation;\n  }\n\n  // Use Tracker.nonreactive in case we are inside a Tracker Computation.\n  // This can happen if someone calls `ReactDOM.render` inside a Computation.\n  // In that case, we want to opt out of the normal behavior of nested\n  // Computations, where if the outer one is invalidated or stopped,\n  // it stops the inner one.\n  Tracker.nonreactive(() => Tracker.autorun((c: Tracker.Computation) => {\n    refs.computation = c;\n    const data = reactiveFn(c);\n    if (c.firstRun) {\n      // Always run the reactiveFn on firstRun\n      refs.trackerData = data;\n    } else if (!skipUpdate || !skipUpdate(refs.trackerData, data)) {\n      // For any reactive change, forceUpdate and let the next render rebuild the computation.\n      forceUpdate();\n    }\n  }));\n\n  // To clean up side effects in render, stop the computation immediately\n  if (!refs.isMounted) {\n    Meteor.defer(() => {\n      if (!refs.isMounted && refs.computation) {\n        refs.computation.stop();\n        delete refs.computation;\n      }\n    });\n  }\n\n  useEffect(() => {\n    // Let subsequent renders know we are mounted (render is committed).\n    refs.isMounted = true;\n\n    // In some cases, the useEffect hook will run before Meteor.defer, such as\n    // when React.lazy is used. In those cases, we might as well leave the\n    // computation alone!\n    if (!refs.computation) {\n      // Render is committed, but we no longer have a computation. Invoke\n      // forceUpdate and let the next render recreate the computation.\n      if (!skipUpdate) {\n        forceUpdate();\n      } else {\n        Tracker.nonreactive(() => Tracker.autorun((c: Tracker.Computation) => {\n          const data = reactiveFn(c);\n          refs.computation = c;\n          if (!skipUpdate(refs.trackerData, data)) {\n            // For any reactive change, forceUpdate and let the next render rebuild the computation.\n            forceUpdate();\n          }\n        }));\n      }\n    }\n\n    // stop the computation on unmount\n    return () =>{\n      refs.computation?.stop();\n      delete refs.computation;\n      refs.isMounted = false;\n    }\n  }, []);\n\n  return refs.trackerData;\n}\n\nconst useTrackerWithDeps = <T = any>(reactiveFn: IReactiveFn<T>, deps: DependencyList, skipUpdate: ISkipUpdate<T> = null): T => {\n  const forceUpdate = useForceUpdate();\n\n  const { current: refs } = useRef<{\n    reactiveFn: IReactiveFn<T>;\n    data?: T;\n    comp?: Tracker.Computation;\n    isMounted?: boolean;\n  }>({ reactiveFn });\n\n  // keep reactiveFn ref fresh\n  refs.reactiveFn = reactiveFn;\n\n  useMemo(() => {\n    // To jive with the lifecycle interplay between Tracker/Subscribe, run the\n    // reactive function in a computation, then stop it, to force flush cycle.\n    const comp = Tracker.nonreactive(\n      () => Tracker.autorun((c: Tracker.Computation) => {\n        const data = refs.reactiveFn();\n        if (c.firstRun) {\n          refs.data = data;\n        } else if (!skipUpdate || !skipUpdate(refs.data, data)) {\n          refs.data = data;\n          forceUpdate();\n        }\n      })\n    );\n\n    // Stop the computation immediately to avoid creating side effects in render.\n    // refers to this issues:\n    // https://github.com/meteor/react-packages/issues/382\n    // https://github.com/meteor/react-packages/issues/381\n    if (refs.comp) refs.comp.stop();\n\n    // In some cases, the useEffect hook will run before Meteor.defer, such as\n    // when React.lazy is used. This will allow it to be stopped earlier in\n    // useEffect if needed.\n    refs.comp = comp;\n    // To avoid creating side effects in render, stop the computation immediately\n    Meteor.defer(() => {\n      if (!refs.isMounted && refs.comp) {\n        refs.comp.stop();\n        delete refs.comp;\n      }\n    });\n  }, deps);\n\n  useEffect(() => {\n    // Let subsequent renders know we are mounted (render is committed).\n    refs.isMounted = true;\n\n    if (!refs.comp) {\n      refs.comp = Tracker.nonreactive(\n        () => Tracker.autorun((c) => {\n          const data: T = refs.reactiveFn(c);\n          if (!skipUpdate || !skipUpdate(refs.data, data)) {\n            refs.data = data;\n            forceUpdate();\n          }\n        })\n      );\n    }\n\n    return () => {\n      refs.comp.stop();\n      delete refs.comp;\n      refs.isMounted = false;\n    };\n  }, deps);\n\n  return refs.data as T;\n};\n\nfunction useTrackerClient <T = any>(reactiveFn: IReactiveFn<T>, skipUpdate?: ISkipUpdate<T>): T;\nfunction useTrackerClient <T = any>(reactiveFn: IReactiveFn<T>, deps?: DependencyList, skipUpdate?: ISkipUpdate<T>): T;\nfunction useTrackerClient <T = any>(reactiveFn: IReactiveFn<T>, deps: DependencyList | ISkipUpdate<T> = null, skipUpdate: ISkipUpdate<T> = null): T {\n  if (deps === null || deps === undefined || !Array.isArray(deps)) {\n    if (typeof deps === \"function\") {\n      skipUpdate = deps;\n    }\n    return useTrackerNoDeps(reactiveFn, skipUpdate);\n  } else {\n    return useTrackerWithDeps(reactiveFn, deps, skipUpdate);\n  }\n}\n\nconst useTrackerServer: typeof useTrackerClient = (reactiveFn) => {\n  return Tracker.nonreactive(reactiveFn);\n}\n\n// When rendering on the server, we don't want to use the Tracker.\n// We only do the first rendering on the server so we can get the data right away\nconst _useTracker = Meteor.isServer\n  ? useTrackerServer\n  : useTrackerClient;\n\nfunction useTrackerDev (reactiveFn, deps = null, skipUpdate = null) {\n  function warn (expects: string, pos: string, arg: string, type: string) {\n    console.warn(\n      `Warning: useTracker expected a ${expects} in it\\'s ${pos} argument `\n        + `(${arg}), but got type of \\`${type}\\`.`\n    );\n  }\n\n  if (typeof reactiveFn !== 'function') {\n    warn(\"function\", \"1st\", \"reactiveFn\", reactiveFn);\n  }\n\n  if (deps && skipUpdate && !Array.isArray(deps) && typeof skipUpdate === \"function\") {\n    warn(\"array & function\", \"2nd and 3rd\", \"deps, skipUpdate\",\n      `${typeof deps} & ${typeof skipUpdate}`);\n  } else {\n    if (deps && !Array.isArray(deps) && typeof deps !== \"function\") {\n      warn(\"array or function\", \"2nd\", \"deps or skipUpdate\", typeof deps);\n    }\n    if (skipUpdate && typeof skipUpdate !== \"function\") {\n      warn(\"function\", \"3rd\", \"skipUpdate\", typeof skipUpdate);\n    }\n  }\n\n  const data = _useTracker(reactiveFn, deps, skipUpdate);\n  checkCursor(data);\n  return data;\n}\n\nexport const useTracker = Meteor.isDevelopment\n  ? useTrackerDev as typeof useTrackerClient\n  : _useTracker;\n"],"mappings":"AACAA,MAAA,CAAOC,MAAE;EAAMC,UAAQ,EAAAA,CAAA,KAAAA;AAAgB;AAAA,IAAAC,MAAA;AAAAH,MAAA,CAAAI,IAAA;EAAAD,OAAAE,CAAA;IAAAF,MAAA,GAAAE,CAAA;EAAA;AAAA;AAAA,IAAAC,OAAA;AAAAN,MAAA,CAAAI,IAAA;EAAAE,QAAAD,CAAA;IAAAC,OAAA,GAAAD,CAAA;EAAA;AAAA;AAAA,IAAAE,UAAA,EAAAC,SAAA,EAAAC,MAAA,EAAAC,OAAA;AAAAV,MAAA,CAAAI,IAAA;EAAAG,WAAAF,CAAA;IAAAE,UAAA,GAAAF,CAAA;EAAA;EAAAG,UAAAH,CAAA;IAAAG,SAAA,GAAAH,CAAA;EAAA;EAAAI,OAAAJ,CAAA;IAAAI,MAAA,GAAAJ,CAAA;EAAA;EAAAK,QAAAL,CAAA;IAAAK,OAAA,GAAAL,CAAA;EAAA;AAAA;AAIvC;AACA,SAASM,WAAWA,CAAEC,IAAS;EAC7B,IAAIC,UAAU,GAAG,KAAK;EACtB,IAAIC,OAAO,CAACC,KAAK,IAAID,OAAO,CAACC,KAAK,CAACC,KAAK,IAAIJ,IAAI,IAAI,OAAOA,IAAI,KAAK,QAAQ,EAAE;IAC5E,IAAIA,IAAI,YAAYE,OAAO,CAACC,KAAK,CAACC,KAAK,CAACC,MAAM,EAAE;MAC9CJ,UAAU,GAAG,IAAI;KAClB,MAAM,IAAIK,MAAM,CAACC,cAAc,CAACP,IAAI,CAAC,KAAKM,MAAM,CAACE,SAAS,EAAE;MAC3DF,MAAM,CAACG,IAAI,CAACT,IAAI,CAAC,CAACU,OAAO,CAAEC,GAAG,IAAI;QAChC,IAAIX,IAAI,CAACW,GAAG,CAAC,YAAYT,OAAO,CAACC,KAAK,CAACC,KAAK,CAACC,MAAM,EAAE;UACnDJ,UAAU,GAAG,IAAI;;MAErB,CAAC,CAAC;;;EAGN,IAAIA,UAAU,EAAE;IACdW,OAAO,CAACC,IAAI,CACV,+DAA+D,GAC7D,6DAA6D,GAC7D,+CAA+C,CAClD;;AAEL;AAEA;AACA;AACA,MAAMC,GAAG,GAAIC,CAAS,IAAaA,CAAC,GAAG,CAAC;AACxC,MAAMC,cAAc,GAAGA,CAAA,KAAMrB,UAAU,CAACmB,GAAG,EAAE,CAAC,CAAC,CAAC,CAAC,CAAC;AAgBlD,MAAMG,gBAAgB,GAAG,SAAAA,CAAUC,UAA0B,EAAuC;EAAA,IAArCC,UAAA,GAAAC,SAAA,CAAAC,MAAA,QAAAD,SAAA,QAAAE,SAAA,GAAAF,SAAA,MAA6B,IAAI;EAC9F,MAAM;IAAEG,OAAO,EAAEC;EAAI,CAAE,GAAG3B,MAAM,CAAc;IAC5C4B,SAAS,EAAE,KAAK;IAChBC,WAAW,EAAE;GACd,CAAC;EACF,MAAMC,WAAW,GAAGX,cAAc,EAAE;EAEpC;EACA,IAAIQ,IAAI,CAACI,WAAW,EAAE;IACpBJ,IAAI,CAACI,WAAW,CAACC,IAAI,EAAE;IACvB;IACA,OAAOL,IAAI,CAACI,WAAW;;EAGzB;EACA;EACA;EACA;EACA;EACAlC,OAAO,CAACoC,WAAW,CAAC,MAAMpC,OAAO,CAACqC,OAAO,CAAEC,CAAsB,IAAI;IACnER,IAAI,CAACI,WAAW,GAAGI,CAAC;IACpB,MAAMhC,IAAI,GAAGkB,UAAU,CAACc,CAAC,CAAC;IAC1B,IAAIA,CAAC,CAACC,QAAQ,EAAE;MACd;MACAT,IAAI,CAACE,WAAW,GAAG1B,IAAI;KACxB,MAAM,IAAI,CAACmB,UAAU,IAAI,CAACA,UAAU,CAACK,IAAI,CAACE,WAAW,EAAE1B,IAAI,CAAC,EAAE;MAC7D;MACA2B,WAAW,EAAE;;EAEjB,CAAC,CAAC,CAAC;EAEH;EACA,IAAI,CAACH,IAAI,CAACC,SAAS,EAAE;IACnBlC,MAAM,CAAC2C,KAAK,CAAC,MAAK;MAChB,IAAI,CAACV,IAAI,CAACC,SAAS,IAAID,IAAI,CAACI,WAAW,EAAE;QACvCJ,IAAI,CAACI,WAAW,CAACC,IAAI,EAAE;QACvB,OAAOL,IAAI,CAACI,WAAW;;IAE3B,CAAC,CAAC;;EAGJhC,SAAS,CAAC,MAAK;IACb;IACA4B,IAAI,CAACC,SAAS,GAAG,IAAI;IAErB;IACA;IACA;IACA,IAAI,CAACD,IAAI,CAACI,WAAW,EAAE;MACrB;MACA;MACA,IAAI,CAACT,UAAU,EAAE;QACfQ,WAAW,EAAE;OACd,MAAM;QACLjC,OAAO,CAACoC,WAAW,CAAC,MAAMpC,OAAO,CAACqC,OAAO,CAAEC,CAAsB,IAAI;UACnE,MAAMhC,IAAI,GAAGkB,UAAU,CAACc,CAAC,CAAC;UAC1BR,IAAI,CAACI,WAAW,GAAGI,CAAC;UACpB,IAAI,CAACb,UAAU,CAACK,IAAI,CAACE,WAAW,EAAE1B,IAAI,CAAC,EAAE;YACvC;YACA2B,WAAW,EAAE;;QAEjB,CAAC,CAAC,CAAC;;;IAIP;IACA,OAAO,MAAK;MAAA,IAAAQ,iBAAA;MACV,CAAAA,iBAAA,GAAAX,IAAI,CAACI,WAAW,cAAAO,iBAAA,uBAAhBA,iBAAA,CAAkBN,IAAI,EAAE;MACxB,OAAOL,IAAI,CAACI,WAAW;MACvBJ,IAAI,CAACC,SAAS,GAAG,KAAK;IACxB,CAAC;EACH,CAAC,EAAE,EAAE,CAAC;EAEN,OAAOD,IAAI,CAACE,WAAW;AACzB,CAAC;AAED,MAAMU,kBAAkB,GAAG,SAAAA,CAAUlB,UAA0B,EAAEmB,IAAoB,EAA0C;EAAA,IAAxClB,UAAA,GAAAC,SAAA,CAAAC,MAAA,QAAAD,SAAA,QAAAE,SAAA,GAAAF,SAAA,MAA6B,IAAI;EACtH,MAAMO,WAAW,GAAGX,cAAc,EAAE;EAEpC,MAAM;IAAEO,OAAO,EAAEC;EAAI,CAAE,GAAG3B,MAAM,CAK7B;IAAEqB;EAAU,CAAE,CAAC;EAElB;EACAM,IAAI,CAACN,UAAU,GAAGA,UAAU;EAE5BpB,OAAO,CAAC,MAAK;IACX;IACA;IACA,MAAMwC,IAAI,GAAG5C,OAAO,CAACoC,WAAW,CAC9B,MAAMpC,OAAO,CAACqC,OAAO,CAAEC,CAAsB,IAAI;MAC/C,MAAMhC,IAAI,GAAGwB,IAAI,CAACN,UAAU,EAAE;MAC9B,IAAIc,CAAC,CAACC,QAAQ,EAAE;QACdT,IAAI,CAACxB,IAAI,GAAGA,IAAI;OACjB,MAAM,IAAI,CAACmB,UAAU,IAAI,CAACA,UAAU,CAACK,IAAI,CAACxB,IAAI,EAAEA,IAAI,CAAC,EAAE;QACtDwB,IAAI,CAACxB,IAAI,GAAGA,IAAI;QAChB2B,WAAW,EAAE;;IAEjB,CAAC,CAAC,CACH;IAED;IACA;IACA;IACA;IACA,IAAIH,IAAI,CAACc,IAAI,EAAEd,IAAI,CAACc,IAAI,CAACT,IAAI,EAAE;IAE/B;IACA;IACA;IACAL,IAAI,CAACc,IAAI,GAAGA,IAAI;IAChB;IACA/C,MAAM,CAAC2C,KAAK,CAAC,MAAK;MAChB,IAAI,CAACV,IAAI,CAACC,SAAS,IAAID,IAAI,CAACc,IAAI,EAAE;QAChCd,IAAI,CAACc,IAAI,CAACT,IAAI,EAAE;QAChB,OAAOL,IAAI,CAACc,IAAI;;IAEpB,CAAC,CAAC;EACJ,CAAC,EAAED,IAAI,CAAC;EAERzC,SAAS,CAAC,MAAK;IACb;IACA4B,IAAI,CAACC,SAAS,GAAG,IAAI;IAErB,IAAI,CAACD,IAAI,CAACc,IAAI,EAAE;MACdd,IAAI,CAACc,IAAI,GAAG5C,OAAO,CAACoC,WAAW,CAC7B,MAAMpC,OAAO,CAACqC,OAAO,CAAEC,CAAC,IAAI;QAC1B,MAAMhC,IAAI,GAAMwB,IAAI,CAACN,UAAU,CAACc,CAAC,CAAC;QAClC,IAAI,CAACb,UAAU,IAAI,CAACA,UAAU,CAACK,IAAI,CAACxB,IAAI,EAAEA,IAAI,CAAC,EAAE;UAC/CwB,IAAI,CAACxB,IAAI,GAAGA,IAAI;UAChB2B,WAAW,EAAE;;MAEjB,CAAC,CAAC,CACH;;IAGH,OAAO,MAAK;MACVH,IAAI,CAACc,IAAI,CAACT,IAAI,EAAE;MAChB,OAAOL,IAAI,CAACc,IAAI;MAChBd,IAAI,CAACC,SAAS,GAAG,KAAK;IACxB,CAAC;EACH,CAAC,EAAEY,IAAI,CAAC;EAER,OAAOb,IAAI,CAACxB,IAAS;AACvB,CAAC;AAID,SAASuC,gBAAgBA,CAAWrB,UAA0B,EAAiF;EAAA,IAA/EmB,IAAA,GAAAjB,SAAA,CAAAC,MAAA,QAAAD,SAAA,QAAAE,SAAA,GAAAF,SAAA,MAAwC,IAAI;EAAA,IAAED,UAAA,GAAAC,SAAA,CAAAC,MAAA,QAAAD,SAAA,QAAAE,SAAA,GAAAF,SAAA,MAA6B,IAAI;EAC7I,IAAIiB,IAAI,KAAK,IAAI,IAAIA,IAAI,KAAKf,SAAS,IAAI,CAACkB,KAAK,CAACC,OAAO,CAACJ,IAAI,CAAC,EAAE;IAC/D,IAAI,OAAOA,IAAI,KAAK,UAAU,EAAE;MAC9BlB,UAAU,GAAGkB,IAAI;;IAEnB,OAAOpB,gBAAgB,CAACC,UAAU,EAAEC,UAAU,CAAC;GAChD,MAAM;IACL,OAAOiB,kBAAkB,CAAClB,UAAU,EAAEmB,IAAI,EAAElB,UAAU,CAAC;;AAE3D;AAEA,MAAMuB,gBAAgB,GAA6BxB,UAAU,IAAI;EAC/D,OAAOxB,OAAO,CAACoC,WAAW,CAACZ,UAAU,CAAC;AACxC,CAAC;AAED;AACA;AACA,MAAMyB,WAAW,GAAGpD,MAAM,CAACqD,QAAQ,GAC/BF,gBAAgB,GAChBH,gBAAgB;AAEpB,SAASM,aAAaA,CAAE3B,UAAU,EAAgC;EAAA,IAA9BmB,IAAI,GAAAjB,SAAA,CAAAC,MAAA,QAAAD,SAAA,QAAAE,SAAA,GAAAF,SAAA,MAAG,IAAI;EAAA,IAAED,UAAU,GAAAC,SAAA,CAAAC,MAAA,QAAAD,SAAA,QAAAE,SAAA,GAAAF,SAAA,MAAG,IAAI;EAChE,SAASP,IAAIA,CAAEiC,OAAe,EAAEC,GAAW,EAAEC,GAAW,EAAEC,IAAY;IACpErC,OAAO,CAACC,IAAI,CACV,kCAAAqC,MAAA,CAAkCJ,OAAO,eAAAI,MAAA,CAAaH,GAAG,sBAAAG,MAAA,CACjDF,GAAG,0BAAAE,MAAA,CAAwBD,IAAI,OAAK,CAC7C;EACH;EAEA,IAAI,OAAO/B,UAAU,KAAK,UAAU,EAAE;IACpCL,IAAI,CAAC,UAAU,EAAE,KAAK,EAAE,YAAY,EAAEK,UAAU,CAAC;;EAGnD,IAAImB,IAAI,IAAIlB,UAAU,IAAI,CAACqB,KAAK,CAACC,OAAO,CAACJ,IAAI,CAAC,IAAI,OAAOlB,UAAU,KAAK,UAAU,EAAE;IAClFN,IAAI,CAAC,kBAAkB,EAAE,aAAa,EAAE,kBAAkB,KAAAqC,MAAA,CACrD,OAAOb,IAAI,SAAAa,MAAA,CAAM,OAAO/B,UAAU,CAAE,CAAC;GAC3C,MAAM;IACL,IAAIkB,IAAI,IAAI,CAACG,KAAK,CAACC,OAAO,CAACJ,IAAI,CAAC,IAAI,OAAOA,IAAI,KAAK,UAAU,EAAE;MAC9DxB,IAAI,CAAC,mBAAmB,EAAE,KAAK,EAAE,oBAAoB,EAAE,OAAOwB,IAAI,CAAC;;IAErE,IAAIlB,UAAU,IAAI,OAAOA,UAAU,KAAK,UAAU,EAAE;MAClDN,IAAI,CAAC,UAAU,EAAE,KAAK,EAAE,YAAY,EAAE,OAAOM,UAAU,CAAC;;;EAI5D,MAAMnB,IAAI,GAAG2C,WAAW,CAACzB,UAAU,EAAEmB,IAAI,EAAElB,UAAU,CAAC;EACtDpB,WAAW,CAACC,IAAI,CAAC;EACjB,OAAOA,IAAI;AACb;AAEO,MAAMV,UAAU,GAAGC,MAAM,CAAC4D,aAAa,GAC1CN,aAAwC,GACxCF,WAAW"},"sourceType":"module","externalDependencies":{},"hash":"80651d0b3941e97976d51121ef36be8d4f2b04cc"}
