{"metadata":{},"options":{"assumptions":{},"compact":false,"sourceMaps":true,"ast":true,"babelrc":false,"configFile":false,"parserOpts":{"sourceType":"module","sourceFileName":"D:\\loan_app\\loan-management\\packages\\random\\createAleaGenerator.js","plugins":["*","flow","jsx","asyncGenerators","bigInt","classPrivateMethods","classPrivateProperties","classProperties","doExpressions","dynamicImport","exportDefaultFrom","exportExtensions","exportNamespaceFrom","functionBind","functionSent","importMeta","nullishCoalescingOperator","numericSeparator","objectRestSpread","optionalCatchBinding","optionalChaining",["pipelineOperator",{"proposal":"minimal"}],"throwExpressions","objectRestSpread","objectRestSpread","asyncGenerators","classProperties","classPrivateProperties","jsx","nullishCoalescingOperator","nullishCoalescingOperator","optionalChaining","optionalChaining","optionalCatchBinding","optionalCatchBinding","classProperties","classPrivateProperties","classPrivateMethods","classProperties","classPrivateProperties","asyncGenerators","asyncGenerators","objectRestSpread","objectRestSpread","logicalAssignment"],"allowImportExportEverywhere":true,"allowReturnOutsideFunction":true,"allowUndeclaredExports":true,"strictMode":false},"caller":{"name":"meteor","arch":"os.windows.x86_64"},"sourceFileName":"packages/random/createAleaGenerator.js","filename":"D:\\loan_app\\loan-management\\packages\\random\\createAleaGenerator.js","targets":{},"cloneInputAst":true,"browserslistConfigFile":false,"passPerPreset":false,"envName":"development","cwd":"D:\\loan_app\\loan-management","root":"D:\\loan_app\\loan-management","rootMode":"root","plugins":[{"key":"base$0","visitor":{"_exploded":true,"_verified":true},"options":{},"externalDependencies":[]},{"key":"base$0$0","visitor":{"Program":{"enter":[null],"exit":[null]},"_exploded":true,"_verified":true},"options":{"avoidModernSyntax":false,"enforceStrictMode":false,"dynamicImport":true,"generateLetDeclarations":true},"externalDependencies":[]},{"key":"transform-runtime","visitor":{"MemberExpression":{"enter":[null]},"ObjectPattern":{"enter":[null]},"BinaryExpression":{"enter":[null]},"Identifier":{"enter":[null]},"JSXIdentifier":{"enter":[null]},"_exploded":true,"_verified":true},"options":{"version":"7.17.2","helpers":true,"useESModules":false,"corejs":false},"externalDependencies":[]},{"key":"syntax-object-rest-spread","visitor":{"_exploded":true,"_verified":true},"options":{},"externalDependencies":[]},{"key":"proposal-object-rest-spread","visitor":{"VariableDeclarator":{"enter":[null]},"ExportNamedDeclaration":{"enter":[null]},"CatchClause":{"enter":[null]},"AssignmentExpression":{"enter":[null]},"ArrayPattern":{"enter":[null]},"ObjectExpression":{"enter":[null]},"FunctionDeclaration":{"enter":[null]},"FunctionExpression":{"enter":[null]},"ObjectMethod":{"enter":[null]},"ArrowFunctionExpression":{"enter":[null]},"ClassMethod":{"enter":[null]},"ClassPrivateMethod":{"enter":[null]},"ForInStatement":{"enter":[null]},"ForOfStatement":{"enter":[null]},"_exploded":true,"_verified":true},"options":{},"externalDependencies":[]},{"key":"transform-meteor-async-await","visitor":{"AwaitExpression":{"enter":[null]},"_exploded":true,"_verified":true,"FunctionDeclaration":{"exit":[null]},"FunctionExpression":{"exit":[null]},"ObjectMethod":{"exit":[null]},"ArrowFunctionExpression":{"exit":[null]},"ClassMethod":{"exit":[null]},"ClassPrivateMethod":{"exit":[null]}},"options":{"useNativeAsyncAwait":false},"externalDependencies":[]},{"key":"proposal-async-generator-functions","visitor":{"Program":{"enter":[null]},"_exploded":true,"_verified":true},"options":{},"externalDependencies":[]},{"key":"proposal-class-properties","visitor":{"ExportDefaultDeclaration":{"enter":[null]},"_exploded":true,"_verified":true,"ClassExpression":{"enter":[null]},"ClassDeclaration":{"enter":[null]}},"options":{"loose":true},"externalDependencies":[]},{"key":"transform-react-jsx","visitor":{"JSXNamespacedName":{"enter":[null]},"JSXSpreadChild":{"enter":[null]},"Program":{"enter":[null]},"JSXFragment":{"exit":[null]},"JSXElement":{"exit":[null]},"JSXAttribute":{"enter":[null]},"_exploded":true,"_verified":true},"options":{"pragma":"React.createElement","pragmaFrag":"React.Fragment","runtime":"classic","throwIfNamespace":true,"useBuiltIns":false},"externalDependencies":[]},{"key":"transform-react-display-name","visitor":{"ExportDefaultDeclaration":{"enter":[null]},"CallExpression":{"enter":[null]},"_exploded":true,"_verified":true},"options":{},"externalDependencies":[]},{"key":"transform-react-pure-annotations","visitor":{"CallExpression":{"enter":[null]},"_exploded":true,"_verified":true},"options":{},"externalDependencies":[]},{"key":"syntax-nullish-coalescing-operator","visitor":{"_exploded":true,"_verified":true},"options":{},"externalDependencies":[]},{"key":"proposal-nullish-coalescing-operator","visitor":{"LogicalExpression":{"enter":[null]},"_exploded":true,"_verified":true},"options":{},"externalDependencies":[]},{"key":"syntax-optional-chaining","visitor":{"_exploded":true,"_verified":true},"options":{},"externalDependencies":[]},{"key":"proposal-optional-chaining","visitor":{"OptionalCallExpression":{"enter":[null]},"OptionalMemberExpression":{"enter":[null]},"_exploded":true,"_verified":true},"options":{},"externalDependencies":[]},{"key":"syntax-optional-catch-binding","visitor":{"_exploded":true,"_verified":true},"options":{},"externalDependencies":[]},{"key":"proposal-optional-catch-binding","visitor":{"CatchClause":{"enter":[null]},"_exploded":true,"_verified":true},"options":{},"externalDependencies":[]},{"key":"syntax-class-properties","visitor":{"_exploded":true,"_verified":true},"options":{},"externalDependencies":[]},{"key":"proposal-class-properties","visitor":{"ExportDefaultDeclaration":{"enter":[null]},"_exploded":true,"_verified":true,"ClassExpression":{"enter":[null]},"ClassDeclaration":{"enter":[null]}},"options":{},"externalDependencies":[]},{"key":"syntax-async-generators","visitor":{"_exploded":true,"_verified":true},"options":{},"externalDependencies":[]},{"key":"proposal-async-generator-functions","visitor":{"Program":{"enter":[null]},"_exploded":true,"_verified":true},"options":{},"externalDependencies":[]},{"key":"syntax-object-rest-spread","visitor":{"_exploded":true,"_verified":true},"options":{},"externalDependencies":[]},{"key":"proposal-object-rest-spread","visitor":{"VariableDeclarator":{"enter":[null]},"ExportNamedDeclaration":{"enter":[null]},"CatchClause":{"enter":[null]},"AssignmentExpression":{"enter":[null]},"ArrayPattern":{"enter":[null]},"ObjectExpression":{"enter":[null]},"FunctionDeclaration":{"enter":[null]},"FunctionExpression":{"enter":[null]},"ObjectMethod":{"enter":[null]},"ArrowFunctionExpression":{"enter":[null]},"ClassMethod":{"enter":[null]},"ClassPrivateMethod":{"enter":[null]},"ForInStatement":{"enter":[null]},"ForOfStatement":{"enter":[null]},"_exploded":true,"_verified":true},"options":{},"externalDependencies":[]},{"key":"proposal-logical-assignment-operators","visitor":{"AssignmentExpression":{"enter":[null]},"_exploded":true,"_verified":true},"options":{},"externalDependencies":[]},{"key":"transform-literals","visitor":{"NumericLiteral":{"enter":[null]},"StringLiteral":{"enter":[null]},"_exploded":true,"_verified":true},"options":{},"externalDependencies":[]},{"key":"transform-template-literals","visitor":{"TaggedTemplateExpression":{"enter":[null]},"TemplateLiteral":{"enter":[null]},"_exploded":true,"_verified":true},"options":{},"externalDependencies":[]},{"key":"transform-parameters","visitor":{"_exploded":true,"_verified":true,"FunctionDeclaration":{"enter":[null]},"FunctionExpression":{"enter":[null]},"ObjectMethod":{"enter":[null]},"ArrowFunctionExpression":{"enter":[null]},"ClassMethod":{"enter":[null]},"ClassPrivateMethod":{"enter":[null]}},"options":{},"externalDependencies":[]},{"key":"transform-exponentiation-operator","visitor":{"AssignmentExpression":{"enter":[null]},"BinaryExpression":{"enter":[null]},"_exploded":true,"_verified":true},"options":{},"externalDependencies":[]}],"presets":[],"generatorOpts":{"filename":"D:\\loan_app\\loan-management\\packages\\random\\createAleaGenerator.js","comments":true,"compact":false,"sourceMaps":true,"sourceFileName":"packages/random/createAleaGenerator.js"}},"code":"module.export({\n  default: () => createAleaGenerator\n});\nlet AleaRandomGenerator;\nmodule.link(\"./AleaRandomGenerator\", {\n  default(v) {\n    AleaRandomGenerator = v;\n  }\n}, 0);\n// instantiate RNG.  Heuristically collect entropy from various sources when a\n// cryptographic PRNG isn't available.\n\n// client sources\nconst height = typeof window !== 'undefined' && window.innerHeight || typeof document !== 'undefined' && document.documentElement && document.documentElement.clientHeight || typeof document !== 'undefined' && document.body && document.body.clientHeight || 1;\nconst width = typeof window !== 'undefined' && window.innerWidth || typeof document !== 'undefined' && document.documentElement && document.documentElement.clientWidth || typeof document !== 'undefined' && document.body && document.body.clientWidth || 1;\nconst agent = typeof navigator !== 'undefined' && navigator.userAgent || '';\nfunction createAleaGenerator() {\n  return new AleaRandomGenerator({\n    seeds: [new Date(), height, width, agent, Math.random()]\n  });\n}","map":{"version":3,"names":["module","export","default","createAleaGenerator","AleaRandomGenerator","link","v","height","window","innerHeight","document","documentElement","clientHeight","body","width","innerWidth","clientWidth","agent","navigator","userAgent","seeds","Date","Math","random"],"sources":["packages/random/createAleaGenerator.js"],"sourcesContent":["import AleaRandomGenerator from './AleaRandomGenerator';\n\n// instantiate RNG.  Heuristically collect entropy from various sources when a\n// cryptographic PRNG isn't available.\n\n// client sources\nconst height = (typeof window !== 'undefined' && window.innerHeight) ||\n      (typeof document !== 'undefined'\n       && document.documentElement\n       && document.documentElement.clientHeight) ||\n      (typeof document !== 'undefined'\n       && document.body\n       && document.body.clientHeight) ||\n      1;\n\nconst width = (typeof window !== 'undefined' && window.innerWidth) ||\n      (typeof document !== 'undefined'\n       && document.documentElement\n       && document.documentElement.clientWidth) ||\n      (typeof document !== 'undefined'\n       && document.body\n       && document.body.clientWidth) ||\n      1;\n\nconst agent = (typeof navigator !== 'undefined' && navigator.userAgent) || '';\n\nexport default function createAleaGenerator() {\n  return new AleaRandomGenerator({\n    seeds: [new Date, height, width, agent, Math.random()],\n  });\n}\n"],"mappings":"AAAAA,MAAM,CAACC,MAAM,CAAC;EAACC,OAAO,EAACA,CAAA,KAAIC;AAAmB,CAAC,CAAC;AAAC,IAAIC,mBAAmB;AAACJ,MAAM,CAACK,IAAI,CAAC,uBAAuB,EAAC;EAACH,OAAOA,CAACI,CAAC,EAAC;IAACF,mBAAmB,GAACE,CAAC;EAAA;AAAC,CAAC,EAAC,CAAC,CAAC;AAEnJ;AACA;;AAEA;AACA,MAAMC,MAAM,GAAI,OAAOC,MAAM,KAAK,WAAW,IAAIA,MAAM,CAACC,WAAW,IAC5D,OAAOC,QAAQ,KAAK,WAAW,IAC5BA,QAAQ,CAACC,eAAe,IACxBD,QAAQ,CAACC,eAAe,CAACC,YAAa,IACzC,OAAOF,QAAQ,KAAK,WAAW,IAC5BA,QAAQ,CAACG,IAAI,IACbH,QAAQ,CAACG,IAAI,CAACD,YAAa,IAC/B,CAAC;AAEP,MAAME,KAAK,GAAI,OAAON,MAAM,KAAK,WAAW,IAAIA,MAAM,CAACO,UAAU,IAC1D,OAAOL,QAAQ,KAAK,WAAW,IAC5BA,QAAQ,CAACC,eAAe,IACxBD,QAAQ,CAACC,eAAe,CAACK,WAAY,IACxC,OAAON,QAAQ,KAAK,WAAW,IAC5BA,QAAQ,CAACG,IAAI,IACbH,QAAQ,CAACG,IAAI,CAACG,WAAY,IAC9B,CAAC;AAEP,MAAMC,KAAK,GAAI,OAAOC,SAAS,KAAK,WAAW,IAAIA,SAAS,CAACC,SAAS,IAAK,EAAE;AAE9D,SAAShB,mBAAmBA,CAAA,EAAG;EAC5C,OAAO,IAAIC,mBAAmB,CAAC;IAC7BgB,KAAK,EAAE,CAAC,IAAIC,IAAI,CAAD,CAAC,EAAEd,MAAM,EAAEO,KAAK,EAAEG,KAAK,EAAEK,IAAI,CAACC,MAAM,CAAC,CAAC;EACvD,CAAC,CAAC;AACJ"},"sourceType":"module","externalDependencies":{},"hash":"0144db1b98cf6e1973c5e8ba521d20eef550d7ec"}
