{"metadata":{},"options":{"assumptions":{},"compact":false,"sourceMaps":true,"ast":true,"babelrc":false,"configFile":false,"parserOpts":{"sourceType":"module","sourceFileName":"D:\\loan_app\\loan-management\\packages\\mongo-id\\id.js","plugins":["*","flow","jsx","asyncGenerators","bigInt","classPrivateMethods","classPrivateProperties","classProperties","doExpressions","dynamicImport","exportDefaultFrom","exportExtensions","exportNamespaceFrom","functionBind","functionSent","importMeta","nullishCoalescingOperator","numericSeparator","objectRestSpread","optionalCatchBinding","optionalChaining",["pipelineOperator",{"proposal":"minimal"}],"throwExpressions","classProperties","classPrivateProperties","jsx","nullishCoalescingOperator","nullishCoalescingOperator","optionalChaining","optionalChaining","optionalCatchBinding","optionalCatchBinding","classProperties","classPrivateProperties","classPrivateMethods","classProperties","classPrivateProperties","asyncGenerators","asyncGenerators","objectRestSpread","objectRestSpread","logicalAssignment"],"allowImportExportEverywhere":true,"allowReturnOutsideFunction":true,"allowUndeclaredExports":true,"strictMode":false},"caller":{"name":"meteor","arch":"web.browser.legacy"},"sourceFileName":"packages/mongo-id/id.js","filename":"D:\\loan_app\\loan-management\\packages\\mongo-id\\id.js","targets":{},"cloneInputAst":true,"browserslistConfigFile":false,"passPerPreset":false,"envName":"development","cwd":"D:\\loan_app\\loan-management","root":"D:\\loan_app\\loan-management","rootMode":"root","plugins":[{"key":"base$0","visitor":{"_exploded":true,"_verified":true},"options":{},"externalDependencies":[]},{"key":"base$0$0","visitor":{"Program":{"enter":[null],"exit":[null]},"_exploded":true,"_verified":true},"options":{"avoidModernSyntax":true,"enforceStrictMode":false,"dynamicImport":true},"externalDependencies":[]},{"key":"transform-runtime","visitor":{"MemberExpression":{"enter":[null]},"ObjectPattern":{"enter":[null]},"BinaryExpression":{"enter":[null]},"Identifier":{"enter":[null]},"JSXIdentifier":{"enter":[null]},"_exploded":true,"_verified":true},"options":{"version":"7.17.2","helpers":true,"useESModules":false,"corejs":false},"externalDependencies":[]},{"key":"proposal-class-properties","visitor":{"ExportDefaultDeclaration":{"enter":[null]},"_exploded":true,"_verified":true,"ClassExpression":{"enter":[null]},"ClassDeclaration":{"enter":[null]}},"options":{"loose":true},"externalDependencies":[]},{"key":"base$0$3","visitor":{"FunctionExpression":{"exit":[null]},"_exploded":true,"_verified":true},"options":{},"externalDependencies":[]},{"key":"base$0$4","visitor":{"ForInStatement":{"enter":[null]},"_exploded":true,"_verified":true},"options":{},"externalDependencies":[]},{"key":"transform-react-jsx","visitor":{"JSXNamespacedName":{"enter":[null]},"JSXSpreadChild":{"enter":[null]},"Program":{"enter":[null]},"JSXFragment":{"exit":[null]},"JSXElement":{"exit":[null]},"JSXAttribute":{"enter":[null]},"_exploded":true,"_verified":true},"options":{"pragma":"React.createElement","pragmaFrag":"React.Fragment","runtime":"classic","throwIfNamespace":true,"useBuiltIns":false},"externalDependencies":[]},{"key":"transform-react-display-name","visitor":{"ExportDefaultDeclaration":{"enter":[null]},"CallExpression":{"enter":[null]},"_exploded":true,"_verified":true},"options":{},"externalDependencies":[]},{"key":"transform-react-pure-annotations","visitor":{"CallExpression":{"enter":[null]},"_exploded":true,"_verified":true},"options":{},"externalDependencies":[]},{"key":"syntax-nullish-coalescing-operator","visitor":{"_exploded":true,"_verified":true},"options":{},"externalDependencies":[]},{"key":"proposal-nullish-coalescing-operator","visitor":{"LogicalExpression":{"enter":[null]},"_exploded":true,"_verified":true},"options":{},"externalDependencies":[]},{"key":"syntax-optional-chaining","visitor":{"_exploded":true,"_verified":true},"options":{},"externalDependencies":[]},{"key":"proposal-optional-chaining","visitor":{"OptionalCallExpression":{"enter":[null]},"OptionalMemberExpression":{"enter":[null]},"_exploded":true,"_verified":true},"options":{},"externalDependencies":[]},{"key":"syntax-optional-catch-binding","visitor":{"_exploded":true,"_verified":true},"options":{},"externalDependencies":[]},{"key":"proposal-optional-catch-binding","visitor":{"CatchClause":{"enter":[null]},"_exploded":true,"_verified":true},"options":{},"externalDependencies":[]},{"key":"syntax-class-properties","visitor":{"_exploded":true,"_verified":true},"options":{},"externalDependencies":[]},{"key":"proposal-class-properties","visitor":{"ExportDefaultDeclaration":{"enter":[null]},"_exploded":true,"_verified":true,"ClassExpression":{"enter":[null]},"ClassDeclaration":{"enter":[null]}},"options":{},"externalDependencies":[]},{"key":"syntax-async-generators","visitor":{"_exploded":true,"_verified":true},"options":{},"externalDependencies":[]},{"key":"proposal-async-generator-functions","visitor":{"Program":{"enter":[null]},"_exploded":true,"_verified":true},"options":{},"externalDependencies":[]},{"key":"syntax-object-rest-spread","visitor":{"_exploded":true,"_verified":true},"options":{},"externalDependencies":[]},{"key":"proposal-object-rest-spread","visitor":{"VariableDeclarator":{"enter":[null]},"ExportNamedDeclaration":{"enter":[null]},"CatchClause":{"enter":[null]},"AssignmentExpression":{"enter":[null]},"ArrayPattern":{"enter":[null]},"ObjectExpression":{"enter":[null]},"FunctionDeclaration":{"enter":[null]},"FunctionExpression":{"enter":[null]},"ObjectMethod":{"enter":[null]},"ArrowFunctionExpression":{"enter":[null]},"ClassMethod":{"enter":[null]},"ClassPrivateMethod":{"enter":[null]},"ForInStatement":{"enter":[null]},"ForOfStatement":{"enter":[null]},"_exploded":true,"_verified":true},"options":{},"externalDependencies":[]},{"key":"proposal-logical-assignment-operators","visitor":{"AssignmentExpression":{"enter":[null]},"_exploded":true,"_verified":true},"options":{},"externalDependencies":[]},{"key":"transform-arrow-functions","visitor":{"ArrowFunctionExpression":{"enter":[null]},"_exploded":true,"_verified":true},"options":{},"externalDependencies":[]},{"key":"transform-block-scoped-functions","visitor":{"BlockStatement":{"enter":[null]},"SwitchCase":{"enter":[null]},"_exploded":true,"_verified":true},"options":{},"externalDependencies":[]},{"key":"transform-block-scoping","visitor":{"VariableDeclaration":{"enter":[null,null]},"BlockStatement":{"enter":[null]},"SwitchCase":{"enter":[null]},"ClassDeclaration":{"enter":[null]},"DoWhileStatement":{"enter":[null]},"ForInStatement":{"enter":[null]},"ForStatement":{"enter":[null]},"WhileStatement":{"enter":[null]},"ForOfStatement":{"enter":[null]},"_exploded":true,"_verified":true},"options":{},"externalDependencies":[]},{"key":"transform-classes","visitor":{"ExportDefaultDeclaration":{"enter":[null]},"ClassDeclaration":{"enter":[null]},"ClassExpression":{"enter":[null]},"_exploded":true,"_verified":true},"options":{"loose":true},"externalDependencies":[]},{"key":"transform-computed-properties","visitor":{"ObjectExpression":{"exit":[null]},"_exploded":true,"_verified":true},"options":{"loose":true},"externalDependencies":[]},{"key":"transform-destructuring","visitor":{"ExportNamedDeclaration":{"enter":[null]},"CatchClause":{"enter":[null]},"AssignmentExpression":{"enter":[null]},"VariableDeclaration":{"enter":[null]},"_exploded":true,"_verified":true,"ForInStatement":{"enter":[null]},"ForOfStatement":{"enter":[null]}},"options":{},"externalDependencies":[]},{"key":"transform-for-of","visitor":{"ForOfStatement":{"enter":[null]},"_exploded":true,"_verified":true},"options":{"loose":true},"externalDependencies":[]},{"key":"transform-literals","visitor":{"NumericLiteral":{"enter":[null]},"StringLiteral":{"enter":[null]},"_exploded":true,"_verified":true},"options":{},"externalDependencies":[]},{"key":"transform-object-super","visitor":{"ObjectExpression":{"enter":[null]},"_exploded":true,"_verified":true,"DoWhileStatement":{"exit":[null]},"ForInStatement":{"exit":[null]},"ForStatement":{"exit":[null]},"WhileStatement":{"exit":[null]},"ForOfStatement":{"exit":[null]}},"options":{},"externalDependencies":[]},{"key":"transform-parameters","visitor":{"_exploded":true,"_verified":true,"FunctionDeclaration":{"enter":[null]},"FunctionExpression":{"enter":[null]},"ObjectMethod":{"enter":[null]},"ArrowFunctionExpression":{"enter":[null]},"ClassMethod":{"enter":[null]},"ClassPrivateMethod":{"enter":[null]}},"options":{},"externalDependencies":[]},{"key":"transform-shorthand-properties","visitor":{"ObjectMethod":{"enter":[null]},"ObjectProperty":{"enter":[null]},"_exploded":true,"_verified":true},"options":{},"externalDependencies":[]},{"key":"transform-spread","visitor":{"ArrayExpression":{"enter":[null]},"CallExpression":{"enter":[null]},"NewExpression":{"enter":[null]},"_exploded":true,"_verified":true},"options":{},"externalDependencies":[]},{"key":"transform-sticky-regex","visitor":{"RegExpLiteral":{"enter":[null]},"_exploded":true,"_verified":true},"options":{},"externalDependencies":[]},{"key":"transform-template-literals","visitor":{"TaggedTemplateExpression":{"enter":[null]},"TemplateLiteral":{"enter":[null]},"_exploded":true,"_verified":true},"options":{"loose":true},"externalDependencies":[]},{"key":"transform-typeof-symbol","visitor":{"UnaryExpression":{"enter":[null]},"_exploded":true,"_verified":true,"BlockStatement":{"enter":[null]},"CatchClause":{"enter":[null]},"DoWhileStatement":{"enter":[null]},"ForInStatement":{"enter":[null]},"ForStatement":{"enter":[null]},"FunctionDeclaration":{"enter":[null]},"FunctionExpression":{"enter":[null]},"Program":{"enter":[null]},"ObjectMethod":{"enter":[null]},"SwitchStatement":{"enter":[null]},"WhileStatement":{"enter":[null]},"ArrowFunctionExpression":{"enter":[null]},"ClassExpression":{"enter":[null]},"ClassDeclaration":{"enter":[null]},"ForOfStatement":{"enter":[null]},"ClassMethod":{"enter":[null]},"ClassPrivateMethod":{"enter":[null]},"StaticBlock":{"enter":[null]},"TSModuleBlock":{"enter":[null]},"AssignmentPattern":{"enter":[null]},"ArrayPattern":{"enter":[null]},"ObjectPattern":{"enter":[null]}},"options":{},"externalDependencies":[]},{"key":"transform-unicode-regex","visitor":{"RegExpLiteral":{"enter":[null]},"_exploded":true,"_verified":true},"options":{},"externalDependencies":[]},{"key":"transform-property-literals","visitor":{"ObjectProperty":{"exit":[null]},"_exploded":true,"_verified":true},"options":{},"externalDependencies":[]},{"key":"transform-exponentiation-operator","visitor":{"AssignmentExpression":{"enter":[null]},"BinaryExpression":{"enter":[null]},"_exploded":true,"_verified":true},"options":{},"externalDependencies":[]},{"key":"transform-regenerator","visitor":{"ObjectMethod":{"enter":[null],"exit":[null]},"ClassMethod":{"enter":[null],"exit":[null]},"ClassPrivateMethod":{"enter":[null],"exit":[null]},"FunctionDeclaration":{"exit":[null]},"FunctionExpression":{"exit":[null]},"ArrowFunctionExpression":{"exit":[null]},"MemberExpression":{"enter":[null]},"_exploded":true,"_verified":true},"options":{},"externalDependencies":[]}],"presets":[],"generatorOpts":{"filename":"D:\\loan_app\\loan-management\\packages\\mongo-id\\id.js","comments":true,"compact":false,"sourceMaps":true,"sourceFileName":"packages/mongo-id/id.js"}},"code":"var _typeof;\nmodule.link(\"@babel/runtime/helpers/typeof\", {\n  default: function (v) {\n    _typeof = v;\n  }\n}, 0);\nmodule.export({\n  MongoID: function () {\n    return MongoID;\n  }\n});\nvar EJSON;\nmodule.link(\"meteor/ejson\", {\n  EJSON: function (v) {\n    EJSON = v;\n  }\n}, 0);\nvar Random;\nmodule.link(\"meteor/random\", {\n  Random: function (v) {\n    Random = v;\n  }\n}, 1);\nvar MongoID = {};\nMongoID._looksLikeObjectID = function (str) {\n  return str.length === 24 && str.match(/^[0-9a-f]*$/);\n};\nMongoID.ObjectID = /*#__PURE__*/function () {\n  function ObjectID(hexString) {\n    //random-based impl of Mongo ObjectID\n    if (hexString) {\n      hexString = hexString.toLowerCase();\n      if (!MongoID._looksLikeObjectID(hexString)) {\n        throw new Error('Invalid hexadecimal string for creating an ObjectID');\n      }\n      // meant to work with _.isEqual(), which relies on structural equality\n      this._str = hexString;\n    } else {\n      this._str = Random.hexString(24);\n    }\n  }\n  var _proto = ObjectID.prototype;\n  _proto.equals = function () {\n    function equals(other) {\n      return other instanceof MongoID.ObjectID && this.valueOf() === other.valueOf();\n    }\n    return equals;\n  }();\n  _proto.toString = function () {\n    function toString() {\n      return \"ObjectID(\\\"\" + this._str + \"\\\")\";\n    }\n    return toString;\n  }();\n  _proto.clone = function () {\n    function clone() {\n      return new MongoID.ObjectID(this._str);\n    }\n    return clone;\n  }();\n  _proto.typeName = function () {\n    function typeName() {\n      return 'oid';\n    }\n    return typeName;\n  }();\n  _proto.getTimestamp = function () {\n    function getTimestamp() {\n      return Number.parseInt(this._str.substr(0, 8), 16);\n    }\n    return getTimestamp;\n  }();\n  _proto.valueOf = function () {\n    function valueOf() {\n      return this._str;\n    }\n    return valueOf;\n  }();\n  _proto.toJSONValue = function () {\n    function toJSONValue() {\n      return this.valueOf();\n    }\n    return toJSONValue;\n  }();\n  _proto.toHexString = function () {\n    function toHexString() {\n      return this.valueOf();\n    }\n    return toHexString;\n  }();\n  return ObjectID;\n}();\nEJSON.addType('oid', function (str) {\n  return new MongoID.ObjectID(str);\n});\nMongoID.idStringify = function (id) {\n  if (id instanceof MongoID.ObjectID) {\n    return id.valueOf();\n  } else if (typeof id === 'string') {\n    var firstChar = id.charAt(0);\n    if (id === '') {\n      return id;\n    } else if (firstChar === '-' ||\n    // escape previously dashed strings\n    firstChar === '~' ||\n    // escape escaped numbers, true, false\n    MongoID._looksLikeObjectID(id) ||\n    // escape object-id-form strings\n    firstChar === '{') {\n      // escape object-form strings, for maybe implementing later\n      return \"-\" + id;\n    } else {\n      return id; // other strings go through unchanged.\n    }\n  } else if (id === undefined) {\n    return '-';\n  } else if (_typeof(id) === 'object' && id !== null) {\n    throw new Error('Meteor does not currently support objects other than ObjectID as ids');\n  } else {\n    // Numbers, true, false, null\n    return \"~\" + JSON.stringify(id);\n  }\n};\nMongoID.idParse = function (id) {\n  var firstChar = id.charAt(0);\n  if (id === '') {\n    return id;\n  } else if (id === '-') {\n    return undefined;\n  } else if (firstChar === '-') {\n    return id.substr(1);\n  } else if (firstChar === '~') {\n    return JSON.parse(id.substr(1));\n  } else if (MongoID._looksLikeObjectID(id)) {\n    return new MongoID.ObjectID(id);\n  } else {\n    return id;\n  }\n};","map":{"version":3,"names":["_typeof","module","link","default","v","export","MongoID","EJSON","Random","_looksLikeObjectID","str","length","match","ObjectID","hexString","toLowerCase","Error","_str","_proto","prototype","equals","other","valueOf","toString","clone","typeName","getTimestamp","Number","parseInt","substr","toJSONValue","toHexString","addType","idStringify","id","firstChar","charAt","undefined","JSON","stringify","idParse","parse"],"sources":["packages/mongo-id/id.js"],"sourcesContent":["import { EJSON } from 'meteor/ejson';\nimport { Random } from 'meteor/random';\n\nconst MongoID = {};\n\nMongoID._looksLikeObjectID = str => str.length === 24 && str.match(/^[0-9a-f]*$/);\n\nMongoID.ObjectID = class ObjectID {\n  constructor (hexString) {\n    //random-based impl of Mongo ObjectID\n    if (hexString) {\n      hexString = hexString.toLowerCase();\n      if (!MongoID._looksLikeObjectID(hexString)) {\n        throw new Error('Invalid hexadecimal string for creating an ObjectID');\n      }\n      // meant to work with _.isEqual(), which relies on structural equality\n      this._str = hexString;\n    } else {\n      this._str = Random.hexString(24);\n    }\n  }\n\n  equals(other) {\n    return other instanceof MongoID.ObjectID &&\n    this.valueOf() === other.valueOf();\n  }\n\n  toString() {\n    return `ObjectID(\"${this._str}\")`;\n  }\n\n  clone() {\n    return new MongoID.ObjectID(this._str);\n  }\n\n  typeName() {\n    return 'oid';\n  }\n\n  getTimestamp() {\n    return Number.parseInt(this._str.substr(0, 8), 16);\n  }\n\n  valueOf() {\n    return this._str;\n  }\n\n  toJSONValue() {\n    return this.valueOf();\n  }\n\n  toHexString() {\n    return this.valueOf();\n  }\n\n}\n\nEJSON.addType('oid', str => new MongoID.ObjectID(str));\n\nMongoID.idStringify = (id) => {\n  if (id instanceof MongoID.ObjectID) {\n    return id.valueOf();\n  } else if (typeof id === 'string') {\n    var firstChar = id.charAt(0);\n    if (id === '') {\n      return id;\n    } else if (firstChar === '-' || // escape previously dashed strings\n               firstChar === '~' || // escape escaped numbers, true, false\n               MongoID._looksLikeObjectID(id) || // escape object-id-form strings\n               firstChar === '{') { // escape object-form strings, for maybe implementing later\n      return `-${id}`;\n    } else {\n      return id; // other strings go through unchanged.\n    }\n  } else if (id === undefined) {\n    return '-';\n  } else if (typeof id === 'object' && id !== null) {\n    throw new Error('Meteor does not currently support objects other than ObjectID as ids');\n  } else { // Numbers, true, false, null\n    return `~${JSON.stringify(id)}`;\n  }\n};\n\nMongoID.idParse = (id) => {\n  var firstChar = id.charAt(0);\n  if (id === '') {\n    return id;\n  } else if (id === '-') {\n    return undefined;\n  } else if (firstChar === '-') {\n    return id.substr(1);\n  } else if (firstChar === '~') {\n    return JSON.parse(id.substr(1));\n  } else if (MongoID._looksLikeObjectID(id)) {\n    return new MongoID.ObjectID(id);\n  } else {\n    return id;\n  }\n};\n\nexport { MongoID };\n"],"mappings":"AAAA,IAAIA,OAAO;AAACC,MAAM,CAACC,IAAI,CAAC,+BAA+B,EAAC;EAACC,OAAO,EAAC,SAAAA,CAASC,CAAC,EAAC;IAACJ,OAAO,GAACI,CAAC;EAAA;AAAC,CAAC,EAAC,CAAC,CAAC;AAA3FH,MAAM,CAACI,MAAM,CAAC;EAACC,OAAO,EAAC,SAAAA,CAAA,EAAU;IAAC,OAAOA,OAAO;EAAA;AAAC,CAAC,CAAC;AAAC,IAAIC,KAAK;AAACN,MAAM,CAACC,IAAI,CAAC,cAAc,EAAC;EAACK,KAAK,EAAC,SAAAA,CAASH,CAAC,EAAC;IAACG,KAAK,GAACH,CAAC;EAAA;AAAC,CAAC,EAAC,CAAC,CAAC;AAAC,IAAII,MAAM;AAACP,MAAM,CAACC,IAAI,CAAC,eAAe,EAAC;EAACM,MAAM,EAAC,SAAAA,CAASJ,CAAC,EAAC;IAACI,MAAM,GAACJ,CAAC;EAAA;AAAC,CAAC,EAAC,CAAC,CAAC;AAGjM,IAAME,OAAO,GAAG,CAAC,CAAC;AAElBA,OAAO,CAACG,kBAAkB,GAAG,UAAAC,GAAG;EAAA,OAAIA,GAAG,CAACC,MAAM,KAAK,EAAE,IAAID,GAAG,CAACE,KAAK,CAAC,aAAa,CAAC;AAAA;AAEjFN,OAAO,CAACO,QAAQ;EACd,SAAAA,SAAaC,SAAS,EAAE;IACtB;IACA,IAAIA,SAAS,EAAE;MACbA,SAAS,GAAGA,SAAS,CAACC,WAAW,CAAC,CAAC;MACnC,IAAI,CAACT,OAAO,CAACG,kBAAkB,CAACK,SAAS,CAAC,EAAE;QAC1C,MAAM,IAAIE,KAAK,CAAC,qDAAqD,CAAC;MACxE;MACA;MACA,IAAI,CAACC,IAAI,GAAGH,SAAS;IACvB,CAAC,MAAM;MACL,IAAI,CAACG,IAAI,GAAGT,MAAM,CAACM,SAAS,CAAC,EAAE,CAAC;IAClC;EACF;EAAC,IAAAI,MAAA,GAAAL,QAAA,CAAAM,SAAA;EAAAD,MAAA,CAEDE,MAAM;IAAN,SAAAA,OAAOC,KAAK,EAAE;MACZ,OAAOA,KAAK,YAAYf,OAAO,CAACO,QAAQ,IACxC,IAAI,CAACS,OAAO,CAAC,CAAC,KAAKD,KAAK,CAACC,OAAO,CAAC,CAAC;IACpC;IAAC,OAAAF,MAAA;EAAA;EAAAF,MAAA,CAEDK,QAAQ;IAAR,SAAAA,SAAA,EAAW;MACT,uBAAoB,IAAI,CAACN,IAAI;IAC/B;IAAC,OAAAM,QAAA;EAAA;EAAAL,MAAA,CAEDM,KAAK;IAAL,SAAAA,MAAA,EAAQ;MACN,OAAO,IAAIlB,OAAO,CAACO,QAAQ,CAAC,IAAI,CAACI,IAAI,CAAC;IACxC;IAAC,OAAAO,KAAA;EAAA;EAAAN,MAAA,CAEDO,QAAQ;IAAR,SAAAA,SAAA,EAAW;MACT,OAAO,KAAK;IACd;IAAC,OAAAA,QAAA;EAAA;EAAAP,MAAA,CAEDQ,YAAY;IAAZ,SAAAA,aAAA,EAAe;MACb,OAAOC,MAAM,CAACC,QAAQ,CAAC,IAAI,CAACX,IAAI,CAACY,MAAM,CAAC,CAAC,EAAE,CAAC,CAAC,EAAE,EAAE,CAAC;IACpD;IAAC,OAAAH,YAAA;EAAA;EAAAR,MAAA,CAEDI,OAAO;IAAP,SAAAA,QAAA,EAAU;MACR,OAAO,IAAI,CAACL,IAAI;IAClB;IAAC,OAAAK,OAAA;EAAA;EAAAJ,MAAA,CAEDY,WAAW;IAAX,SAAAA,YAAA,EAAc;MACZ,OAAO,IAAI,CAACR,OAAO,CAAC,CAAC;IACvB;IAAC,OAAAQ,WAAA;EAAA;EAAAZ,MAAA,CAEDa,WAAW;IAAX,SAAAA,YAAA,EAAc;MACZ,OAAO,IAAI,CAACT,OAAO,CAAC,CAAC;IACvB;IAAC,OAAAS,WAAA;EAAA;EAAA,OAAAlB,QAAA;AAAA,GAEF;AAEDN,KAAK,CAACyB,OAAO,CAAC,KAAK,EAAE,UAAAtB,GAAG;EAAA,OAAI,IAAIJ,OAAO,CAACO,QAAQ,CAACH,GAAG,CAAC;AAAA,EAAC;AAEtDJ,OAAO,CAAC2B,WAAW,GAAG,UAACC,EAAE,EAAK;EAC5B,IAAIA,EAAE,YAAY5B,OAAO,CAACO,QAAQ,EAAE;IAClC,OAAOqB,EAAE,CAACZ,OAAO,CAAC,CAAC;EACrB,CAAC,MAAM,IAAI,OAAOY,EAAE,KAAK,QAAQ,EAAE;IACjC,IAAIC,SAAS,GAAGD,EAAE,CAACE,MAAM,CAAC,CAAC,CAAC;IAC5B,IAAIF,EAAE,KAAK,EAAE,EAAE;MACb,OAAOA,EAAE;IACX,CAAC,MAAM,IAAIC,SAAS,KAAK,GAAG;IAAI;IACrBA,SAAS,KAAK,GAAG;IAAI;IACrB7B,OAAO,CAACG,kBAAkB,CAACyB,EAAE,CAAC;IAAI;IAClCC,SAAS,KAAK,GAAG,EAAE;MAAE;MAC9B,aAAWD,EAAE;IACf,CAAC,MAAM;MACL,OAAOA,EAAE,CAAC,CAAC;IACb;EACF,CAAC,MAAM,IAAIA,EAAE,KAAKG,SAAS,EAAE;IAC3B,OAAO,GAAG;EACZ,CAAC,MAAM,IAAIrC,OAAA,CAAOkC,EAAE,MAAK,QAAQ,IAAIA,EAAE,KAAK,IAAI,EAAE;IAChD,MAAM,IAAIlB,KAAK,CAAC,sEAAsE,CAAC;EACzF,CAAC,MAAM;IAAE;IACP,aAAWsB,IAAI,CAACC,SAAS,CAACL,EAAE,CAAC;EAC/B;AACF,CAAC;AAED5B,OAAO,CAACkC,OAAO,GAAG,UAACN,EAAE,EAAK;EACxB,IAAIC,SAAS,GAAGD,EAAE,CAACE,MAAM,CAAC,CAAC,CAAC;EAC5B,IAAIF,EAAE,KAAK,EAAE,EAAE;IACb,OAAOA,EAAE;EACX,CAAC,MAAM,IAAIA,EAAE,KAAK,GAAG,EAAE;IACrB,OAAOG,SAAS;EAClB,CAAC,MAAM,IAAIF,SAAS,KAAK,GAAG,EAAE;IAC5B,OAAOD,EAAE,CAACL,MAAM,CAAC,CAAC,CAAC;EACrB,CAAC,MAAM,IAAIM,SAAS,KAAK,GAAG,EAAE;IAC5B,OAAOG,IAAI,CAACG,KAAK,CAACP,EAAE,CAACL,MAAM,CAAC,CAAC,CAAC,CAAC;EACjC,CAAC,MAAM,IAAIvB,OAAO,CAACG,kBAAkB,CAACyB,EAAE,CAAC,EAAE;IACzC,OAAO,IAAI5B,OAAO,CAACO,QAAQ,CAACqB,EAAE,CAAC;EACjC,CAAC,MAAM;IACL,OAAOA,EAAE;EACX;AACF,CAAC"},"sourceType":"module","externalDependencies":{},"hash":"036e88042ab5d180394ca1d20e336769549b3dc5"}
