{"metadata":{},"options":{"assumptions":{},"compact":false,"sourceMaps":true,"ast":true,"babelrc":false,"configFile":false,"parserOpts":{"sourceType":"module","sourceFileName":"D:\\loan_app\\loan-management\\packages\\random\\AbstractRandomGenerator.js","plugins":["*","flow","jsx","asyncGenerators","bigInt","classPrivateMethods","classPrivateProperties","classProperties","doExpressions","dynamicImport","exportDefaultFrom","exportExtensions","exportNamespaceFrom","functionBind","functionSent","importMeta","nullishCoalescingOperator","numericSeparator","objectRestSpread","optionalCatchBinding","optionalChaining",["pipelineOperator",{"proposal":"minimal"}],"throwExpressions","classProperties","classPrivateProperties","jsx","nullishCoalescingOperator","nullishCoalescingOperator","optionalChaining","optionalChaining","optionalCatchBinding","optionalCatchBinding","classProperties","classPrivateProperties","classPrivateMethods","classProperties","classPrivateProperties","asyncGenerators","asyncGenerators","objectRestSpread","objectRestSpread","logicalAssignment"],"allowImportExportEverywhere":true,"allowReturnOutsideFunction":true,"allowUndeclaredExports":true,"strictMode":false},"caller":{"name":"meteor","arch":"web.browser.legacy"},"sourceFileName":"packages/random/AbstractRandomGenerator.js","filename":"D:\\loan_app\\loan-management\\packages\\random\\AbstractRandomGenerator.js","targets":{},"cloneInputAst":true,"browserslistConfigFile":false,"passPerPreset":false,"envName":"development","cwd":"D:\\loan_app\\loan-management","root":"D:\\loan_app\\loan-management","rootMode":"root","plugins":[{"key":"base$0","visitor":{"_exploded":true,"_verified":true},"options":{},"externalDependencies":[]},{"key":"base$0$0","visitor":{"Program":{"enter":[null],"exit":[null]},"_exploded":true,"_verified":true},"options":{"avoidModernSyntax":true,"enforceStrictMode":false,"dynamicImport":true},"externalDependencies":[]},{"key":"transform-runtime","visitor":{"MemberExpression":{"enter":[null]},"ObjectPattern":{"enter":[null]},"BinaryExpression":{"enter":[null]},"Identifier":{"enter":[null]},"JSXIdentifier":{"enter":[null]},"_exploded":true,"_verified":true},"options":{"version":"7.17.2","helpers":true,"useESModules":false,"corejs":false},"externalDependencies":[]},{"key":"proposal-class-properties","visitor":{"ExportDefaultDeclaration":{"enter":[null]},"_exploded":true,"_verified":true,"ClassExpression":{"enter":[null]},"ClassDeclaration":{"enter":[null]}},"options":{"loose":true},"externalDependencies":[]},{"key":"base$0$3","visitor":{"FunctionExpression":{"exit":[null]},"_exploded":true,"_verified":true},"options":{},"externalDependencies":[]},{"key":"base$0$4","visitor":{"ForInStatement":{"enter":[null]},"_exploded":true,"_verified":true},"options":{},"externalDependencies":[]},{"key":"transform-react-jsx","visitor":{"JSXNamespacedName":{"enter":[null]},"JSXSpreadChild":{"enter":[null]},"Program":{"enter":[null]},"JSXFragment":{"exit":[null]},"JSXElement":{"exit":[null]},"JSXAttribute":{"enter":[null]},"_exploded":true,"_verified":true},"options":{"pragma":"React.createElement","pragmaFrag":"React.Fragment","runtime":"classic","throwIfNamespace":true,"useBuiltIns":false},"externalDependencies":[]},{"key":"transform-react-display-name","visitor":{"ExportDefaultDeclaration":{"enter":[null]},"CallExpression":{"enter":[null]},"_exploded":true,"_verified":true},"options":{},"externalDependencies":[]},{"key":"transform-react-pure-annotations","visitor":{"CallExpression":{"enter":[null]},"_exploded":true,"_verified":true},"options":{},"externalDependencies":[]},{"key":"syntax-nullish-coalescing-operator","visitor":{"_exploded":true,"_verified":true},"options":{},"externalDependencies":[]},{"key":"proposal-nullish-coalescing-operator","visitor":{"LogicalExpression":{"enter":[null]},"_exploded":true,"_verified":true},"options":{},"externalDependencies":[]},{"key":"syntax-optional-chaining","visitor":{"_exploded":true,"_verified":true},"options":{},"externalDependencies":[]},{"key":"proposal-optional-chaining","visitor":{"OptionalCallExpression":{"enter":[null]},"OptionalMemberExpression":{"enter":[null]},"_exploded":true,"_verified":true},"options":{},"externalDependencies":[]},{"key":"syntax-optional-catch-binding","visitor":{"_exploded":true,"_verified":true},"options":{},"externalDependencies":[]},{"key":"proposal-optional-catch-binding","visitor":{"CatchClause":{"enter":[null]},"_exploded":true,"_verified":true},"options":{},"externalDependencies":[]},{"key":"syntax-class-properties","visitor":{"_exploded":true,"_verified":true},"options":{},"externalDependencies":[]},{"key":"proposal-class-properties","visitor":{"ExportDefaultDeclaration":{"enter":[null]},"_exploded":true,"_verified":true,"ClassExpression":{"enter":[null]},"ClassDeclaration":{"enter":[null]}},"options":{},"externalDependencies":[]},{"key":"syntax-async-generators","visitor":{"_exploded":true,"_verified":true},"options":{},"externalDependencies":[]},{"key":"proposal-async-generator-functions","visitor":{"Program":{"enter":[null]},"_exploded":true,"_verified":true},"options":{},"externalDependencies":[]},{"key":"syntax-object-rest-spread","visitor":{"_exploded":true,"_verified":true},"options":{},"externalDependencies":[]},{"key":"proposal-object-rest-spread","visitor":{"VariableDeclarator":{"enter":[null]},"ExportNamedDeclaration":{"enter":[null]},"CatchClause":{"enter":[null]},"AssignmentExpression":{"enter":[null]},"ArrayPattern":{"enter":[null]},"ObjectExpression":{"enter":[null]},"FunctionDeclaration":{"enter":[null]},"FunctionExpression":{"enter":[null]},"ObjectMethod":{"enter":[null]},"ArrowFunctionExpression":{"enter":[null]},"ClassMethod":{"enter":[null]},"ClassPrivateMethod":{"enter":[null]},"ForInStatement":{"enter":[null]},"ForOfStatement":{"enter":[null]},"_exploded":true,"_verified":true},"options":{},"externalDependencies":[]},{"key":"proposal-logical-assignment-operators","visitor":{"AssignmentExpression":{"enter":[null]},"_exploded":true,"_verified":true},"options":{},"externalDependencies":[]},{"key":"transform-arrow-functions","visitor":{"ArrowFunctionExpression":{"enter":[null]},"_exploded":true,"_verified":true},"options":{},"externalDependencies":[]},{"key":"transform-block-scoped-functions","visitor":{"BlockStatement":{"enter":[null]},"SwitchCase":{"enter":[null]},"_exploded":true,"_verified":true},"options":{},"externalDependencies":[]},{"key":"transform-block-scoping","visitor":{"VariableDeclaration":{"enter":[null,null]},"BlockStatement":{"enter":[null]},"SwitchCase":{"enter":[null]},"ClassDeclaration":{"enter":[null]},"DoWhileStatement":{"enter":[null]},"ForInStatement":{"enter":[null]},"ForStatement":{"enter":[null]},"WhileStatement":{"enter":[null]},"ForOfStatement":{"enter":[null]},"_exploded":true,"_verified":true},"options":{},"externalDependencies":[]},{"key":"transform-classes","visitor":{"ExportDefaultDeclaration":{"enter":[null]},"ClassDeclaration":{"enter":[null]},"ClassExpression":{"enter":[null]},"_exploded":true,"_verified":true},"options":{"loose":true},"externalDependencies":[]},{"key":"transform-computed-properties","visitor":{"ObjectExpression":{"exit":[null]},"_exploded":true,"_verified":true},"options":{"loose":true},"externalDependencies":[]},{"key":"transform-destructuring","visitor":{"ExportNamedDeclaration":{"enter":[null]},"CatchClause":{"enter":[null]},"AssignmentExpression":{"enter":[null]},"VariableDeclaration":{"enter":[null]},"_exploded":true,"_verified":true,"ForInStatement":{"enter":[null]},"ForOfStatement":{"enter":[null]}},"options":{},"externalDependencies":[]},{"key":"transform-for-of","visitor":{"ForOfStatement":{"enter":[null]},"_exploded":true,"_verified":true},"options":{"loose":true},"externalDependencies":[]},{"key":"transform-literals","visitor":{"NumericLiteral":{"enter":[null]},"StringLiteral":{"enter":[null]},"_exploded":true,"_verified":true},"options":{},"externalDependencies":[]},{"key":"transform-object-super","visitor":{"ObjectExpression":{"enter":[null]},"_exploded":true,"_verified":true,"DoWhileStatement":{"exit":[null]},"ForInStatement":{"exit":[null]},"ForStatement":{"exit":[null]},"WhileStatement":{"exit":[null]},"ForOfStatement":{"exit":[null]}},"options":{},"externalDependencies":[]},{"key":"transform-parameters","visitor":{"_exploded":true,"_verified":true,"FunctionDeclaration":{"enter":[null]},"FunctionExpression":{"enter":[null]},"ObjectMethod":{"enter":[null]},"ArrowFunctionExpression":{"enter":[null]},"ClassMethod":{"enter":[null]},"ClassPrivateMethod":{"enter":[null]}},"options":{},"externalDependencies":[]},{"key":"transform-shorthand-properties","visitor":{"ObjectMethod":{"enter":[null]},"ObjectProperty":{"enter":[null]},"_exploded":true,"_verified":true},"options":{},"externalDependencies":[]},{"key":"transform-spread","visitor":{"ArrayExpression":{"enter":[null]},"CallExpression":{"enter":[null]},"NewExpression":{"enter":[null]},"_exploded":true,"_verified":true},"options":{},"externalDependencies":[]},{"key":"transform-sticky-regex","visitor":{"RegExpLiteral":{"enter":[null]},"_exploded":true,"_verified":true},"options":{},"externalDependencies":[]},{"key":"transform-template-literals","visitor":{"TaggedTemplateExpression":{"enter":[null]},"TemplateLiteral":{"enter":[null]},"_exploded":true,"_verified":true},"options":{"loose":true},"externalDependencies":[]},{"key":"transform-typeof-symbol","visitor":{"UnaryExpression":{"enter":[null]},"_exploded":true,"_verified":true,"BlockStatement":{"enter":[null]},"CatchClause":{"enter":[null]},"DoWhileStatement":{"enter":[null]},"ForInStatement":{"enter":[null]},"ForStatement":{"enter":[null]},"FunctionDeclaration":{"enter":[null]},"FunctionExpression":{"enter":[null]},"Program":{"enter":[null]},"ObjectMethod":{"enter":[null]},"SwitchStatement":{"enter":[null]},"WhileStatement":{"enter":[null]},"ArrowFunctionExpression":{"enter":[null]},"ClassExpression":{"enter":[null]},"ClassDeclaration":{"enter":[null]},"ForOfStatement":{"enter":[null]},"ClassMethod":{"enter":[null]},"ClassPrivateMethod":{"enter":[null]},"StaticBlock":{"enter":[null]},"TSModuleBlock":{"enter":[null]},"AssignmentPattern":{"enter":[null]},"ArrayPattern":{"enter":[null]},"ObjectPattern":{"enter":[null]}},"options":{},"externalDependencies":[]},{"key":"transform-unicode-regex","visitor":{"RegExpLiteral":{"enter":[null]},"_exploded":true,"_verified":true},"options":{},"externalDependencies":[]},{"key":"transform-property-literals","visitor":{"ObjectProperty":{"exit":[null]},"_exploded":true,"_verified":true},"options":{},"externalDependencies":[]},{"key":"transform-exponentiation-operator","visitor":{"AssignmentExpression":{"enter":[null]},"BinaryExpression":{"enter":[null]},"_exploded":true,"_verified":true},"options":{},"externalDependencies":[]},{"key":"transform-regenerator","visitor":{"ObjectMethod":{"enter":[null],"exit":[null]},"ClassMethod":{"enter":[null],"exit":[null]},"ClassPrivateMethod":{"enter":[null],"exit":[null]},"FunctionDeclaration":{"exit":[null]},"FunctionExpression":{"exit":[null]},"ArrowFunctionExpression":{"exit":[null]},"MemberExpression":{"enter":[null]},"_exploded":true,"_verified":true},"options":{},"externalDependencies":[]}],"presets":[],"generatorOpts":{"filename":"D:\\loan_app\\loan-management\\packages\\random\\AbstractRandomGenerator.js","comments":true,"compact":false,"sourceMaps":true,"sourceFileName":"packages/random/AbstractRandomGenerator.js"}},"code":"module.export({\n  \"default\": function () {\n    return RandomGenerator;\n  }\n});\nvar Meteor;\nmodule.link(\"meteor/meteor\", {\n  Meteor: function (v) {\n    Meteor = v;\n  }\n}, 0);\nvar UNMISTAKABLE_CHARS = '23456789ABCDEFGHJKLMNPQRSTWXYZabcdefghijkmnopqrstuvwxyz';\nvar BASE64_CHARS = 'abcdefghijklmnopqrstuvwxyzABCDEFGHIJKLMNOPQRSTUVWXYZ' + '0123456789-_';\n\n// `type` is one of `RandomGenerator.Type` as defined below.\n//\n// options:\n// - seeds: (required, only for RandomGenerator.Type.ALEA) an array\n//   whose items will be `toString`ed and used as the seed to the Alea\n//   algorithm\nvar RandomGenerator = /*#__PURE__*/function () {\n  function RandomGenerator() {}\n  var _proto = RandomGenerator.prototype;\n  /**\n   * @name Random.fraction\n   * @summary Return a number between 0 and 1, like `Math.random`.\n   * @locus Anywhere\n   */\n  _proto.fraction = function () {\n    function fraction() {\n      throw new Error(\"Unknown random generator type\");\n    }\n    return fraction;\n  }()\n  /**\n   * @name Random.hexString\n   * @summary Return a random string of `n` hexadecimal digits.\n   * @locus Anywhere\n   * @param {Number} n Length of the string\n   */\n  ;\n  _proto.hexString = function () {\n    function hexString(digits) {\n      return this._randomString(digits, '0123456789abcdef');\n    }\n    return hexString;\n  }();\n  _proto._randomString = function () {\n    function _randomString(charsCount, alphabet) {\n      var result = '';\n      for (var i = 0; i < charsCount; i++) {\n        result += this.choice(alphabet);\n      }\n      return result;\n    }\n    return _randomString;\n  }()\n  /**\n   * @name Random.id\n   * @summary Return a unique identifier, such as `\"Jjwjg6gouWLXhMGKW\"`, that is\n   * likely to be unique in the whole world.\n   * @locus Anywhere\n   * @param {Number} [n] Optional length of the identifier in characters\n   *   (defaults to 17)\n   */\n  ;\n  _proto.id = function () {\n    function id(charsCount) {\n      // 17 characters is around 96 bits of entropy, which is the amount of\n      // state in the Alea PRNG.\n      if (charsCount === undefined) {\n        charsCount = 17;\n      }\n      return this._randomString(charsCount, UNMISTAKABLE_CHARS);\n    }\n    return id;\n  }()\n  /**\n   * @name Random.secret\n   * @summary Return a random string of printable characters with 6 bits of\n   * entropy per character. Use `Random.secret` for security-critical secrets\n   * that are intended for machine, rather than human, consumption.\n   * @locus Anywhere\n   * @param {Number} [n] Optional length of the secret string (defaults to 43\n   *   characters, or 256 bits of entropy)\n   */\n  ;\n  _proto.secret = function () {\n    function secret(charsCount) {\n      // Default to 256 bits of entropy, or 43 characters at 6 bits per\n      // character.\n      if (charsCount === undefined) {\n        charsCount = 43;\n      }\n      return this._randomString(charsCount, BASE64_CHARS);\n    }\n    return secret;\n  }()\n  /**\n   * @name Random.choice\n   * @summary Return a random element of the given array or string.\n   * @locus Anywhere\n   * @param {Array|String} arrayOrString Array or string to choose from\n   */\n  ;\n  _proto.choice = function () {\n    function choice(arrayOrString) {\n      var index = Math.floor(this.fraction() * arrayOrString.length);\n      if (typeof arrayOrString === 'string') {\n        return arrayOrString.substr(index, 1);\n      }\n      return arrayOrString[index];\n    }\n    return choice;\n  }();\n  return RandomGenerator;\n}();","map":{"version":3,"names":["module","export","default","RandomGenerator","Meteor","link","v","UNMISTAKABLE_CHARS","BASE64_CHARS","_proto","prototype","fraction","Error","hexString","digits","_randomString","charsCount","alphabet","result","i","choice","id","undefined","secret","arrayOrString","index","Math","floor","length","substr"],"sources":["packages/random/AbstractRandomGenerator.js"],"sourcesContent":["// We use cryptographically strong PRNGs (crypto.getRandomBytes() on the server,\n// window.crypto.getRandomValues() in the browser) when available. If these\n// PRNGs fail, we fall back to the Alea PRNG, which is not cryptographically\n// strong, and we seed it with various sources such as the date, Math.random,\n// and window size on the client.  When using crypto.getRandomValues(), our\n// primitive is hexString(), from which we construct fraction(). When using\n// window.crypto.getRandomValues() or alea, the primitive is fraction and we use\n// that to construct hex string.\n\nimport { Meteor } from 'meteor/meteor';\n\nconst UNMISTAKABLE_CHARS = '23456789ABCDEFGHJKLMNPQRSTWXYZabcdefghijkmnopqrstuvwxyz';\nconst BASE64_CHARS = 'abcdefghijklmnopqrstuvwxyzABCDEFGHIJKLMNOPQRSTUVWXYZ' +\n  '0123456789-_';\n\n// `type` is one of `RandomGenerator.Type` as defined below.\n//\n// options:\n// - seeds: (required, only for RandomGenerator.Type.ALEA) an array\n//   whose items will be `toString`ed and used as the seed to the Alea\n//   algorithm\nexport default class RandomGenerator {\n\n  /**\n   * @name Random.fraction\n   * @summary Return a number between 0 and 1, like `Math.random`.\n   * @locus Anywhere\n   */\n  fraction () {\n    throw new Error(`Unknown random generator type`);\n  }\n\n  /**\n   * @name Random.hexString\n   * @summary Return a random string of `n` hexadecimal digits.\n   * @locus Anywhere\n   * @param {Number} n Length of the string\n   */\n  hexString (digits) {\n    return this._randomString(digits, '0123456789abcdef');\n  }\n\n  _randomString (charsCount, alphabet) {\n    let result = '';\n    for (let i = 0; i < charsCount; i++) {\t\n      result += this.choice(alphabet);\n    }\n    return result;\n  }\n\n  /**\n   * @name Random.id\n   * @summary Return a unique identifier, such as `\"Jjwjg6gouWLXhMGKW\"`, that is\n   * likely to be unique in the whole world.\n   * @locus Anywhere\n   * @param {Number} [n] Optional length of the identifier in characters\n   *   (defaults to 17)\n   */\n  id (charsCount) {\n    // 17 characters is around 96 bits of entropy, which is the amount of\n    // state in the Alea PRNG.\n    if (charsCount === undefined) {\n      charsCount = 17;\n    }\n\n    return this._randomString(charsCount, UNMISTAKABLE_CHARS);\n  }\n\n  /**\n   * @name Random.secret\n   * @summary Return a random string of printable characters with 6 bits of\n   * entropy per character. Use `Random.secret` for security-critical secrets\n   * that are intended for machine, rather than human, consumption.\n   * @locus Anywhere\n   * @param {Number} [n] Optional length of the secret string (defaults to 43\n   *   characters, or 256 bits of entropy)\n   */\n  secret (charsCount) {\n    // Default to 256 bits of entropy, or 43 characters at 6 bits per\n    // character.\n    if (charsCount === undefined) {\n      charsCount = 43;\n    }\n\n    return this._randomString(charsCount, BASE64_CHARS);\n  }\n\n  /**\n   * @name Random.choice\n   * @summary Return a random element of the given array or string.\n   * @locus Anywhere\n   * @param {Array|String} arrayOrString Array or string to choose from\n   */\n  choice (arrayOrString) {\n    const index = Math.floor(this.fraction() * arrayOrString.length);\n    if (typeof arrayOrString === 'string') {\n      return arrayOrString.substr(index, 1);\n    }\n    return arrayOrString[index];\n  }\n}\n"],"mappings":"AAAAA,MAAM,CAACC,MAAM,CAAC;EAAC,WAAQ,SAAAC,CAAA,EAAU;IAAC,OAAOC,eAAe;EAAA;AAAC,CAAC,CAAC;AAAC,IAAIC,MAAM;AAACJ,MAAM,CAACK,IAAI,CAAC,eAAe,EAAC;EAACD,MAAM,EAAC,SAAAA,CAASE,CAAC,EAAC;IAACF,MAAM,GAACE,CAAC;EAAA;AAAC,CAAC,EAAC,CAAC,CAAC;AAWpI,IAAMC,kBAAkB,GAAG,yDAAyD;AACpF,IAAMC,YAAY,GAAG,sDAAsD,GACzE,cAAc;;AAEhB;AACA;AACA;AACA;AACA;AACA;AAAA,IACqBL,eAAe;EAAA,SAAAA,gBAAA;EAAA,IAAAM,MAAA,GAAAN,eAAA,CAAAO,SAAA;EAElC;AACF;AACA;AACA;AACA;EAJED,MAAA,CAKAE,QAAQ;IAAR,SAAAA,SAAA,EAAY;MACV,MAAM,IAAIC,KAAK,gCAAgC,CAAC;IAClD;IAAC,OAAAD,QAAA;EAAA;EAED;AACF;AACA;AACA;AACA;AACA;EALE;EAAAF,MAAA,CAMAI,SAAS;IAAT,SAAAA,UAAWC,MAAM,EAAE;MACjB,OAAO,IAAI,CAACC,aAAa,CAACD,MAAM,EAAE,kBAAkB,CAAC;IACvD;IAAC,OAAAD,SAAA;EAAA;EAAAJ,MAAA,CAEDM,aAAa;IAAb,SAAAA,cAAeC,UAAU,EAAEC,QAAQ,EAAE;MACnC,IAAIC,MAAM,GAAG,EAAE;MACf,KAAK,IAAIC,CAAC,GAAG,CAAC,EAAEA,CAAC,GAAGH,UAAU,EAAEG,CAAC,EAAE,EAAE;QACnCD,MAAM,IAAI,IAAI,CAACE,MAAM,CAACH,QAAQ,CAAC;MACjC;MACA,OAAOC,MAAM;IACf;IAAC,OAAAH,aAAA;EAAA;EAED;AACF;AACA;AACA;AACA;AACA;AACA;AACA;EAPE;EAAAN,MAAA,CAQAY,EAAE;IAAF,SAAAA,GAAIL,UAAU,EAAE;MACd;MACA;MACA,IAAIA,UAAU,KAAKM,SAAS,EAAE;QAC5BN,UAAU,GAAG,EAAE;MACjB;MAEA,OAAO,IAAI,CAACD,aAAa,CAACC,UAAU,EAAET,kBAAkB,CAAC;IAC3D;IAAC,OAAAc,EAAA;EAAA;EAED;AACF;AACA;AACA;AACA;AACA;AACA;AACA;AACA;EARE;EAAAZ,MAAA,CASAc,MAAM;IAAN,SAAAA,OAAQP,UAAU,EAAE;MAClB;MACA;MACA,IAAIA,UAAU,KAAKM,SAAS,EAAE;QAC5BN,UAAU,GAAG,EAAE;MACjB;MAEA,OAAO,IAAI,CAACD,aAAa,CAACC,UAAU,EAAER,YAAY,CAAC;IACrD;IAAC,OAAAe,MAAA;EAAA;EAED;AACF;AACA;AACA;AACA;AACA;EALE;EAAAd,MAAA,CAMAW,MAAM;IAAN,SAAAA,OAAQI,aAAa,EAAE;MACrB,IAAMC,KAAK,GAAGC,IAAI,CAACC,KAAK,CAAC,IAAI,CAAChB,QAAQ,CAAC,CAAC,GAAGa,aAAa,CAACI,MAAM,CAAC;MAChE,IAAI,OAAOJ,aAAa,KAAK,QAAQ,EAAE;QACrC,OAAOA,aAAa,CAACK,MAAM,CAACJ,KAAK,EAAE,CAAC,CAAC;MACvC;MACA,OAAOD,aAAa,CAACC,KAAK,CAAC;IAC7B;IAAC,OAAAL,MAAA;EAAA;EAAA,OAAAjB,eAAA;AAAA"},"sourceType":"module","externalDependencies":{},"hash":"11cf6eb566e95ed93cac75800e8f85d6c46cad6d"}
