{"metadata":{},"options":{"assumptions":{},"compact":false,"sourceMaps":true,"ast":true,"babelrc":false,"configFile":false,"parserOpts":{"sourceType":"module","sourceFileName":"D:\\loan_app\\loan-management\\packages\\accounts-base\\accounts_common.js","plugins":["*","flow","jsx","asyncGenerators","bigInt","classPrivateMethods","classPrivateProperties","classProperties","doExpressions","dynamicImport","exportDefaultFrom","exportExtensions","exportNamespaceFrom","functionBind","functionSent","importMeta","nullishCoalescingOperator","numericSeparator","objectRestSpread","optionalCatchBinding","optionalChaining",["pipelineOperator",{"proposal":"minimal"}],"throwExpressions","objectRestSpread","objectRestSpread","asyncGenerators","classProperties","classPrivateProperties","jsx","nullishCoalescingOperator","nullishCoalescingOperator","optionalChaining","optionalChaining","optionalCatchBinding","optionalCatchBinding","classProperties","classPrivateProperties","classPrivateMethods","classProperties","classPrivateProperties","asyncGenerators","asyncGenerators","objectRestSpread","objectRestSpread","logicalAssignment"],"allowImportExportEverywhere":true,"allowReturnOutsideFunction":true,"allowUndeclaredExports":true,"strictMode":false},"caller":{"name":"meteor","arch":"os.windows.x86_64"},"sourceFileName":"packages/accounts-base/accounts_common.js","filename":"D:\\loan_app\\loan-management\\packages\\accounts-base\\accounts_common.js","targets":{},"cloneInputAst":true,"browserslistConfigFile":false,"passPerPreset":false,"envName":"development","cwd":"D:\\loan_app\\loan-management","root":"D:\\loan_app\\loan-management","rootMode":"root","plugins":[{"key":"base$0","visitor":{"_exploded":true,"_verified":true},"options":{},"externalDependencies":[]},{"key":"base$0$0","visitor":{"Program":{"enter":[null],"exit":[null]},"_exploded":true,"_verified":true},"options":{"avoidModernSyntax":false,"enforceStrictMode":false,"dynamicImport":true,"generateLetDeclarations":true},"externalDependencies":[]},{"key":"transform-runtime","visitor":{"MemberExpression":{"enter":[null]},"ObjectPattern":{"enter":[null]},"BinaryExpression":{"enter":[null]},"Identifier":{"enter":[null]},"JSXIdentifier":{"enter":[null]},"_exploded":true,"_verified":true},"options":{"version":"7.17.2","helpers":true,"useESModules":false,"corejs":false},"externalDependencies":[]},{"key":"syntax-object-rest-spread","visitor":{"_exploded":true,"_verified":true},"options":{},"externalDependencies":[]},{"key":"proposal-object-rest-spread","visitor":{"VariableDeclarator":{"enter":[null]},"ExportNamedDeclaration":{"enter":[null]},"CatchClause":{"enter":[null]},"AssignmentExpression":{"enter":[null]},"ArrayPattern":{"enter":[null]},"ObjectExpression":{"enter":[null]},"FunctionDeclaration":{"enter":[null]},"FunctionExpression":{"enter":[null]},"ObjectMethod":{"enter":[null]},"ArrowFunctionExpression":{"enter":[null]},"ClassMethod":{"enter":[null]},"ClassPrivateMethod":{"enter":[null]},"ForInStatement":{"enter":[null]},"ForOfStatement":{"enter":[null]},"_exploded":true,"_verified":true},"options":{},"externalDependencies":[]},{"key":"transform-meteor-async-await","visitor":{"AwaitExpression":{"enter":[null]},"_exploded":true,"_verified":true,"FunctionDeclaration":{"exit":[null]},"FunctionExpression":{"exit":[null]},"ObjectMethod":{"exit":[null]},"ArrowFunctionExpression":{"exit":[null]},"ClassMethod":{"exit":[null]},"ClassPrivateMethod":{"exit":[null]}},"options":{"useNativeAsyncAwait":false},"externalDependencies":[]},{"key":"proposal-async-generator-functions","visitor":{"Program":{"enter":[null]},"_exploded":true,"_verified":true},"options":{},"externalDependencies":[]},{"key":"proposal-class-properties","visitor":{"ExportDefaultDeclaration":{"enter":[null]},"_exploded":true,"_verified":true,"ClassExpression":{"enter":[null]},"ClassDeclaration":{"enter":[null]}},"options":{"loose":true},"externalDependencies":[]},{"key":"transform-react-jsx","visitor":{"JSXNamespacedName":{"enter":[null]},"JSXSpreadChild":{"enter":[null]},"Program":{"enter":[null]},"JSXFragment":{"exit":[null]},"JSXElement":{"exit":[null]},"JSXAttribute":{"enter":[null]},"_exploded":true,"_verified":true},"options":{"pragma":"React.createElement","pragmaFrag":"React.Fragment","runtime":"classic","throwIfNamespace":true,"useBuiltIns":false},"externalDependencies":[]},{"key":"transform-react-display-name","visitor":{"ExportDefaultDeclaration":{"enter":[null]},"CallExpression":{"enter":[null]},"_exploded":true,"_verified":true},"options":{},"externalDependencies":[]},{"key":"transform-react-pure-annotations","visitor":{"CallExpression":{"enter":[null]},"_exploded":true,"_verified":true},"options":{},"externalDependencies":[]},{"key":"syntax-nullish-coalescing-operator","visitor":{"_exploded":true,"_verified":true},"options":{},"externalDependencies":[]},{"key":"proposal-nullish-coalescing-operator","visitor":{"LogicalExpression":{"enter":[null]},"_exploded":true,"_verified":true},"options":{},"externalDependencies":[]},{"key":"syntax-optional-chaining","visitor":{"_exploded":true,"_verified":true},"options":{},"externalDependencies":[]},{"key":"proposal-optional-chaining","visitor":{"OptionalCallExpression":{"enter":[null]},"OptionalMemberExpression":{"enter":[null]},"_exploded":true,"_verified":true},"options":{},"externalDependencies":[]},{"key":"syntax-optional-catch-binding","visitor":{"_exploded":true,"_verified":true},"options":{},"externalDependencies":[]},{"key":"proposal-optional-catch-binding","visitor":{"CatchClause":{"enter":[null]},"_exploded":true,"_verified":true},"options":{},"externalDependencies":[]},{"key":"syntax-class-properties","visitor":{"_exploded":true,"_verified":true},"options":{},"externalDependencies":[]},{"key":"proposal-class-properties","visitor":{"ExportDefaultDeclaration":{"enter":[null]},"_exploded":true,"_verified":true,"ClassExpression":{"enter":[null]},"ClassDeclaration":{"enter":[null]}},"options":{},"externalDependencies":[]},{"key":"syntax-async-generators","visitor":{"_exploded":true,"_verified":true},"options":{},"externalDependencies":[]},{"key":"proposal-async-generator-functions","visitor":{"Program":{"enter":[null]},"_exploded":true,"_verified":true},"options":{},"externalDependencies":[]},{"key":"syntax-object-rest-spread","visitor":{"_exploded":true,"_verified":true},"options":{},"externalDependencies":[]},{"key":"proposal-object-rest-spread","visitor":{"VariableDeclarator":{"enter":[null]},"ExportNamedDeclaration":{"enter":[null]},"CatchClause":{"enter":[null]},"AssignmentExpression":{"enter":[null]},"ArrayPattern":{"enter":[null]},"ObjectExpression":{"enter":[null]},"FunctionDeclaration":{"enter":[null]},"FunctionExpression":{"enter":[null]},"ObjectMethod":{"enter":[null]},"ArrowFunctionExpression":{"enter":[null]},"ClassMethod":{"enter":[null]},"ClassPrivateMethod":{"enter":[null]},"ForInStatement":{"enter":[null]},"ForOfStatement":{"enter":[null]},"_exploded":true,"_verified":true},"options":{},"externalDependencies":[]},{"key":"proposal-logical-assignment-operators","visitor":{"AssignmentExpression":{"enter":[null]},"_exploded":true,"_verified":true},"options":{},"externalDependencies":[]},{"key":"transform-literals","visitor":{"NumericLiteral":{"enter":[null]},"StringLiteral":{"enter":[null]},"_exploded":true,"_verified":true},"options":{},"externalDependencies":[]},{"key":"transform-template-literals","visitor":{"TaggedTemplateExpression":{"enter":[null]},"TemplateLiteral":{"enter":[null]},"_exploded":true,"_verified":true},"options":{},"externalDependencies":[]},{"key":"transform-parameters","visitor":{"_exploded":true,"_verified":true,"FunctionDeclaration":{"enter":[null]},"FunctionExpression":{"enter":[null]},"ObjectMethod":{"enter":[null]},"ArrowFunctionExpression":{"enter":[null]},"ClassMethod":{"enter":[null]},"ClassPrivateMethod":{"enter":[null]}},"options":{},"externalDependencies":[]},{"key":"transform-exponentiation-operator","visitor":{"AssignmentExpression":{"enter":[null]},"BinaryExpression":{"enter":[null]},"_exploded":true,"_verified":true},"options":{},"externalDependencies":[]}],"presets":[],"generatorOpts":{"filename":"D:\\loan_app\\loan-management\\packages\\accounts-base\\accounts_common.js","comments":true,"compact":false,"sourceMaps":true,"sourceFileName":"packages/accounts-base/accounts_common.js"}},"code":"let _objectSpread;\nmodule.link(\"@babel/runtime/helpers/objectSpread2\", {\n  default(v) {\n    _objectSpread = v;\n  }\n}, 0);\nmodule.export({\n  AccountsCommon: () => AccountsCommon,\n  EXPIRE_TOKENS_INTERVAL_MS: () => EXPIRE_TOKENS_INTERVAL_MS\n});\nlet Meteor;\nmodule.link(\"meteor/meteor\", {\n  Meteor(v) {\n    Meteor = v;\n  }\n}, 0);\n// config option keys\nconst VALID_CONFIG_KEYS = ['sendVerificationEmail', 'forbidClientAccountCreation', 'passwordEnrollTokenExpiration', 'passwordEnrollTokenExpirationInDays', 'restrictCreationByEmailDomain', 'loginExpirationInDays', 'loginExpiration', 'passwordResetTokenExpirationInDays', 'passwordResetTokenExpiration', 'ambiguousErrorMessages', 'bcryptRounds', 'defaultFieldSelector', 'loginTokenExpirationHours', 'tokenSequenceLength', 'collection'];\n\n/**\n * @summary Super-constructor for AccountsClient and AccountsServer.\n * @locus Anywhere\n * @class AccountsCommon\n * @instancename accountsClientOrServer\n * @param options {Object} an object with fields:\n * - connection {Object} Optional DDP connection to reuse.\n * - ddpUrl {String} Optional URL for creating a new DDP connection.\n * - collection {String|Mongo.Collection} The name of the Mongo.Collection\n *     or the Mongo.Collection object to hold the users.\n */\nclass AccountsCommon {\n  constructor(options) {\n    // Currently this is read directly by packages like accounts-password\n    // and accounts-ui-unstyled.\n    this._options = {};\n\n    // Note that setting this.connection = null causes this.users to be a\n    // LocalCollection, which is not what we want.\n    this.connection = undefined;\n    this._initConnection(options || {});\n\n    // There is an allow call in accounts_server.js that restricts writes to\n    // this collection.\n    this.users = this._initializeCollection(options || {});\n\n    // Callback exceptions are printed with Meteor._debug and ignored.\n    this._onLoginHook = new Hook({\n      bindEnvironment: false,\n      debugPrintExceptions: 'onLogin callback'\n    });\n    this._onLoginFailureHook = new Hook({\n      bindEnvironment: false,\n      debugPrintExceptions: 'onLoginFailure callback'\n    });\n    this._onLogoutHook = new Hook({\n      bindEnvironment: false,\n      debugPrintExceptions: 'onLogout callback'\n    });\n\n    // Expose for testing.\n    this.DEFAULT_LOGIN_EXPIRATION_DAYS = DEFAULT_LOGIN_EXPIRATION_DAYS;\n    this.LOGIN_UNEXPIRING_TOKEN_DAYS = LOGIN_UNEXPIRING_TOKEN_DAYS;\n\n    // Thrown when the user cancels the login process (eg, closes an oauth\n    // popup, declines retina scan, etc)\n    const lceName = 'Accounts.LoginCancelledError';\n    this.LoginCancelledError = Meteor.makeErrorType(lceName, function (description) {\n      this.message = description;\n    });\n    this.LoginCancelledError.prototype.name = lceName;\n\n    // This is used to transmit specific subclass errors over the wire. We\n    // should come up with a more generic way to do this (eg, with some sort of\n    // symbolic error code rather than a number).\n    this.LoginCancelledError.numericError = 0x8acdc2f;\n  }\n  _initializeCollection(options) {\n    if (options.collection && typeof options.collection !== 'string' && !(options.collection instanceof Mongo.Collection)) {\n      throw new Meteor.Error('Collection parameter can be only of type string or \"Mongo.Collection\"');\n    }\n    let collectionName = 'users';\n    if (typeof options.collection === 'string') {\n      collectionName = options.collection;\n    }\n    let collection;\n    if (options.collection instanceof Mongo.Collection) {\n      collection = options.collection;\n    } else {\n      collection = new Mongo.Collection(collectionName, {\n        _preventAutopublish: true,\n        connection: this.connection\n      });\n    }\n    return collection;\n  }\n\n  /**\n   * @summary Get the current user id, or `null` if no user is logged in. A reactive data source.\n   * @locus Anywhere\n   */\n  userId() {\n    throw new Error('userId method not implemented');\n  }\n\n  // merge the defaultFieldSelector with an existing options object\n  _addDefaultFieldSelector() {\n    let options = arguments.length > 0 && arguments[0] !== undefined ? arguments[0] : {};\n    // this will be the most common case for most people, so make it quick\n    if (!this._options.defaultFieldSelector) return options;\n\n    // if no field selector then just use defaultFieldSelector\n    if (!options.fields) return _objectSpread(_objectSpread({}, options), {}, {\n      fields: this._options.defaultFieldSelector\n    });\n\n    // if empty field selector then the full user object is explicitly requested, so obey\n    const keys = Object.keys(options.fields);\n    if (!keys.length) return options;\n\n    // if the requested fields are +ve then ignore defaultFieldSelector\n    // assume they are all either +ve or -ve because Mongo doesn't like mixed\n    if (!!options.fields[keys[0]]) return options;\n\n    // The requested fields are -ve.\n    // If the defaultFieldSelector is +ve then use requested fields, otherwise merge them\n    const keys2 = Object.keys(this._options.defaultFieldSelector);\n    return this._options.defaultFieldSelector[keys2[0]] ? options : _objectSpread(_objectSpread({}, options), {}, {\n      fields: _objectSpread(_objectSpread({}, options.fields), this._options.defaultFieldSelector)\n    });\n  }\n\n  /**\n   * @summary Get the current user record, or `null` if no user is logged in. A reactive data source.\n   * @locus Anywhere\n   * @param {Object} [options]\n   * @param {MongoFieldSpecifier} options.fields Dictionary of fields to return or exclude.\n   */\n  user(options) {\n    const userId = this.userId();\n    return userId ? this.users.findOne(userId, this._addDefaultFieldSelector(options)) : null;\n  }\n\n  /**\n   * @summary Get the current user record, or `null` if no user is logged in.\n   * @locus Anywhere\n   * @param {Object} [options]\n   * @param {MongoFieldSpecifier} options.fields Dictionary of fields to return or exclude.\n   */\n  userAsync(options) {\n    return Promise.asyncApply(() => {\n      const userId = this.userId();\n      return userId ? this.users.findOneAsync(userId, this._addDefaultFieldSelector(options)) : null;\n    });\n  }\n  // Set up config for the accounts system. Call this on both the client\n  // and the server.\n  //\n  // Note that this method gets overridden on AccountsServer.prototype, but\n  // the overriding method calls the overridden method.\n  //\n  // XXX we should add some enforcement that this is called on both the\n  // client and the server. Otherwise, a user can\n  // 'forbidClientAccountCreation' only on the client and while it looks\n  // like their app is secure, the server will still accept createUser\n  // calls. https://github.com/meteor/meteor/issues/828\n  //\n  // @param options {Object} an object with fields:\n  // - sendVerificationEmail {Boolean}\n  //     Send email address verification emails to new users created from\n  //     client signups.\n  // - forbidClientAccountCreation {Boolean}\n  //     Do not allow clients to create accounts directly.\n  // - restrictCreationByEmailDomain {Function or String}\n  //     Require created users to have an email matching the function or\n  //     having the string as domain.\n  // - loginExpirationInDays {Number}\n  //     Number of days since login until a user is logged out (login token\n  //     expires).\n  // - collection {String|Mongo.Collection}\n  //     A collection name or a Mongo.Collection object to hold the users.\n  // - passwordResetTokenExpirationInDays {Number}\n  //     Number of days since password reset token creation until the\n  //     token cannt be used any longer (password reset token expires).\n  // - ambiguousErrorMessages {Boolean}\n  //     Return ambiguous error messages from login failures to prevent\n  //     user enumeration.\n  // - bcryptRounds {Number}\n  //     Allows override of number of bcrypt rounds (aka work factor) used\n  //     to store passwords.\n\n  /**\n   * @summary Set global accounts options. You can also set these in `Meteor.settings.packages.accounts` without the need to call this function.\n   * @locus Anywhere\n   * @param {Object} options\n   * @param {Boolean} options.sendVerificationEmail New users with an email address will receive an address verification email.\n   * @param {Boolean} options.forbidClientAccountCreation Calls to [`createUser`](#accounts_createuser) from the client will be rejected. In addition, if you are using [accounts-ui](#accountsui), the \"Create account\" link will not be available.\n   * @param {String | Function} options.restrictCreationByEmailDomain If set to a string, only allows new users if the domain part of their email address matches the string. If set to a function, only allows new users if the function returns true.  The function is passed the full email address of the proposed new user.  Works with password-based sign-in and external services that expose email addresses (Google, Facebook, GitHub). All existing users still can log in after enabling this option. Example: `Accounts.config({ restrictCreationByEmailDomain: 'school.edu' })`.\n   * @param {Number} options.loginExpirationInDays The number of days from when a user logs in until their token expires and they are logged out. Defaults to 90. Set to `null` to disable login expiration.\n   * @param {Number} options.loginExpiration The number of milliseconds from when a user logs in until their token expires and they are logged out, for a more granular control. If `loginExpirationInDays` is set, it takes precedent.\n   * @param {String} options.oauthSecretKey When using the `oauth-encryption` package, the 16 byte key using to encrypt sensitive account credentials in the database, encoded in base64.  This option may only be specified on the server.  See packages/oauth-encryption/README.md for details.\n   * @param {Number} options.passwordResetTokenExpirationInDays The number of days from when a link to reset password is sent until token expires and user can't reset password with the link anymore. Defaults to 3.\n   * @param {Number} options.passwordResetTokenExpiration The number of milliseconds from when a link to reset password is sent until token expires and user can't reset password with the link anymore. If `passwordResetTokenExpirationInDays` is set, it takes precedent.\n   * @param {Number} options.passwordEnrollTokenExpirationInDays The number of days from when a link to set initial password is sent until token expires and user can't set password with the link anymore. Defaults to 30.\n   * @param {Number} options.passwordEnrollTokenExpiration The number of milliseconds from when a link to set initial password is sent until token expires and user can't set password with the link anymore. If `passwordEnrollTokenExpirationInDays` is set, it takes precedent.\n   * @param {Boolean} options.ambiguousErrorMessages Return ambiguous error messages from login failures to prevent user enumeration. Defaults to false.\n   * @param {MongoFieldSpecifier} options.defaultFieldSelector To exclude by default large custom fields from `Meteor.user()` and `Meteor.findUserBy...()` functions when called without a field selector, and all `onLogin`, `onLoginFailure` and `onLogout` callbacks.  Example: `Accounts.config({ defaultFieldSelector: { myBigArray: 0 }})`. Beware when using this. If, for instance, you do not include `email` when excluding the fields, you can have problems with functions like `forgotPassword` that will break because they won't have the required data available. It's recommend that you always keep the fields `_id`, `username`, and `email`.\n   * @param {String|Mongo.Collection} options.collection A collection name or a Mongo.Collection object to hold the users.\n   * @param {Number} options.loginTokenExpirationHours When using the package `accounts-2fa`, use this to set the amount of time a token sent is valid. As it's just a number, you can use, for example, 0.5 to make the token valid for just half hour. The default is 1 hour.\n   * @param {Number} options.tokenSequenceLength When using the package `accounts-2fa`, use this to the size of the token sequence generated. The default is 6.\n   */\n  config(options) {\n    // We don't want users to accidentally only call Accounts.config on the\n    // client, where some of the options will have partial effects (eg removing\n    // the \"create account\" button from accounts-ui if forbidClientAccountCreation\n    // is set, or redirecting Google login to a specific-domain page) without\n    // having their full effects.\n    if (Meteor.isServer) {\n      __meteor_runtime_config__.accountsConfigCalled = true;\n    } else if (!__meteor_runtime_config__.accountsConfigCalled) {\n      // XXX would be nice to \"crash\" the client and replace the UI with an error\n      // message, but there's no trivial way to do this.\n      Meteor._debug('Accounts.config was called on the client but not on the ' + 'server; some configuration options may not take effect.');\n    }\n\n    // We need to validate the oauthSecretKey option at the time\n    // Accounts.config is called. We also deliberately don't store the\n    // oauthSecretKey in Accounts._options.\n    if (Object.prototype.hasOwnProperty.call(options, 'oauthSecretKey')) {\n      if (Meteor.isClient) {\n        throw new Error('The oauthSecretKey option may only be specified on the server');\n      }\n      if (!Package['oauth-encryption']) {\n        throw new Error('The oauth-encryption package must be loaded to set oauthSecretKey');\n      }\n      Package['oauth-encryption'].OAuthEncryption.loadKey(options.oauthSecretKey);\n      options = _objectSpread({}, options);\n      delete options.oauthSecretKey;\n    }\n\n    // Validate config options keys\n    Object.keys(options).forEach(key => {\n      if (!VALID_CONFIG_KEYS.includes(key)) {\n        // TODO Consider just logging a debug message instead to allow for additional keys in the settings here?\n        throw new Meteor.Error(\"Accounts.config: Invalid key: \".concat(key));\n      }\n    });\n\n    // set values in Accounts._options\n    VALID_CONFIG_KEYS.forEach(key => {\n      if (key in options) {\n        if (key in this._options) {\n          if (key !== 'collection') {\n            throw new Meteor.Error(\"Can't set `\".concat(key, \"` more than once\"));\n          }\n        }\n        this._options[key] = options[key];\n      }\n    });\n    if (options.collection && options.collection !== this.users._name && options.collection !== this.users) {\n      this.users = this._initializeCollection(options);\n    }\n  }\n\n  /**\n   * @summary Register a callback to be called after a login attempt succeeds.\n   * @locus Anywhere\n   * @param {Function} func The callback to be called when login is successful.\n   *                        The callback receives a single object that\n   *                        holds login details. This object contains the login\n   *                        result type (password, resume, etc.) on both the\n   *                        client and server. `onLogin` callbacks registered\n   *                        on the server also receive extra data, such\n   *                        as user details, connection information, etc.\n   */\n  onLogin(func) {\n    let ret = this._onLoginHook.register(func);\n    // call the just registered callback if already logged in\n    this._startupCallback(ret.callback);\n    return ret;\n  }\n\n  /**\n   * @summary Register a callback to be called after a login attempt fails.\n   * @locus Anywhere\n   * @param {Function} func The callback to be called after the login has failed.\n   */\n  onLoginFailure(func) {\n    return this._onLoginFailureHook.register(func);\n  }\n\n  /**\n   * @summary Register a callback to be called after a logout attempt succeeds.\n   * @locus Anywhere\n   * @param {Function} func The callback to be called when logout is successful.\n   */\n  onLogout(func) {\n    return this._onLogoutHook.register(func);\n  }\n  _initConnection(options) {\n    if (!Meteor.isClient) {\n      return;\n    }\n\n    // The connection used by the Accounts system. This is the connection\n    // that will get logged in by Meteor.login(), and this is the\n    // connection whose login state will be reflected by Meteor.userId().\n    //\n    // It would be much preferable for this to be in accounts_client.js,\n    // but it has to be here because it's needed to create the\n    // Meteor.users collection.\n    if (options.connection) {\n      this.connection = options.connection;\n    } else if (options.ddpUrl) {\n      this.connection = DDP.connect(options.ddpUrl);\n    } else if (typeof __meteor_runtime_config__ !== 'undefined' && __meteor_runtime_config__.ACCOUNTS_CONNECTION_URL) {\n      // Temporary, internal hook to allow the server to point the client\n      // to a different authentication server. This is for a very\n      // particular use case that comes up when implementing a oauth\n      // server. Unsupported and may go away at any point in time.\n      //\n      // We will eventually provide a general way to use account-base\n      // against any DDP connection, not just one special one.\n      this.connection = DDP.connect(__meteor_runtime_config__.ACCOUNTS_CONNECTION_URL);\n    } else {\n      this.connection = Meteor.connection;\n    }\n  }\n  _getTokenLifetimeMs() {\n    // When loginExpirationInDays is set to null, we'll use a really high\n    // number of days (LOGIN_UNEXPIRABLE_TOKEN_DAYS) to simulate an\n    // unexpiring token.\n    const loginExpirationInDays = this._options.loginExpirationInDays === null ? LOGIN_UNEXPIRING_TOKEN_DAYS : this._options.loginExpirationInDays;\n    return this._options.loginExpiration || (loginExpirationInDays || DEFAULT_LOGIN_EXPIRATION_DAYS) * 86400000;\n  }\n  _getPasswordResetTokenLifetimeMs() {\n    return this._options.passwordResetTokenExpiration || (this._options.passwordResetTokenExpirationInDays || DEFAULT_PASSWORD_RESET_TOKEN_EXPIRATION_DAYS) * 86400000;\n  }\n  _getPasswordEnrollTokenLifetimeMs() {\n    return this._options.passwordEnrollTokenExpiration || (this._options.passwordEnrollTokenExpirationInDays || DEFAULT_PASSWORD_ENROLL_TOKEN_EXPIRATION_DAYS) * 86400000;\n  }\n  _tokenExpiration(when) {\n    // We pass when through the Date constructor for backwards compatibility;\n    // `when` used to be a number.\n    return new Date(new Date(when).getTime() + this._getTokenLifetimeMs());\n  }\n  _tokenExpiresSoon(when) {\n    let minLifetimeMs = 0.1 * this._getTokenLifetimeMs();\n    const minLifetimeCapMs = MIN_TOKEN_LIFETIME_CAP_SECS * 1000;\n    if (minLifetimeMs > minLifetimeCapMs) {\n      minLifetimeMs = minLifetimeCapMs;\n    }\n    return new Date() > new Date(when) - minLifetimeMs;\n  }\n\n  // No-op on the server, overridden on the client.\n  _startupCallback(callback) {}\n}\n// Note that Accounts is defined separately in accounts_client.js and\n// accounts_server.js.\n\n/**\n * @summary Get the current user id, or `null` if no user is logged in. A reactive data source.\n * @locus Anywhere but publish functions\n * @importFromPackage meteor\n */\nMeteor.userId = () => Accounts.userId();\n\n/**\n * @summary Get the current user record, or `null` if no user is logged in. A reactive data source.\n * @locus Anywhere but publish functions\n * @importFromPackage meteor\n * @param {Object} [options]\n * @param {MongoFieldSpecifier} options.fields Dictionary of fields to return or exclude.\n */\nMeteor.user = options => Accounts.user(options);\n\n/**\n * @summary Get the current user record, or `null` if no user is logged in. A reactive data source.\n * @locus Anywhere but publish functions\n * @importFromPackage meteor\n * @param {Object} [options]\n * @param {MongoFieldSpecifier} options.fields Dictionary of fields to return or exclude.\n */\nMeteor.userAsync = options => Accounts.userAsync(options);\n\n// how long (in days) until a login token expires\nconst DEFAULT_LOGIN_EXPIRATION_DAYS = 90;\n// how long (in days) until reset password token expires\nconst DEFAULT_PASSWORD_RESET_TOKEN_EXPIRATION_DAYS = 3;\n// how long (in days) until enrol password token expires\nconst DEFAULT_PASSWORD_ENROLL_TOKEN_EXPIRATION_DAYS = 30;\n// Clients don't try to auto-login with a token that is going to expire within\n// .1 * DEFAULT_LOGIN_EXPIRATION_DAYS, capped at MIN_TOKEN_LIFETIME_CAP_SECS.\n// Tries to avoid abrupt disconnects from expiring tokens.\nconst MIN_TOKEN_LIFETIME_CAP_SECS = 3600; // one hour\n// how often (in milliseconds) we check for expired tokens\nconst EXPIRE_TOKENS_INTERVAL_MS = 600 * 1000;\n// 10 minutes\n// A large number of expiration days (approximately 100 years worth) that is\n// used when creating unexpiring tokens.\nconst LOGIN_UNEXPIRING_TOKEN_DAYS = 365 * 100;","map":{"version":3,"names":["_objectSpread","module","link","default","v","export","AccountsCommon","EXPIRE_TOKENS_INTERVAL_MS","Meteor","VALID_CONFIG_KEYS","constructor","options","_options","connection","undefined","_initConnection","users","_initializeCollection","_onLoginHook","Hook","bindEnvironment","debugPrintExceptions","_onLoginFailureHook","_onLogoutHook","DEFAULT_LOGIN_EXPIRATION_DAYS","LOGIN_UNEXPIRING_TOKEN_DAYS","lceName","LoginCancelledError","makeErrorType","description","message","prototype","name","numericError","collection","Mongo","Collection","Error","collectionName","_preventAutopublish","userId","_addDefaultFieldSelector","arguments","length","defaultFieldSelector","fields","keys","Object","keys2","user","findOne","userAsync","Promise","asyncApply","findOneAsync","config","isServer","__meteor_runtime_config__","accountsConfigCalled","_debug","hasOwnProperty","call","isClient","Package","OAuthEncryption","loadKey","oauthSecretKey","forEach","key","includes","concat","_name","onLogin","func","ret","register","_startupCallback","callback","onLoginFailure","onLogout","ddpUrl","DDP","connect","ACCOUNTS_CONNECTION_URL","_getTokenLifetimeMs","loginExpirationInDays","loginExpiration","_getPasswordResetTokenLifetimeMs","passwordResetTokenExpiration","passwordResetTokenExpirationInDays","DEFAULT_PASSWORD_RESET_TOKEN_EXPIRATION_DAYS","_getPasswordEnrollTokenLifetimeMs","passwordEnrollTokenExpiration","passwordEnrollTokenExpirationInDays","DEFAULT_PASSWORD_ENROLL_TOKEN_EXPIRATION_DAYS","_tokenExpiration","when","Date","getTime","_tokenExpiresSoon","minLifetimeMs","minLifetimeCapMs","MIN_TOKEN_LIFETIME_CAP_SECS","Accounts"],"sources":["packages/accounts-base/accounts_common.js"],"sourcesContent":["import { Meteor } from 'meteor/meteor';\n\n// config option keys\nconst VALID_CONFIG_KEYS = [\n  'sendVerificationEmail',\n  'forbidClientAccountCreation',\n  'passwordEnrollTokenExpiration',\n  'passwordEnrollTokenExpirationInDays',\n  'restrictCreationByEmailDomain',\n  'loginExpirationInDays',\n  'loginExpiration',\n  'passwordResetTokenExpirationInDays',\n  'passwordResetTokenExpiration',\n  'ambiguousErrorMessages',\n  'bcryptRounds',\n  'defaultFieldSelector',\n  'loginTokenExpirationHours',\n  'tokenSequenceLength',\n  'collection',\n];\n\n/**\n * @summary Super-constructor for AccountsClient and AccountsServer.\n * @locus Anywhere\n * @class AccountsCommon\n * @instancename accountsClientOrServer\n * @param options {Object} an object with fields:\n * - connection {Object} Optional DDP connection to reuse.\n * - ddpUrl {String} Optional URL for creating a new DDP connection.\n * - collection {String|Mongo.Collection} The name of the Mongo.Collection\n *     or the Mongo.Collection object to hold the users.\n */\nexport class AccountsCommon {\n  constructor(options) {\n    // Currently this is read directly by packages like accounts-password\n    // and accounts-ui-unstyled.\n    this._options = {};\n\n    // Note that setting this.connection = null causes this.users to be a\n    // LocalCollection, which is not what we want.\n    this.connection = undefined;\n    this._initConnection(options || {});\n\n    // There is an allow call in accounts_server.js that restricts writes to\n    // this collection.\n    this.users = this._initializeCollection(options || {});\n\n    // Callback exceptions are printed with Meteor._debug and ignored.\n    this._onLoginHook = new Hook({\n      bindEnvironment: false,\n      debugPrintExceptions: 'onLogin callback',\n    });\n\n    this._onLoginFailureHook = new Hook({\n      bindEnvironment: false,\n      debugPrintExceptions: 'onLoginFailure callback',\n    });\n\n    this._onLogoutHook = new Hook({\n      bindEnvironment: false,\n      debugPrintExceptions: 'onLogout callback',\n    });\n\n    // Expose for testing.\n    this.DEFAULT_LOGIN_EXPIRATION_DAYS = DEFAULT_LOGIN_EXPIRATION_DAYS;\n    this.LOGIN_UNEXPIRING_TOKEN_DAYS = LOGIN_UNEXPIRING_TOKEN_DAYS;\n\n    // Thrown when the user cancels the login process (eg, closes an oauth\n    // popup, declines retina scan, etc)\n    const lceName = 'Accounts.LoginCancelledError';\n    this.LoginCancelledError = Meteor.makeErrorType(lceName, function(\n      description\n    ) {\n      this.message = description;\n    });\n    this.LoginCancelledError.prototype.name = lceName;\n\n    // This is used to transmit specific subclass errors over the wire. We\n    // should come up with a more generic way to do this (eg, with some sort of\n    // symbolic error code rather than a number).\n    this.LoginCancelledError.numericError = 0x8acdc2f;\n  }\n\n  _initializeCollection(options) {\n    if (options.collection && typeof options.collection !== 'string' && !(options.collection instanceof Mongo.Collection)) {\n      throw new Meteor.Error('Collection parameter can be only of type string or \"Mongo.Collection\"');\n    }\n\n    let collectionName = 'users';\n    if (typeof options.collection === 'string') {\n      collectionName = options.collection;\n    }\n\n    let collection;\n    if (options.collection instanceof Mongo.Collection) {\n      collection = options.collection;\n    } else {\n      collection = new Mongo.Collection(collectionName, {\n        _preventAutopublish: true,\n        connection: this.connection,\n      });\n    }\n\n    return collection;\n  }\n\n  /**\n   * @summary Get the current user id, or `null` if no user is logged in. A reactive data source.\n   * @locus Anywhere\n   */\n  userId() {\n    throw new Error('userId method not implemented');\n  }\n\n  // merge the defaultFieldSelector with an existing options object\n  _addDefaultFieldSelector(options = {}) {\n    // this will be the most common case for most people, so make it quick\n    if (!this._options.defaultFieldSelector) return options;\n\n    // if no field selector then just use defaultFieldSelector\n    if (!options.fields)\n      return {\n        ...options,\n        fields: this._options.defaultFieldSelector,\n      };\n\n    // if empty field selector then the full user object is explicitly requested, so obey\n    const keys = Object.keys(options.fields);\n    if (!keys.length) return options;\n\n    // if the requested fields are +ve then ignore defaultFieldSelector\n    // assume they are all either +ve or -ve because Mongo doesn't like mixed\n    if (!!options.fields[keys[0]]) return options;\n\n    // The requested fields are -ve.\n    // If the defaultFieldSelector is +ve then use requested fields, otherwise merge them\n    const keys2 = Object.keys(this._options.defaultFieldSelector);\n    return this._options.defaultFieldSelector[keys2[0]]\n      ? options\n      : {\n          ...options,\n          fields: {\n            ...options.fields,\n            ...this._options.defaultFieldSelector,\n          },\n        };\n  }\n\n  /**\n   * @summary Get the current user record, or `null` if no user is logged in. A reactive data source.\n   * @locus Anywhere\n   * @param {Object} [options]\n   * @param {MongoFieldSpecifier} options.fields Dictionary of fields to return or exclude.\n   */\n  user(options) {\n    const userId = this.userId();\n    return userId\n      ? this.users.findOne(userId, this._addDefaultFieldSelector(options))\n      : null;\n  }\n\n  /**\n   * @summary Get the current user record, or `null` if no user is logged in.\n   * @locus Anywhere\n   * @param {Object} [options]\n   * @param {MongoFieldSpecifier} options.fields Dictionary of fields to return or exclude.\n   */\n  async userAsync(options) {\n    const userId = this.userId();\n    return userId\n      ? this.users.findOneAsync(userId, this._addDefaultFieldSelector(options))\n      : null;\n  }\n  // Set up config for the accounts system. Call this on both the client\n  // and the server.\n  //\n  // Note that this method gets overridden on AccountsServer.prototype, but\n  // the overriding method calls the overridden method.\n  //\n  // XXX we should add some enforcement that this is called on both the\n  // client and the server. Otherwise, a user can\n  // 'forbidClientAccountCreation' only on the client and while it looks\n  // like their app is secure, the server will still accept createUser\n  // calls. https://github.com/meteor/meteor/issues/828\n  //\n  // @param options {Object} an object with fields:\n  // - sendVerificationEmail {Boolean}\n  //     Send email address verification emails to new users created from\n  //     client signups.\n  // - forbidClientAccountCreation {Boolean}\n  //     Do not allow clients to create accounts directly.\n  // - restrictCreationByEmailDomain {Function or String}\n  //     Require created users to have an email matching the function or\n  //     having the string as domain.\n  // - loginExpirationInDays {Number}\n  //     Number of days since login until a user is logged out (login token\n  //     expires).\n  // - collection {String|Mongo.Collection}\n  //     A collection name or a Mongo.Collection object to hold the users.\n  // - passwordResetTokenExpirationInDays {Number}\n  //     Number of days since password reset token creation until the\n  //     token cannt be used any longer (password reset token expires).\n  // - ambiguousErrorMessages {Boolean}\n  //     Return ambiguous error messages from login failures to prevent\n  //     user enumeration.\n  // - bcryptRounds {Number}\n  //     Allows override of number of bcrypt rounds (aka work factor) used\n  //     to store passwords.\n\n  /**\n   * @summary Set global accounts options. You can also set these in `Meteor.settings.packages.accounts` without the need to call this function.\n   * @locus Anywhere\n   * @param {Object} options\n   * @param {Boolean} options.sendVerificationEmail New users with an email address will receive an address verification email.\n   * @param {Boolean} options.forbidClientAccountCreation Calls to [`createUser`](#accounts_createuser) from the client will be rejected. In addition, if you are using [accounts-ui](#accountsui), the \"Create account\" link will not be available.\n   * @param {String | Function} options.restrictCreationByEmailDomain If set to a string, only allows new users if the domain part of their email address matches the string. If set to a function, only allows new users if the function returns true.  The function is passed the full email address of the proposed new user.  Works with password-based sign-in and external services that expose email addresses (Google, Facebook, GitHub). All existing users still can log in after enabling this option. Example: `Accounts.config({ restrictCreationByEmailDomain: 'school.edu' })`.\n   * @param {Number} options.loginExpirationInDays The number of days from when a user logs in until their token expires and they are logged out. Defaults to 90. Set to `null` to disable login expiration.\n   * @param {Number} options.loginExpiration The number of milliseconds from when a user logs in until their token expires and they are logged out, for a more granular control. If `loginExpirationInDays` is set, it takes precedent.\n   * @param {String} options.oauthSecretKey When using the `oauth-encryption` package, the 16 byte key using to encrypt sensitive account credentials in the database, encoded in base64.  This option may only be specified on the server.  See packages/oauth-encryption/README.md for details.\n   * @param {Number} options.passwordResetTokenExpirationInDays The number of days from when a link to reset password is sent until token expires and user can't reset password with the link anymore. Defaults to 3.\n   * @param {Number} options.passwordResetTokenExpiration The number of milliseconds from when a link to reset password is sent until token expires and user can't reset password with the link anymore. If `passwordResetTokenExpirationInDays` is set, it takes precedent.\n   * @param {Number} options.passwordEnrollTokenExpirationInDays The number of days from when a link to set initial password is sent until token expires and user can't set password with the link anymore. Defaults to 30.\n   * @param {Number} options.passwordEnrollTokenExpiration The number of milliseconds from when a link to set initial password is sent until token expires and user can't set password with the link anymore. If `passwordEnrollTokenExpirationInDays` is set, it takes precedent.\n   * @param {Boolean} options.ambiguousErrorMessages Return ambiguous error messages from login failures to prevent user enumeration. Defaults to false.\n   * @param {MongoFieldSpecifier} options.defaultFieldSelector To exclude by default large custom fields from `Meteor.user()` and `Meteor.findUserBy...()` functions when called without a field selector, and all `onLogin`, `onLoginFailure` and `onLogout` callbacks.  Example: `Accounts.config({ defaultFieldSelector: { myBigArray: 0 }})`. Beware when using this. If, for instance, you do not include `email` when excluding the fields, you can have problems with functions like `forgotPassword` that will break because they won't have the required data available. It's recommend that you always keep the fields `_id`, `username`, and `email`.\n   * @param {String|Mongo.Collection} options.collection A collection name or a Mongo.Collection object to hold the users.\n   * @param {Number} options.loginTokenExpirationHours When using the package `accounts-2fa`, use this to set the amount of time a token sent is valid. As it's just a number, you can use, for example, 0.5 to make the token valid for just half hour. The default is 1 hour.\n   * @param {Number} options.tokenSequenceLength When using the package `accounts-2fa`, use this to the size of the token sequence generated. The default is 6.\n   */\n  config(options) {\n    // We don't want users to accidentally only call Accounts.config on the\n    // client, where some of the options will have partial effects (eg removing\n    // the \"create account\" button from accounts-ui if forbidClientAccountCreation\n    // is set, or redirecting Google login to a specific-domain page) without\n    // having their full effects.\n    if (Meteor.isServer) {\n      __meteor_runtime_config__.accountsConfigCalled = true;\n    } else if (!__meteor_runtime_config__.accountsConfigCalled) {\n      // XXX would be nice to \"crash\" the client and replace the UI with an error\n      // message, but there's no trivial way to do this.\n      Meteor._debug(\n        'Accounts.config was called on the client but not on the ' +\n          'server; some configuration options may not take effect.'\n      );\n    }\n\n    // We need to validate the oauthSecretKey option at the time\n    // Accounts.config is called. We also deliberately don't store the\n    // oauthSecretKey in Accounts._options.\n    if (Object.prototype.hasOwnProperty.call(options, 'oauthSecretKey')) {\n      if (Meteor.isClient) {\n        throw new Error(\n          'The oauthSecretKey option may only be specified on the server'\n        );\n      }\n      if (!Package['oauth-encryption']) {\n        throw new Error(\n          'The oauth-encryption package must be loaded to set oauthSecretKey'\n        );\n      }\n      Package['oauth-encryption'].OAuthEncryption.loadKey(\n        options.oauthSecretKey\n      );\n      options = { ...options };\n      delete options.oauthSecretKey;\n    }\n\n    // Validate config options keys\n    Object.keys(options).forEach(key => {\n      if (!VALID_CONFIG_KEYS.includes(key)) {\n        // TODO Consider just logging a debug message instead to allow for additional keys in the settings here?\n        throw new Meteor.Error(`Accounts.config: Invalid key: ${key}`);\n      }\n    });\n\n    // set values in Accounts._options\n    VALID_CONFIG_KEYS.forEach(key => {\n      if (key in options) {\n        if (key in this._options) {\n          if (key !== 'collection') {\n            throw new Meteor.Error(`Can't set \\`${key}\\` more than once`);\n          }\n        }\n        this._options[key] = options[key];\n      }\n    });\n\n    if (options.collection && options.collection !== this.users._name && options.collection !== this.users) {\n      this.users = this._initializeCollection(options);\n    }\n  }\n\n  /**\n   * @summary Register a callback to be called after a login attempt succeeds.\n   * @locus Anywhere\n   * @param {Function} func The callback to be called when login is successful.\n   *                        The callback receives a single object that\n   *                        holds login details. This object contains the login\n   *                        result type (password, resume, etc.) on both the\n   *                        client and server. `onLogin` callbacks registered\n   *                        on the server also receive extra data, such\n   *                        as user details, connection information, etc.\n   */\n  onLogin(func) {\n    let ret = this._onLoginHook.register(func);\n    // call the just registered callback if already logged in\n    this._startupCallback(ret.callback);\n    return ret;\n  }\n\n  /**\n   * @summary Register a callback to be called after a login attempt fails.\n   * @locus Anywhere\n   * @param {Function} func The callback to be called after the login has failed.\n   */\n  onLoginFailure(func) {\n    return this._onLoginFailureHook.register(func);\n  }\n\n  /**\n   * @summary Register a callback to be called after a logout attempt succeeds.\n   * @locus Anywhere\n   * @param {Function} func The callback to be called when logout is successful.\n   */\n  onLogout(func) {\n    return this._onLogoutHook.register(func);\n  }\n\n  _initConnection(options) {\n    if (!Meteor.isClient) {\n      return;\n    }\n\n    // The connection used by the Accounts system. This is the connection\n    // that will get logged in by Meteor.login(), and this is the\n    // connection whose login state will be reflected by Meteor.userId().\n    //\n    // It would be much preferable for this to be in accounts_client.js,\n    // but it has to be here because it's needed to create the\n    // Meteor.users collection.\n    if (options.connection) {\n      this.connection = options.connection;\n    } else if (options.ddpUrl) {\n      this.connection = DDP.connect(options.ddpUrl);\n    } else if (\n      typeof __meteor_runtime_config__ !== 'undefined' &&\n      __meteor_runtime_config__.ACCOUNTS_CONNECTION_URL\n    ) {\n      // Temporary, internal hook to allow the server to point the client\n      // to a different authentication server. This is for a very\n      // particular use case that comes up when implementing a oauth\n      // server. Unsupported and may go away at any point in time.\n      //\n      // We will eventually provide a general way to use account-base\n      // against any DDP connection, not just one special one.\n      this.connection = DDP.connect(\n        __meteor_runtime_config__.ACCOUNTS_CONNECTION_URL\n      );\n    } else {\n      this.connection = Meteor.connection;\n    }\n  }\n\n  _getTokenLifetimeMs() {\n    // When loginExpirationInDays is set to null, we'll use a really high\n    // number of days (LOGIN_UNEXPIRABLE_TOKEN_DAYS) to simulate an\n    // unexpiring token.\n    const loginExpirationInDays =\n      this._options.loginExpirationInDays === null\n        ? LOGIN_UNEXPIRING_TOKEN_DAYS\n        : this._options.loginExpirationInDays;\n    return (\n      this._options.loginExpiration ||\n      (loginExpirationInDays || DEFAULT_LOGIN_EXPIRATION_DAYS) * 86400000\n    );\n  }\n\n  _getPasswordResetTokenLifetimeMs() {\n    return (\n      this._options.passwordResetTokenExpiration ||\n      (this._options.passwordResetTokenExpirationInDays ||\n        DEFAULT_PASSWORD_RESET_TOKEN_EXPIRATION_DAYS) * 86400000\n    );\n  }\n\n  _getPasswordEnrollTokenLifetimeMs() {\n    return (\n      this._options.passwordEnrollTokenExpiration ||\n      (this._options.passwordEnrollTokenExpirationInDays ||\n        DEFAULT_PASSWORD_ENROLL_TOKEN_EXPIRATION_DAYS) * 86400000\n    );\n  }\n\n  _tokenExpiration(when) {\n    // We pass when through the Date constructor for backwards compatibility;\n    // `when` used to be a number.\n    return new Date(new Date(when).getTime() + this._getTokenLifetimeMs());\n  }\n\n  _tokenExpiresSoon(when) {\n    let minLifetimeMs = 0.1 * this._getTokenLifetimeMs();\n    const minLifetimeCapMs = MIN_TOKEN_LIFETIME_CAP_SECS * 1000;\n    if (minLifetimeMs > minLifetimeCapMs) {\n      minLifetimeMs = minLifetimeCapMs;\n    }\n    return new Date() > new Date(when) - minLifetimeMs;\n  }\n\n  // No-op on the server, overridden on the client.\n  _startupCallback(callback) {}\n}\n\n// Note that Accounts is defined separately in accounts_client.js and\n// accounts_server.js.\n\n/**\n * @summary Get the current user id, or `null` if no user is logged in. A reactive data source.\n * @locus Anywhere but publish functions\n * @importFromPackage meteor\n */\nMeteor.userId = () => Accounts.userId();\n\n/**\n * @summary Get the current user record, or `null` if no user is logged in. A reactive data source.\n * @locus Anywhere but publish functions\n * @importFromPackage meteor\n * @param {Object} [options]\n * @param {MongoFieldSpecifier} options.fields Dictionary of fields to return or exclude.\n */\nMeteor.user = options => Accounts.user(options);\n\n/**\n * @summary Get the current user record, or `null` if no user is logged in. A reactive data source.\n * @locus Anywhere but publish functions\n * @importFromPackage meteor\n * @param {Object} [options]\n * @param {MongoFieldSpecifier} options.fields Dictionary of fields to return or exclude.\n */\nMeteor.userAsync = options => Accounts.userAsync(options);\n\n// how long (in days) until a login token expires\nconst DEFAULT_LOGIN_EXPIRATION_DAYS = 90;\n// how long (in days) until reset password token expires\nconst DEFAULT_PASSWORD_RESET_TOKEN_EXPIRATION_DAYS = 3;\n// how long (in days) until enrol password token expires\nconst DEFAULT_PASSWORD_ENROLL_TOKEN_EXPIRATION_DAYS = 30;\n// Clients don't try to auto-login with a token that is going to expire within\n// .1 * DEFAULT_LOGIN_EXPIRATION_DAYS, capped at MIN_TOKEN_LIFETIME_CAP_SECS.\n// Tries to avoid abrupt disconnects from expiring tokens.\nconst MIN_TOKEN_LIFETIME_CAP_SECS = 3600; // one hour\n// how often (in milliseconds) we check for expired tokens\nexport const EXPIRE_TOKENS_INTERVAL_MS = 600 * 1000; // 10 minutes\n// A large number of expiration days (approximately 100 years worth) that is\n// used when creating unexpiring tokens.\nconst LOGIN_UNEXPIRING_TOKEN_DAYS = 365 * 100;\n"],"mappings":"AAAA,IAAIA,aAAa;AAACC,MAAM,CAACC,IAAI,CAAC,sCAAsC,EAAC;EAACC,OAAOA,CAACC,CAAC,EAAC;IAACJ,aAAa,GAACI,CAAC;EAAA;AAAC,CAAC,EAAC,CAAC,CAAC;AAArGH,MAAM,CAACI,MAAM,CAAC;EAACC,cAAc,EAACA,CAAA,KAAIA,cAAc;EAACC,yBAAyB,EAACA,CAAA,KAAIA;AAAyB,CAAC,CAAC;AAAC,IAAIC,MAAM;AAACP,MAAM,CAACC,IAAI,CAAC,eAAe,EAAC;EAACM,MAAMA,CAACJ,CAAC,EAAC;IAACI,MAAM,GAACJ,CAAC;EAAA;AAAC,CAAC,EAAC,CAAC,CAAC;AAE1K;AACA,MAAMK,iBAAiB,GAAG,CACxB,uBAAuB,EACvB,6BAA6B,EAC7B,+BAA+B,EAC/B,qCAAqC,EACrC,+BAA+B,EAC/B,uBAAuB,EACvB,iBAAiB,EACjB,oCAAoC,EACpC,8BAA8B,EAC9B,wBAAwB,EACxB,cAAc,EACd,sBAAsB,EACtB,2BAA2B,EAC3B,qBAAqB,EACrB,YAAY,CACb;;AAED;AACA;AACA;AACA;AACA;AACA;AACA;AACA;AACA;AACA;AACA;AACO,MAAMH,cAAc,CAAC;EAC1BI,WAAWA,CAACC,OAAO,EAAE;IACnB;IACA;IACA,IAAI,CAACC,QAAQ,GAAG,CAAC,CAAC;;IAElB;IACA;IACA,IAAI,CAACC,UAAU,GAAGC,SAAS;IAC3B,IAAI,CAACC,eAAe,CAACJ,OAAO,IAAI,CAAC,CAAC,CAAC;;IAEnC;IACA;IACA,IAAI,CAACK,KAAK,GAAG,IAAI,CAACC,qBAAqB,CAACN,OAAO,IAAI,CAAC,CAAC,CAAC;;IAEtD;IACA,IAAI,CAACO,YAAY,GAAG,IAAIC,IAAI,CAAC;MAC3BC,eAAe,EAAE,KAAK;MACtBC,oBAAoB,EAAE;IACxB,CAAC,CAAC;IAEF,IAAI,CAACC,mBAAmB,GAAG,IAAIH,IAAI,CAAC;MAClCC,eAAe,EAAE,KAAK;MACtBC,oBAAoB,EAAE;IACxB,CAAC,CAAC;IAEF,IAAI,CAACE,aAAa,GAAG,IAAIJ,IAAI,CAAC;MAC5BC,eAAe,EAAE,KAAK;MACtBC,oBAAoB,EAAE;IACxB,CAAC,CAAC;;IAEF;IACA,IAAI,CAACG,6BAA6B,GAAGA,6BAA6B;IAClE,IAAI,CAACC,2BAA2B,GAAGA,2BAA2B;;IAE9D;IACA;IACA,MAAMC,OAAO,GAAG,8BAA8B;IAC9C,IAAI,CAACC,mBAAmB,GAAGnB,MAAM,CAACoB,aAAa,CAACF,OAAO,EAAE,UACvDG,WAAW,EACX;MACA,IAAI,CAACC,OAAO,GAAGD,WAAW;IAC5B,CAAC,CAAC;IACF,IAAI,CAACF,mBAAmB,CAACI,SAAS,CAACC,IAAI,GAAGN,OAAO;;IAEjD;IACA;IACA;IACA,IAAI,CAACC,mBAAmB,CAACM,YAAY,GAAG,SAAS;EACnD;EAEAhB,qBAAqBA,CAACN,OAAO,EAAE;IAC7B,IAAIA,OAAO,CAACuB,UAAU,IAAI,OAAOvB,OAAO,CAACuB,UAAU,KAAK,QAAQ,IAAI,EAAEvB,OAAO,CAACuB,UAAU,YAAYC,KAAK,CAACC,UAAU,CAAC,EAAE;MACrH,MAAM,IAAI5B,MAAM,CAAC6B,KAAK,CAAC,uEAAuE,CAAC;IACjG;IAEA,IAAIC,cAAc,GAAG,OAAO;IAC5B,IAAI,OAAO3B,OAAO,CAACuB,UAAU,KAAK,QAAQ,EAAE;MAC1CI,cAAc,GAAG3B,OAAO,CAACuB,UAAU;IACrC;IAEA,IAAIA,UAAU;IACd,IAAIvB,OAAO,CAACuB,UAAU,YAAYC,KAAK,CAACC,UAAU,EAAE;MAClDF,UAAU,GAAGvB,OAAO,CAACuB,UAAU;IACjC,CAAC,MAAM;MACLA,UAAU,GAAG,IAAIC,KAAK,CAACC,UAAU,CAACE,cAAc,EAAE;QAChDC,mBAAmB,EAAE,IAAI;QACzB1B,UAAU,EAAE,IAAI,CAACA;MACnB,CAAC,CAAC;IACJ;IAEA,OAAOqB,UAAU;EACnB;;EAEA;AACF;AACA;AACA;EACEM,MAAMA,CAAA,EAAG;IACP,MAAM,IAAIH,KAAK,CAAC,+BAA+B,CAAC;EAClD;;EAEA;EACAI,wBAAwBA,CAAA,EAAe;IAAA,IAAd9B,OAAO,GAAA+B,SAAA,CAAAC,MAAA,QAAAD,SAAA,QAAA5B,SAAA,GAAA4B,SAAA,MAAG,CAAC,CAAC;IACnC;IACA,IAAI,CAAC,IAAI,CAAC9B,QAAQ,CAACgC,oBAAoB,EAAE,OAAOjC,OAAO;;IAEvD;IACA,IAAI,CAACA,OAAO,CAACkC,MAAM,EACjB,OAAA7C,aAAA,CAAAA,aAAA,KACKW,OAAO;MACVkC,MAAM,EAAE,IAAI,CAACjC,QAAQ,CAACgC;IAAoB;;IAG9C;IACA,MAAME,IAAI,GAAGC,MAAM,CAACD,IAAI,CAACnC,OAAO,CAACkC,MAAM,CAAC;IACxC,IAAI,CAACC,IAAI,CAACH,MAAM,EAAE,OAAOhC,OAAO;;IAEhC;IACA;IACA,IAAI,CAAC,CAACA,OAAO,CAACkC,MAAM,CAACC,IAAI,CAAC,CAAC,CAAC,CAAC,EAAE,OAAOnC,OAAO;;IAE7C;IACA;IACA,MAAMqC,KAAK,GAAGD,MAAM,CAACD,IAAI,CAAC,IAAI,CAAClC,QAAQ,CAACgC,oBAAoB,CAAC;IAC7D,OAAO,IAAI,CAAChC,QAAQ,CAACgC,oBAAoB,CAACI,KAAK,CAAC,CAAC,CAAC,CAAC,GAC/CrC,OAAO,GAAAX,aAAA,CAAAA,aAAA,KAEFW,OAAO;MACVkC,MAAM,EAAA7C,aAAA,CAAAA,aAAA,KACDW,OAAO,CAACkC,MAAM,GACd,IAAI,CAACjC,QAAQ,CAACgC,oBAAoB;IACtC,EACF;EACP;;EAEA;AACF;AACA;AACA;AACA;AACA;EACEK,IAAIA,CAACtC,OAAO,EAAE;IACZ,MAAM6B,MAAM,GAAG,IAAI,CAACA,MAAM,CAAC,CAAC;IAC5B,OAAOA,MAAM,GACT,IAAI,CAACxB,KAAK,CAACkC,OAAO,CAACV,MAAM,EAAE,IAAI,CAACC,wBAAwB,CAAC9B,OAAO,CAAC,CAAC,GAClE,IAAI;EACV;;EAEA;AACF;AACA;AACA;AACA;AACA;EACQwC,SAASA,CAACxC,OAAO;IAAA,OAAAyC,OAAA,CAAAC,UAAA,OAAE;MACvB,MAAMb,MAAM,GAAG,IAAI,CAACA,MAAM,CAAC,CAAC;MAC5B,OAAOA,MAAM,GACT,IAAI,CAACxB,KAAK,CAACsC,YAAY,CAACd,MAAM,EAAE,IAAI,CAACC,wBAAwB,CAAC9B,OAAO,CAAC,CAAC,GACvE,IAAI;IACV,CAAC;EAAA;EACD;EACA;EACA;EACA;EACA;EACA;EACA;EACA;EACA;EACA;EACA;EACA;EACA;EACA;EACA;EACA;EACA;EACA;EACA;EACA;EACA;EACA;EACA;EACA;EACA;EACA;EACA;EACA;EACA;EACA;EACA;EACA;EACA;EACA;EACA;;EAEA;AACF;AACA;AACA;AACA;AACA;AACA;AACA;AACA;AACA;AACA;AACA;AACA;AACA;AACA;AACA;AACA;AACA;AACA;AACA;EACE4C,MAAMA,CAAC5C,OAAO,EAAE;IACd;IACA;IACA;IACA;IACA;IACA,IAAIH,MAAM,CAACgD,QAAQ,EAAE;MACnBC,yBAAyB,CAACC,oBAAoB,GAAG,IAAI;IACvD,CAAC,MAAM,IAAI,CAACD,yBAAyB,CAACC,oBAAoB,EAAE;MAC1D;MACA;MACAlD,MAAM,CAACmD,MAAM,CACX,0DAA0D,GACxD,yDACJ,CAAC;IACH;;IAEA;IACA;IACA;IACA,IAAIZ,MAAM,CAAChB,SAAS,CAAC6B,cAAc,CAACC,IAAI,CAAClD,OAAO,EAAE,gBAAgB,CAAC,EAAE;MACnE,IAAIH,MAAM,CAACsD,QAAQ,EAAE;QACnB,MAAM,IAAIzB,KAAK,CACb,+DACF,CAAC;MACH;MACA,IAAI,CAAC0B,OAAO,CAAC,kBAAkB,CAAC,EAAE;QAChC,MAAM,IAAI1B,KAAK,CACb,mEACF,CAAC;MACH;MACA0B,OAAO,CAAC,kBAAkB,CAAC,CAACC,eAAe,CAACC,OAAO,CACjDtD,OAAO,CAACuD,cACV,CAAC;MACDvD,OAAO,GAAAX,aAAA,KAAQW,OAAO,CAAE;MACxB,OAAOA,OAAO,CAACuD,cAAc;IAC/B;;IAEA;IACAnB,MAAM,CAACD,IAAI,CAACnC,OAAO,CAAC,CAACwD,OAAO,CAACC,GAAG,IAAI;MAClC,IAAI,CAAC3D,iBAAiB,CAAC4D,QAAQ,CAACD,GAAG,CAAC,EAAE;QACpC;QACA,MAAM,IAAI5D,MAAM,CAAC6B,KAAK,kCAAAiC,MAAA,CAAkCF,GAAG,CAAE,CAAC;MAChE;IACF,CAAC,CAAC;;IAEF;IACA3D,iBAAiB,CAAC0D,OAAO,CAACC,GAAG,IAAI;MAC/B,IAAIA,GAAG,IAAIzD,OAAO,EAAE;QAClB,IAAIyD,GAAG,IAAI,IAAI,CAACxD,QAAQ,EAAE;UACxB,IAAIwD,GAAG,KAAK,YAAY,EAAE;YACxB,MAAM,IAAI5D,MAAM,CAAC6B,KAAK,eAAAiC,MAAA,CAAgBF,GAAG,qBAAmB,CAAC;UAC/D;QACF;QACA,IAAI,CAACxD,QAAQ,CAACwD,GAAG,CAAC,GAAGzD,OAAO,CAACyD,GAAG,CAAC;MACnC;IACF,CAAC,CAAC;IAEF,IAAIzD,OAAO,CAACuB,UAAU,IAAIvB,OAAO,CAACuB,UAAU,KAAK,IAAI,CAAClB,KAAK,CAACuD,KAAK,IAAI5D,OAAO,CAACuB,UAAU,KAAK,IAAI,CAAClB,KAAK,EAAE;MACtG,IAAI,CAACA,KAAK,GAAG,IAAI,CAACC,qBAAqB,CAACN,OAAO,CAAC;IAClD;EACF;;EAEA;AACF;AACA;AACA;AACA;AACA;AACA;AACA;AACA;AACA;AACA;EACE6D,OAAOA,CAACC,IAAI,EAAE;IACZ,IAAIC,GAAG,GAAG,IAAI,CAACxD,YAAY,CAACyD,QAAQ,CAACF,IAAI,CAAC;IAC1C;IACA,IAAI,CAACG,gBAAgB,CAACF,GAAG,CAACG,QAAQ,CAAC;IACnC,OAAOH,GAAG;EACZ;;EAEA;AACF;AACA;AACA;AACA;EACEI,cAAcA,CAACL,IAAI,EAAE;IACnB,OAAO,IAAI,CAACnD,mBAAmB,CAACqD,QAAQ,CAACF,IAAI,CAAC;EAChD;;EAEA;AACF;AACA;AACA;AACA;EACEM,QAAQA,CAACN,IAAI,EAAE;IACb,OAAO,IAAI,CAAClD,aAAa,CAACoD,QAAQ,CAACF,IAAI,CAAC;EAC1C;EAEA1D,eAAeA,CAACJ,OAAO,EAAE;IACvB,IAAI,CAACH,MAAM,CAACsD,QAAQ,EAAE;MACpB;IACF;;IAEA;IACA;IACA;IACA;IACA;IACA;IACA;IACA,IAAInD,OAAO,CAACE,UAAU,EAAE;MACtB,IAAI,CAACA,UAAU,GAAGF,OAAO,CAACE,UAAU;IACtC,CAAC,MAAM,IAAIF,OAAO,CAACqE,MAAM,EAAE;MACzB,IAAI,CAACnE,UAAU,GAAGoE,GAAG,CAACC,OAAO,CAACvE,OAAO,CAACqE,MAAM,CAAC;IAC/C,CAAC,MAAM,IACL,OAAOvB,yBAAyB,KAAK,WAAW,IAChDA,yBAAyB,CAAC0B,uBAAuB,EACjD;MACA;MACA;MACA;MACA;MACA;MACA;MACA;MACA,IAAI,CAACtE,UAAU,GAAGoE,GAAG,CAACC,OAAO,CAC3BzB,yBAAyB,CAAC0B,uBAC5B,CAAC;IACH,CAAC,MAAM;MACL,IAAI,CAACtE,UAAU,GAAGL,MAAM,CAACK,UAAU;IACrC;EACF;EAEAuE,mBAAmBA,CAAA,EAAG;IACpB;IACA;IACA;IACA,MAAMC,qBAAqB,GACzB,IAAI,CAACzE,QAAQ,CAACyE,qBAAqB,KAAK,IAAI,GACxC5D,2BAA2B,GAC3B,IAAI,CAACb,QAAQ,CAACyE,qBAAqB;IACzC,OACE,IAAI,CAACzE,QAAQ,CAAC0E,eAAe,IAC7B,CAACD,qBAAqB,IAAI7D,6BAA6B,IAAI,QAAQ;EAEvE;EAEA+D,gCAAgCA,CAAA,EAAG;IACjC,OACE,IAAI,CAAC3E,QAAQ,CAAC4E,4BAA4B,IAC1C,CAAC,IAAI,CAAC5E,QAAQ,CAAC6E,kCAAkC,IAC/CC,4CAA4C,IAAI,QAAQ;EAE9D;EAEAC,iCAAiCA,CAAA,EAAG;IAClC,OACE,IAAI,CAAC/E,QAAQ,CAACgF,6BAA6B,IAC3C,CAAC,IAAI,CAAChF,QAAQ,CAACiF,mCAAmC,IAChDC,6CAA6C,IAAI,QAAQ;EAE/D;EAEAC,gBAAgBA,CAACC,IAAI,EAAE;IACrB;IACA;IACA,OAAO,IAAIC,IAAI,CAAC,IAAIA,IAAI,CAACD,IAAI,CAAC,CAACE,OAAO,CAAC,CAAC,GAAG,IAAI,CAACd,mBAAmB,CAAC,CAAC,CAAC;EACxE;EAEAe,iBAAiBA,CAACH,IAAI,EAAE;IACtB,IAAII,aAAa,GAAG,GAAG,GAAG,IAAI,CAAChB,mBAAmB,CAAC,CAAC;IACpD,MAAMiB,gBAAgB,GAAGC,2BAA2B,GAAG,IAAI;IAC3D,IAAIF,aAAa,GAAGC,gBAAgB,EAAE;MACpCD,aAAa,GAAGC,gBAAgB;IAClC;IACA,OAAO,IAAIJ,IAAI,CAAC,CAAC,GAAG,IAAIA,IAAI,CAACD,IAAI,CAAC,GAAGI,aAAa;EACpD;;EAEA;EACAxB,gBAAgBA,CAACC,QAAQ,EAAE,CAAC;AAC9B;AAEA;AACA;;AAEA;AACA;AACA;AACA;AACA;AACArE,MAAM,CAACgC,MAAM,GAAG,MAAM+D,QAAQ,CAAC/D,MAAM,CAAC,CAAC;;AAEvC;AACA;AACA;AACA;AACA;AACA;AACA;AACAhC,MAAM,CAACyC,IAAI,GAAGtC,OAAO,IAAI4F,QAAQ,CAACtD,IAAI,CAACtC,OAAO,CAAC;;AAE/C;AACA;AACA;AACA;AACA;AACA;AACA;AACAH,MAAM,CAAC2C,SAAS,GAAGxC,OAAO,IAAI4F,QAAQ,CAACpD,SAAS,CAACxC,OAAO,CAAC;;AAEzD;AACA,MAAMa,6BAA6B,GAAG,EAAE;AACxC;AACA,MAAMkE,4CAA4C,GAAG,CAAC;AACtD;AACA,MAAMI,6CAA6C,GAAG,EAAE;AACxD;AACA;AACA;AACA,MAAMQ,2BAA2B,GAAG,IAAI,CAAC,CAAC;AAC1C;AACO,MAAM/F,yBAAyB,GAAG,GAAG,GAAG,IAAI;AAAE;AACrD;AACA;AACA,MAAMkB,2BAA2B,GAAG,GAAG,GAAG,GAAG"},"sourceType":"module","externalDependencies":{},"hash":"12e91f29871b7c2656dc414488516bdfd17f1cb4"}
