{"metadata":{},"options":{"assumptions":{},"compact":false,"sourceMaps":true,"ast":true,"babelrc":false,"configFile":false,"parserOpts":{"sourceType":"module","sourceFileName":"D:\\loan_app\\loan-management\\packages\\aldeed:simple-schema\\lib\\utility\\isObjectWeShouldTraverse.js","plugins":["*","flow","jsx","asyncGenerators","bigInt","classPrivateMethods","classPrivateProperties","classProperties","doExpressions","dynamicImport","exportDefaultFrom","exportExtensions","exportNamespaceFrom","functionBind","functionSent","importMeta","nullishCoalescingOperator","numericSeparator","objectRestSpread","optionalCatchBinding","optionalChaining",["pipelineOperator",{"proposal":"minimal"}],"throwExpressions","objectRestSpread","objectRestSpread","asyncGenerators","classProperties","classPrivateProperties","jsx","nullishCoalescingOperator","nullishCoalescingOperator","optionalChaining","optionalChaining","optionalCatchBinding","optionalCatchBinding","classProperties","classPrivateProperties","classPrivateMethods","classProperties","classPrivateProperties","asyncGenerators","asyncGenerators","objectRestSpread","objectRestSpread","logicalAssignment"],"allowImportExportEverywhere":true,"allowReturnOutsideFunction":true,"allowUndeclaredExports":true,"strictMode":false},"caller":{"name":"meteor","arch":"os.windows.x86_64"},"sourceFileName":"packages/aldeed:simple-schema/lib/utility/isObjectWeShouldTraverse.js","filename":"D:\\loan_app\\loan-management\\packages\\aldeed:simple-schema\\lib\\utility\\isObjectWeShouldTraverse.js","targets":{},"cloneInputAst":true,"browserslistConfigFile":false,"passPerPreset":false,"envName":"development","cwd":"D:\\loan_app\\loan-management","root":"D:\\loan_app\\loan-management","rootMode":"root","plugins":[{"key":"base$0","visitor":{"_exploded":true,"_verified":true},"options":{},"externalDependencies":[]},{"key":"base$0$0","visitor":{"Program":{"enter":[null],"exit":[null]},"_exploded":true,"_verified":true},"options":{"avoidModernSyntax":false,"enforceStrictMode":false,"dynamicImport":true,"generateLetDeclarations":true},"externalDependencies":[]},{"key":"transform-runtime","visitor":{"MemberExpression":{"enter":[null]},"ObjectPattern":{"enter":[null]},"BinaryExpression":{"enter":[null]},"Identifier":{"enter":[null]},"JSXIdentifier":{"enter":[null]},"_exploded":true,"_verified":true},"options":{"version":"7.17.2","helpers":true,"useESModules":false,"corejs":false},"externalDependencies":[]},{"key":"syntax-object-rest-spread","visitor":{"_exploded":true,"_verified":true},"options":{},"externalDependencies":[]},{"key":"proposal-object-rest-spread","visitor":{"VariableDeclarator":{"enter":[null]},"ExportNamedDeclaration":{"enter":[null]},"CatchClause":{"enter":[null]},"AssignmentExpression":{"enter":[null]},"ArrayPattern":{"enter":[null]},"ObjectExpression":{"enter":[null]},"FunctionDeclaration":{"enter":[null]},"FunctionExpression":{"enter":[null]},"ObjectMethod":{"enter":[null]},"ArrowFunctionExpression":{"enter":[null]},"ClassMethod":{"enter":[null]},"ClassPrivateMethod":{"enter":[null]},"ForInStatement":{"enter":[null]},"ForOfStatement":{"enter":[null]},"_exploded":true,"_verified":true},"options":{},"externalDependencies":[]},{"key":"transform-meteor-async-await","visitor":{"AwaitExpression":{"enter":[null]},"_exploded":true,"_verified":true,"FunctionDeclaration":{"exit":[null]},"FunctionExpression":{"exit":[null]},"ObjectMethod":{"exit":[null]},"ArrowFunctionExpression":{"exit":[null]},"ClassMethod":{"exit":[null]},"ClassPrivateMethod":{"exit":[null]}},"options":{"useNativeAsyncAwait":false},"externalDependencies":[]},{"key":"proposal-async-generator-functions","visitor":{"Program":{"enter":[null]},"_exploded":true,"_verified":true},"options":{},"externalDependencies":[]},{"key":"proposal-class-properties","visitor":{"ExportDefaultDeclaration":{"enter":[null]},"_exploded":true,"_verified":true,"ClassExpression":{"enter":[null]},"ClassDeclaration":{"enter":[null]}},"options":{"loose":true},"externalDependencies":[]},{"key":"transform-react-jsx","visitor":{"JSXNamespacedName":{"enter":[null]},"JSXSpreadChild":{"enter":[null]},"Program":{"enter":[null]},"JSXFragment":{"exit":[null]},"JSXElement":{"exit":[null]},"JSXAttribute":{"enter":[null]},"_exploded":true,"_verified":true},"options":{"pragma":"React.createElement","pragmaFrag":"React.Fragment","runtime":"classic","throwIfNamespace":true,"useBuiltIns":false},"externalDependencies":[]},{"key":"transform-react-display-name","visitor":{"ExportDefaultDeclaration":{"enter":[null]},"CallExpression":{"enter":[null]},"_exploded":true,"_verified":true},"options":{},"externalDependencies":[]},{"key":"transform-react-pure-annotations","visitor":{"CallExpression":{"enter":[null]},"_exploded":true,"_verified":true},"options":{},"externalDependencies":[]},{"key":"syntax-nullish-coalescing-operator","visitor":{"_exploded":true,"_verified":true},"options":{},"externalDependencies":[]},{"key":"proposal-nullish-coalescing-operator","visitor":{"LogicalExpression":{"enter":[null]},"_exploded":true,"_verified":true},"options":{},"externalDependencies":[]},{"key":"syntax-optional-chaining","visitor":{"_exploded":true,"_verified":true},"options":{},"externalDependencies":[]},{"key":"proposal-optional-chaining","visitor":{"OptionalCallExpression":{"enter":[null]},"OptionalMemberExpression":{"enter":[null]},"_exploded":true,"_verified":true},"options":{},"externalDependencies":[]},{"key":"syntax-optional-catch-binding","visitor":{"_exploded":true,"_verified":true},"options":{},"externalDependencies":[]},{"key":"proposal-optional-catch-binding","visitor":{"CatchClause":{"enter":[null]},"_exploded":true,"_verified":true},"options":{},"externalDependencies":[]},{"key":"syntax-class-properties","visitor":{"_exploded":true,"_verified":true},"options":{},"externalDependencies":[]},{"key":"proposal-class-properties","visitor":{"ExportDefaultDeclaration":{"enter":[null]},"_exploded":true,"_verified":true,"ClassExpression":{"enter":[null]},"ClassDeclaration":{"enter":[null]}},"options":{},"externalDependencies":[]},{"key":"syntax-async-generators","visitor":{"_exploded":true,"_verified":true},"options":{},"externalDependencies":[]},{"key":"proposal-async-generator-functions","visitor":{"Program":{"enter":[null]},"_exploded":true,"_verified":true},"options":{},"externalDependencies":[]},{"key":"syntax-object-rest-spread","visitor":{"_exploded":true,"_verified":true},"options":{},"externalDependencies":[]},{"key":"proposal-object-rest-spread","visitor":{"VariableDeclarator":{"enter":[null]},"ExportNamedDeclaration":{"enter":[null]},"CatchClause":{"enter":[null]},"AssignmentExpression":{"enter":[null]},"ArrayPattern":{"enter":[null]},"ObjectExpression":{"enter":[null]},"FunctionDeclaration":{"enter":[null]},"FunctionExpression":{"enter":[null]},"ObjectMethod":{"enter":[null]},"ArrowFunctionExpression":{"enter":[null]},"ClassMethod":{"enter":[null]},"ClassPrivateMethod":{"enter":[null]},"ForInStatement":{"enter":[null]},"ForOfStatement":{"enter":[null]},"_exploded":true,"_verified":true},"options":{},"externalDependencies":[]},{"key":"proposal-logical-assignment-operators","visitor":{"AssignmentExpression":{"enter":[null]},"_exploded":true,"_verified":true},"options":{},"externalDependencies":[]},{"key":"transform-literals","visitor":{"NumericLiteral":{"enter":[null]},"StringLiteral":{"enter":[null]},"_exploded":true,"_verified":true},"options":{},"externalDependencies":[]},{"key":"transform-template-literals","visitor":{"TaggedTemplateExpression":{"enter":[null]},"TemplateLiteral":{"enter":[null]},"_exploded":true,"_verified":true},"options":{},"externalDependencies":[]},{"key":"transform-parameters","visitor":{"_exploded":true,"_verified":true,"FunctionDeclaration":{"enter":[null]},"FunctionExpression":{"enter":[null]},"ObjectMethod":{"enter":[null]},"ArrowFunctionExpression":{"enter":[null]},"ClassMethod":{"enter":[null]},"ClassPrivateMethod":{"enter":[null]}},"options":{},"externalDependencies":[]},{"key":"transform-exponentiation-operator","visitor":{"AssignmentExpression":{"enter":[null]},"BinaryExpression":{"enter":[null]},"_exploded":true,"_verified":true},"options":{},"externalDependencies":[]}],"presets":[],"generatorOpts":{"filename":"D:\\loan_app\\loan-management\\packages\\aldeed:simple-schema\\lib\\utility\\isObjectWeShouldTraverse.js","comments":true,"compact":false,"sourceMaps":true,"sourceFileName":"packages/aldeed:simple-schema/lib/utility/isObjectWeShouldTraverse.js"}},"code":"module.export({\n  default: () => isObjectWeShouldTraverse\n});\nfunction isObjectWeShouldTraverse(val) {\n  // Some of these types don't exist in old browsers so we'll catch and return false in those cases\n  try {\n    if (val !== Object(val)) return false;\n    // There are some object types that we know we shouldn't traverse because\n    // they will often result in overflows and it makes no sense to validate them.\n    if (val instanceof Date) return false;\n    if (val instanceof Int8Array) return false;\n    if (val instanceof Uint8Array) return false;\n    if (val instanceof Uint8ClampedArray) return false;\n    if (val instanceof Int16Array) return false;\n    if (val instanceof Uint16Array) return false;\n    if (val instanceof Int32Array) return false;\n    if (val instanceof Uint32Array) return false;\n    if (val instanceof Float32Array) return false;\n    if (val instanceof Float64Array) return false;\n  } catch (e) {\n    return false;\n  }\n  return true;\n}","map":{"version":3,"names":["module","export","default","isObjectWeShouldTraverse","val","Object","Date","Int8Array","Uint8Array","Uint8ClampedArray","Int16Array","Uint16Array","Int32Array","Uint32Array","Float32Array","Float64Array","e"],"sources":["packages/aldeed:simple-schema/lib/utility/isObjectWeShouldTraverse.js"],"sourcesContent":["export default function isObjectWeShouldTraverse(val) {\n  // Some of these types don't exist in old browsers so we'll catch and return false in those cases\n  try {\n    if (val !== Object(val)) return false;\n    // There are some object types that we know we shouldn't traverse because\n    // they will often result in overflows and it makes no sense to validate them.\n    if (val instanceof Date) return false;\n    if (val instanceof Int8Array) return false;\n    if (val instanceof Uint8Array) return false;\n    if (val instanceof Uint8ClampedArray) return false;\n    if (val instanceof Int16Array) return false;\n    if (val instanceof Uint16Array) return false;\n    if (val instanceof Int32Array) return false;\n    if (val instanceof Uint32Array) return false;\n    if (val instanceof Float32Array) return false;\n    if (val instanceof Float64Array) return false;\n  } catch (e) {\n    return false;\n  }\n\n  return true;\n}\n"],"mappings":"AAAAA,MAAM,CAACC,MAAM,CAAC;EAACC,OAAO,EAACA,CAAA,KAAIC;AAAwB,CAAC,CAAC;AAAtC,SAASA,wBAAwBA,CAACC,GAAG,EAAE;EACpD;EACA,IAAI;IACF,IAAIA,GAAG,KAAKC,MAAM,CAACD,GAAG,CAAC,EAAE,OAAO,KAAK;IACrC;IACA;IACA,IAAIA,GAAG,YAAYE,IAAI,EAAE,OAAO,KAAK;IACrC,IAAIF,GAAG,YAAYG,SAAS,EAAE,OAAO,KAAK;IAC1C,IAAIH,GAAG,YAAYI,UAAU,EAAE,OAAO,KAAK;IAC3C,IAAIJ,GAAG,YAAYK,iBAAiB,EAAE,OAAO,KAAK;IAClD,IAAIL,GAAG,YAAYM,UAAU,EAAE,OAAO,KAAK;IAC3C,IAAIN,GAAG,YAAYO,WAAW,EAAE,OAAO,KAAK;IAC5C,IAAIP,GAAG,YAAYQ,UAAU,EAAE,OAAO,KAAK;IAC3C,IAAIR,GAAG,YAAYS,WAAW,EAAE,OAAO,KAAK;IAC5C,IAAIT,GAAG,YAAYU,YAAY,EAAE,OAAO,KAAK;IAC7C,IAAIV,GAAG,YAAYW,YAAY,EAAE,OAAO,KAAK;EAC/C,CAAC,CAAC,OAAOC,CAAC,EAAE;IACV,OAAO,KAAK;EACd;EAEA,OAAO,IAAI;AACb"},"sourceType":"module","externalDependencies":{},"hash":"1759b889327115d260184563c7e9ed5c98bd3a56"}
