{"metadata":{},"options":{"assumptions":{},"compact":false,"sourceMaps":true,"ast":true,"babelrc":false,"configFile":false,"parserOpts":{"sourceType":"module","sourceFileName":"D:\\loan_app\\loan-management\\packages\\webapp-hashing\\webapp-hashing.js","plugins":["*","flow","jsx","asyncGenerators","bigInt","classPrivateMethods","classPrivateProperties","classProperties","doExpressions","dynamicImport","exportDefaultFrom","exportExtensions","exportNamespaceFrom","functionBind","functionSent","importMeta","nullishCoalescingOperator","numericSeparator","objectRestSpread","optionalCatchBinding","optionalChaining",["pipelineOperator",{"proposal":"minimal"}],"throwExpressions","objectRestSpread","objectRestSpread","asyncGenerators","classProperties","classPrivateProperties","jsx","nullishCoalescingOperator","nullishCoalescingOperator","optionalChaining","optionalChaining","optionalCatchBinding","optionalCatchBinding","classProperties","classPrivateProperties","classPrivateMethods","classProperties","classPrivateProperties","asyncGenerators","asyncGenerators","objectRestSpread","objectRestSpread","logicalAssignment"],"allowImportExportEverywhere":true,"allowReturnOutsideFunction":true,"allowUndeclaredExports":true,"strictMode":false},"caller":{"name":"meteor","arch":"os.windows.x86_64"},"sourceFileName":"packages/webapp-hashing/webapp-hashing.js","filename":"D:\\loan_app\\loan-management\\packages\\webapp-hashing\\webapp-hashing.js","targets":{},"cloneInputAst":true,"browserslistConfigFile":false,"passPerPreset":false,"envName":"development","cwd":"D:\\loan_app\\loan-management","root":"D:\\loan_app\\loan-management","rootMode":"root","plugins":[{"key":"base$0","visitor":{"_exploded":true,"_verified":true},"options":{},"externalDependencies":[]},{"key":"base$0$0","visitor":{"Program":{"enter":[null],"exit":[null]},"_exploded":true,"_verified":true},"options":{"avoidModernSyntax":false,"enforceStrictMode":false,"dynamicImport":true,"generateLetDeclarations":true},"externalDependencies":[]},{"key":"transform-runtime","visitor":{"MemberExpression":{"enter":[null]},"ObjectPattern":{"enter":[null]},"BinaryExpression":{"enter":[null]},"Identifier":{"enter":[null]},"JSXIdentifier":{"enter":[null]},"_exploded":true,"_verified":true},"options":{"version":"7.17.2","helpers":true,"useESModules":false,"corejs":false},"externalDependencies":[]},{"key":"syntax-object-rest-spread","visitor":{"_exploded":true,"_verified":true},"options":{},"externalDependencies":[]},{"key":"proposal-object-rest-spread","visitor":{"VariableDeclarator":{"enter":[null]},"ExportNamedDeclaration":{"enter":[null]},"CatchClause":{"enter":[null]},"AssignmentExpression":{"enter":[null]},"ArrayPattern":{"enter":[null]},"ObjectExpression":{"enter":[null]},"FunctionDeclaration":{"enter":[null]},"FunctionExpression":{"enter":[null]},"ObjectMethod":{"enter":[null]},"ArrowFunctionExpression":{"enter":[null]},"ClassMethod":{"enter":[null]},"ClassPrivateMethod":{"enter":[null]},"ForInStatement":{"enter":[null]},"ForOfStatement":{"enter":[null]},"_exploded":true,"_verified":true},"options":{},"externalDependencies":[]},{"key":"transform-meteor-async-await","visitor":{"AwaitExpression":{"enter":[null]},"_exploded":true,"_verified":true,"FunctionDeclaration":{"exit":[null]},"FunctionExpression":{"exit":[null]},"ObjectMethod":{"exit":[null]},"ArrowFunctionExpression":{"exit":[null]},"ClassMethod":{"exit":[null]},"ClassPrivateMethod":{"exit":[null]}},"options":{"useNativeAsyncAwait":false},"externalDependencies":[]},{"key":"proposal-async-generator-functions","visitor":{"Program":{"enter":[null]},"_exploded":true,"_verified":true},"options":{},"externalDependencies":[]},{"key":"proposal-class-properties","visitor":{"ExportDefaultDeclaration":{"enter":[null]},"_exploded":true,"_verified":true,"ClassExpression":{"enter":[null]},"ClassDeclaration":{"enter":[null]}},"options":{"loose":true},"externalDependencies":[]},{"key":"transform-react-jsx","visitor":{"JSXNamespacedName":{"enter":[null]},"JSXSpreadChild":{"enter":[null]},"Program":{"enter":[null]},"JSXFragment":{"exit":[null]},"JSXElement":{"exit":[null]},"JSXAttribute":{"enter":[null]},"_exploded":true,"_verified":true},"options":{"pragma":"React.createElement","pragmaFrag":"React.Fragment","runtime":"classic","throwIfNamespace":true,"useBuiltIns":false},"externalDependencies":[]},{"key":"transform-react-display-name","visitor":{"ExportDefaultDeclaration":{"enter":[null]},"CallExpression":{"enter":[null]},"_exploded":true,"_verified":true},"options":{},"externalDependencies":[]},{"key":"transform-react-pure-annotations","visitor":{"CallExpression":{"enter":[null]},"_exploded":true,"_verified":true},"options":{},"externalDependencies":[]},{"key":"syntax-nullish-coalescing-operator","visitor":{"_exploded":true,"_verified":true},"options":{},"externalDependencies":[]},{"key":"proposal-nullish-coalescing-operator","visitor":{"LogicalExpression":{"enter":[null]},"_exploded":true,"_verified":true},"options":{},"externalDependencies":[]},{"key":"syntax-optional-chaining","visitor":{"_exploded":true,"_verified":true},"options":{},"externalDependencies":[]},{"key":"proposal-optional-chaining","visitor":{"OptionalCallExpression":{"enter":[null]},"OptionalMemberExpression":{"enter":[null]},"_exploded":true,"_verified":true},"options":{},"externalDependencies":[]},{"key":"syntax-optional-catch-binding","visitor":{"_exploded":true,"_verified":true},"options":{},"externalDependencies":[]},{"key":"proposal-optional-catch-binding","visitor":{"CatchClause":{"enter":[null]},"_exploded":true,"_verified":true},"options":{},"externalDependencies":[]},{"key":"syntax-class-properties","visitor":{"_exploded":true,"_verified":true},"options":{},"externalDependencies":[]},{"key":"proposal-class-properties","visitor":{"ExportDefaultDeclaration":{"enter":[null]},"_exploded":true,"_verified":true,"ClassExpression":{"enter":[null]},"ClassDeclaration":{"enter":[null]}},"options":{},"externalDependencies":[]},{"key":"syntax-async-generators","visitor":{"_exploded":true,"_verified":true},"options":{},"externalDependencies":[]},{"key":"proposal-async-generator-functions","visitor":{"Program":{"enter":[null]},"_exploded":true,"_verified":true},"options":{},"externalDependencies":[]},{"key":"syntax-object-rest-spread","visitor":{"_exploded":true,"_verified":true},"options":{},"externalDependencies":[]},{"key":"proposal-object-rest-spread","visitor":{"VariableDeclarator":{"enter":[null]},"ExportNamedDeclaration":{"enter":[null]},"CatchClause":{"enter":[null]},"AssignmentExpression":{"enter":[null]},"ArrayPattern":{"enter":[null]},"ObjectExpression":{"enter":[null]},"FunctionDeclaration":{"enter":[null]},"FunctionExpression":{"enter":[null]},"ObjectMethod":{"enter":[null]},"ArrowFunctionExpression":{"enter":[null]},"ClassMethod":{"enter":[null]},"ClassPrivateMethod":{"enter":[null]},"ForInStatement":{"enter":[null]},"ForOfStatement":{"enter":[null]},"_exploded":true,"_verified":true},"options":{},"externalDependencies":[]},{"key":"proposal-logical-assignment-operators","visitor":{"AssignmentExpression":{"enter":[null]},"_exploded":true,"_verified":true},"options":{},"externalDependencies":[]},{"key":"transform-literals","visitor":{"NumericLiteral":{"enter":[null]},"StringLiteral":{"enter":[null]},"_exploded":true,"_verified":true},"options":{},"externalDependencies":[]},{"key":"transform-template-literals","visitor":{"TaggedTemplateExpression":{"enter":[null]},"TemplateLiteral":{"enter":[null]},"_exploded":true,"_verified":true},"options":{},"externalDependencies":[]},{"key":"transform-parameters","visitor":{"_exploded":true,"_verified":true,"FunctionDeclaration":{"enter":[null]},"FunctionExpression":{"enter":[null]},"ObjectMethod":{"enter":[null]},"ArrowFunctionExpression":{"enter":[null]},"ClassMethod":{"enter":[null]},"ClassPrivateMethod":{"enter":[null]}},"options":{},"externalDependencies":[]},{"key":"transform-exponentiation-operator","visitor":{"AssignmentExpression":{"enter":[null]},"BinaryExpression":{"enter":[null]},"_exploded":true,"_verified":true},"options":{},"externalDependencies":[]}],"presets":[],"generatorOpts":{"filename":"D:\\loan_app\\loan-management\\packages\\webapp-hashing\\webapp-hashing.js","comments":true,"compact":false,"sourceMaps":true,"sourceFileName":"packages/webapp-hashing/webapp-hashing.js"}},"code":"const _excluded = [\"autoupdateVersion\", \"autoupdateVersionRefreshable\", \"autoupdateVersionCordova\"];\nlet _objectWithoutProperties;\nmodule.link(\"@babel/runtime/helpers/objectWithoutProperties\", {\n  default(v) {\n    _objectWithoutProperties = v;\n  }\n}, 0);\nlet createHash;\nmodule.link(\"crypto\", {\n  createHash(v) {\n    createHash = v;\n  }\n}, 0);\nWebAppHashing = {};\n\n// Calculate a hash of all the client resources downloaded by the\n// browser, including the application HTML, runtime config, code, and\n// static files.\n//\n// This hash *must* change if any resources seen by the browser\n// change, and ideally *doesn't* change for any server-only changes\n// (but the second is a performance enhancement, not a hard\n// requirement).\n\nWebAppHashing.calculateClientHash = function (manifest, includeFilter, runtimeConfigOverride) {\n  var hash = createHash('sha1');\n\n  // Omit the old hashed client values in the new hash. These may be\n  // modified in the new boilerplate.\n  var {\n      autoupdateVersion,\n      autoupdateVersionRefreshable,\n      autoupdateVersionCordova\n    } = __meteor_runtime_config__,\n    runtimeCfg = _objectWithoutProperties(__meteor_runtime_config__, _excluded);\n  if (runtimeConfigOverride) {\n    runtimeCfg = runtimeConfigOverride;\n  }\n  hash.update(JSON.stringify(runtimeCfg, 'utf8'));\n  manifest.forEach(function (resource) {\n    if ((!includeFilter || includeFilter(resource.type, resource.replaceable)) && (resource.where === 'client' || resource.where === 'internal')) {\n      hash.update(resource.path);\n      hash.update(resource.hash);\n    }\n  });\n  return hash.digest('hex');\n};\nWebAppHashing.calculateCordovaCompatibilityHash = function (platformVersion, pluginVersions) {\n  const hash = createHash('sha1');\n  hash.update(platformVersion);\n\n  // Sort plugins first so iteration order doesn't affect the hash\n  const plugins = Object.keys(pluginVersions).sort();\n  for (let plugin of plugins) {\n    const version = pluginVersions[plugin];\n    hash.update(plugin);\n    hash.update(version);\n  }\n  return hash.digest('hex');\n};","map":{"version":3,"names":["_objectWithoutProperties","module","link","default","v","createHash","WebAppHashing","calculateClientHash","manifest","includeFilter","runtimeConfigOverride","hash","autoupdateVersion","autoupdateVersionRefreshable","autoupdateVersionCordova","__meteor_runtime_config__","runtimeCfg","_excluded","update","JSON","stringify","forEach","resource","type","replaceable","where","path","digest","calculateCordovaCompatibilityHash","platformVersion","pluginVersions","plugins","Object","keys","sort","plugin","version"],"sources":["packages/webapp-hashing/webapp-hashing.js"],"sourcesContent":["import { createHash } from \"crypto\";\n\nWebAppHashing = {};\n\n// Calculate a hash of all the client resources downloaded by the\n// browser, including the application HTML, runtime config, code, and\n// static files.\n//\n// This hash *must* change if any resources seen by the browser\n// change, and ideally *doesn't* change for any server-only changes\n// (but the second is a performance enhancement, not a hard\n// requirement).\n\nWebAppHashing.calculateClientHash =\n  function (manifest, includeFilter, runtimeConfigOverride) {\n  var hash = createHash('sha1');\n\n  // Omit the old hashed client values in the new hash. These may be\n  // modified in the new boilerplate.\n  var { autoupdateVersion, autoupdateVersionRefreshable, autoupdateVersionCordova, ...runtimeCfg } = __meteor_runtime_config__;\n\n  if (runtimeConfigOverride) {\n    runtimeCfg = runtimeConfigOverride;\n  }\n\n  hash.update(JSON.stringify(runtimeCfg, 'utf8'));\n\n  manifest.forEach(function (resource) {\n      if ((! includeFilter || includeFilter(resource.type, resource.replaceable)) &&\n          (resource.where === 'client' || resource.where === 'internal')) {\n      hash.update(resource.path);\n      hash.update(resource.hash);\n    }\n  });\n  return hash.digest('hex');\n};\n\nWebAppHashing.calculateCordovaCompatibilityHash =\n  function(platformVersion, pluginVersions) {\n  const hash = createHash('sha1');\n\n  hash.update(platformVersion);\n\n  // Sort plugins first so iteration order doesn't affect the hash\n  const plugins = Object.keys(pluginVersions).sort();\n  for (let plugin of plugins) {\n    const version = pluginVersions[plugin];\n    hash.update(plugin);\n    hash.update(version);\n  }\n\n  return hash.digest('hex');\n};\n"],"mappings":";AAAA,IAAIA,wBAAwB;AAACC,MAAM,CAACC,IAAI,CAAC,gDAAgD,EAAC;EAACC,OAAOA,CAACC,CAAC,EAAC;IAACJ,wBAAwB,GAACI,CAAC;EAAA;AAAC,CAAC,EAAC,CAAC,CAAC;AAArI,IAAIC,UAAU;AAACJ,MAAM,CAACC,IAAI,CAAC,QAAQ,EAAC;EAACG,UAAUA,CAACD,CAAC,EAAC;IAACC,UAAU,GAACD,CAAC;EAAA;AAAC,CAAC,EAAC,CAAC,CAAC;AAEpEE,aAAa,GAAG,CAAC,CAAC;;AAElB;AACA;AACA;AACA;AACA;AACA;AACA;AACA;;AAEAA,aAAa,CAACC,mBAAmB,GAC/B,UAAUC,QAAQ,EAAEC,aAAa,EAAEC,qBAAqB,EAAE;EAC1D,IAAIC,IAAI,GAAGN,UAAU,CAAC,MAAM,CAAC;;EAE7B;EACA;EACA,IAAI;MAAEO,iBAAiB;MAAEC,4BAA4B;MAAEC;IAAwC,CAAC,GAAGC,yBAAyB;IAAxCC,UAAU,GAAAhB,wBAAA,CAAKe,yBAAyB,EAAAE,SAAA;EAE5H,IAAIP,qBAAqB,EAAE;IACzBM,UAAU,GAAGN,qBAAqB;EACpC;EAEAC,IAAI,CAACO,MAAM,CAACC,IAAI,CAACC,SAAS,CAACJ,UAAU,EAAE,MAAM,CAAC,CAAC;EAE/CR,QAAQ,CAACa,OAAO,CAAC,UAAUC,QAAQ,EAAE;IACjC,IAAI,CAAC,CAAEb,aAAa,IAAIA,aAAa,CAACa,QAAQ,CAACC,IAAI,EAAED,QAAQ,CAACE,WAAW,CAAC,MACrEF,QAAQ,CAACG,KAAK,KAAK,QAAQ,IAAIH,QAAQ,CAACG,KAAK,KAAK,UAAU,CAAC,EAAE;MACpEd,IAAI,CAACO,MAAM,CAACI,QAAQ,CAACI,IAAI,CAAC;MAC1Bf,IAAI,CAACO,MAAM,CAACI,QAAQ,CAACX,IAAI,CAAC;IAC5B;EACF,CAAC,CAAC;EACF,OAAOA,IAAI,CAACgB,MAAM,CAAC,KAAK,CAAC;AAC3B,CAAC;AAEDrB,aAAa,CAACsB,iCAAiC,GAC7C,UAASC,eAAe,EAAEC,cAAc,EAAE;EAC1C,MAAMnB,IAAI,GAAGN,UAAU,CAAC,MAAM,CAAC;EAE/BM,IAAI,CAACO,MAAM,CAACW,eAAe,CAAC;;EAE5B;EACA,MAAME,OAAO,GAAGC,MAAM,CAACC,IAAI,CAACH,cAAc,CAAC,CAACI,IAAI,CAAC,CAAC;EAClD,KAAK,IAAIC,MAAM,IAAIJ,OAAO,EAAE;IAC1B,MAAMK,OAAO,GAAGN,cAAc,CAACK,MAAM,CAAC;IACtCxB,IAAI,CAACO,MAAM,CAACiB,MAAM,CAAC;IACnBxB,IAAI,CAACO,MAAM,CAACkB,OAAO,CAAC;EACtB;EAEA,OAAOzB,IAAI,CAACgB,MAAM,CAAC,KAAK,CAAC;AAC3B,CAAC"},"sourceType":"module","externalDependencies":{},"hash":"1ff00d4a0a24f41c48b2b392a4d2b27175250c73"}
