{"metadata":{},"options":{"assumptions":{},"compact":false,"sourceMaps":true,"ast":true,"babelrc":false,"configFile":false,"parserOpts":{"sourceType":"module","sourceFileName":"D:\\loan_app\\loan-management\\packages\\aldeed:simple-schema\\lib\\clean\\getPositionsForAutoValue.js","plugins":["*","flow","jsx","asyncGenerators","bigInt","classPrivateMethods","classPrivateProperties","classProperties","doExpressions","dynamicImport","exportDefaultFrom","exportExtensions","exportNamespaceFrom","functionBind","functionSent","importMeta","nullishCoalescingOperator","numericSeparator","objectRestSpread","optionalCatchBinding","optionalChaining",["pipelineOperator",{"proposal":"minimal"}],"throwExpressions","classProperties","classPrivateProperties","jsx","nullishCoalescingOperator","nullishCoalescingOperator","optionalChaining","optionalChaining","optionalCatchBinding","optionalCatchBinding","classProperties","classPrivateProperties","classPrivateMethods","classProperties","classPrivateProperties","asyncGenerators","asyncGenerators","objectRestSpread","objectRestSpread","logicalAssignment"],"allowImportExportEverywhere":true,"allowReturnOutsideFunction":true,"allowUndeclaredExports":true,"strictMode":false},"caller":{"name":"meteor","arch":"web.browser.legacy"},"sourceFileName":"packages/aldeed:simple-schema/lib/clean/getPositionsForAutoValue.js","filename":"D:\\loan_app\\loan-management\\packages\\aldeed:simple-schema\\lib\\clean\\getPositionsForAutoValue.js","targets":{},"cloneInputAst":true,"browserslistConfigFile":false,"passPerPreset":false,"envName":"development","cwd":"D:\\loan_app\\loan-management","root":"D:\\loan_app\\loan-management","rootMode":"root","plugins":[{"key":"base$0","visitor":{"_exploded":true,"_verified":true},"options":{},"externalDependencies":[]},{"key":"base$0$0","visitor":{"Program":{"enter":[null],"exit":[null]},"_exploded":true,"_verified":true},"options":{"avoidModernSyntax":true,"enforceStrictMode":false,"dynamicImport":true},"externalDependencies":[]},{"key":"transform-runtime","visitor":{"MemberExpression":{"enter":[null]},"ObjectPattern":{"enter":[null]},"BinaryExpression":{"enter":[null]},"Identifier":{"enter":[null]},"JSXIdentifier":{"enter":[null]},"_exploded":true,"_verified":true},"options":{"version":"7.17.2","helpers":true,"useESModules":false,"corejs":false},"externalDependencies":[]},{"key":"proposal-class-properties","visitor":{"ExportDefaultDeclaration":{"enter":[null]},"_exploded":true,"_verified":true,"ClassExpression":{"enter":[null]},"ClassDeclaration":{"enter":[null]}},"options":{"loose":true},"externalDependencies":[]},{"key":"base$0$3","visitor":{"FunctionExpression":{"exit":[null]},"_exploded":true,"_verified":true},"options":{},"externalDependencies":[]},{"key":"base$0$4","visitor":{"ForInStatement":{"enter":[null]},"_exploded":true,"_verified":true},"options":{},"externalDependencies":[]},{"key":"transform-react-jsx","visitor":{"JSXNamespacedName":{"enter":[null]},"JSXSpreadChild":{"enter":[null]},"Program":{"enter":[null]},"JSXFragment":{"exit":[null]},"JSXElement":{"exit":[null]},"JSXAttribute":{"enter":[null]},"_exploded":true,"_verified":true},"options":{"pragma":"React.createElement","pragmaFrag":"React.Fragment","runtime":"classic","throwIfNamespace":true,"useBuiltIns":false},"externalDependencies":[]},{"key":"transform-react-display-name","visitor":{"ExportDefaultDeclaration":{"enter":[null]},"CallExpression":{"enter":[null]},"_exploded":true,"_verified":true},"options":{},"externalDependencies":[]},{"key":"transform-react-pure-annotations","visitor":{"CallExpression":{"enter":[null]},"_exploded":true,"_verified":true},"options":{},"externalDependencies":[]},{"key":"syntax-nullish-coalescing-operator","visitor":{"_exploded":true,"_verified":true},"options":{},"externalDependencies":[]},{"key":"proposal-nullish-coalescing-operator","visitor":{"LogicalExpression":{"enter":[null]},"_exploded":true,"_verified":true},"options":{},"externalDependencies":[]},{"key":"syntax-optional-chaining","visitor":{"_exploded":true,"_verified":true},"options":{},"externalDependencies":[]},{"key":"proposal-optional-chaining","visitor":{"OptionalCallExpression":{"enter":[null]},"OptionalMemberExpression":{"enter":[null]},"_exploded":true,"_verified":true},"options":{},"externalDependencies":[]},{"key":"syntax-optional-catch-binding","visitor":{"_exploded":true,"_verified":true},"options":{},"externalDependencies":[]},{"key":"proposal-optional-catch-binding","visitor":{"CatchClause":{"enter":[null]},"_exploded":true,"_verified":true},"options":{},"externalDependencies":[]},{"key":"syntax-class-properties","visitor":{"_exploded":true,"_verified":true},"options":{},"externalDependencies":[]},{"key":"proposal-class-properties","visitor":{"ExportDefaultDeclaration":{"enter":[null]},"_exploded":true,"_verified":true,"ClassExpression":{"enter":[null]},"ClassDeclaration":{"enter":[null]}},"options":{},"externalDependencies":[]},{"key":"syntax-async-generators","visitor":{"_exploded":true,"_verified":true},"options":{},"externalDependencies":[]},{"key":"proposal-async-generator-functions","visitor":{"Program":{"enter":[null]},"_exploded":true,"_verified":true},"options":{},"externalDependencies":[]},{"key":"syntax-object-rest-spread","visitor":{"_exploded":true,"_verified":true},"options":{},"externalDependencies":[]},{"key":"proposal-object-rest-spread","visitor":{"VariableDeclarator":{"enter":[null]},"ExportNamedDeclaration":{"enter":[null]},"CatchClause":{"enter":[null]},"AssignmentExpression":{"enter":[null]},"ArrayPattern":{"enter":[null]},"ObjectExpression":{"enter":[null]},"FunctionDeclaration":{"enter":[null]},"FunctionExpression":{"enter":[null]},"ObjectMethod":{"enter":[null]},"ArrowFunctionExpression":{"enter":[null]},"ClassMethod":{"enter":[null]},"ClassPrivateMethod":{"enter":[null]},"ForInStatement":{"enter":[null]},"ForOfStatement":{"enter":[null]},"_exploded":true,"_verified":true},"options":{},"externalDependencies":[]},{"key":"proposal-logical-assignment-operators","visitor":{"AssignmentExpression":{"enter":[null]},"_exploded":true,"_verified":true},"options":{},"externalDependencies":[]},{"key":"transform-arrow-functions","visitor":{"ArrowFunctionExpression":{"enter":[null]},"_exploded":true,"_verified":true},"options":{},"externalDependencies":[]},{"key":"transform-block-scoped-functions","visitor":{"BlockStatement":{"enter":[null]},"SwitchCase":{"enter":[null]},"_exploded":true,"_verified":true},"options":{},"externalDependencies":[]},{"key":"transform-block-scoping","visitor":{"VariableDeclaration":{"enter":[null,null]},"BlockStatement":{"enter":[null]},"SwitchCase":{"enter":[null]},"ClassDeclaration":{"enter":[null]},"DoWhileStatement":{"enter":[null]},"ForInStatement":{"enter":[null]},"ForStatement":{"enter":[null]},"WhileStatement":{"enter":[null]},"ForOfStatement":{"enter":[null]},"_exploded":true,"_verified":true},"options":{},"externalDependencies":[]},{"key":"transform-classes","visitor":{"ExportDefaultDeclaration":{"enter":[null]},"ClassDeclaration":{"enter":[null]},"ClassExpression":{"enter":[null]},"_exploded":true,"_verified":true},"options":{"loose":true},"externalDependencies":[]},{"key":"transform-computed-properties","visitor":{"ObjectExpression":{"exit":[null]},"_exploded":true,"_verified":true},"options":{"loose":true},"externalDependencies":[]},{"key":"transform-destructuring","visitor":{"ExportNamedDeclaration":{"enter":[null]},"CatchClause":{"enter":[null]},"AssignmentExpression":{"enter":[null]},"VariableDeclaration":{"enter":[null]},"_exploded":true,"_verified":true,"ForInStatement":{"enter":[null]},"ForOfStatement":{"enter":[null]}},"options":{},"externalDependencies":[]},{"key":"transform-for-of","visitor":{"ForOfStatement":{"enter":[null]},"_exploded":true,"_verified":true},"options":{"loose":true},"externalDependencies":[]},{"key":"transform-literals","visitor":{"NumericLiteral":{"enter":[null]},"StringLiteral":{"enter":[null]},"_exploded":true,"_verified":true},"options":{},"externalDependencies":[]},{"key":"transform-object-super","visitor":{"ObjectExpression":{"enter":[null]},"_exploded":true,"_verified":true,"DoWhileStatement":{"exit":[null]},"ForInStatement":{"exit":[null]},"ForStatement":{"exit":[null]},"WhileStatement":{"exit":[null]},"ForOfStatement":{"exit":[null]}},"options":{},"externalDependencies":[]},{"key":"transform-parameters","visitor":{"_exploded":true,"_verified":true,"FunctionDeclaration":{"enter":[null]},"FunctionExpression":{"enter":[null]},"ObjectMethod":{"enter":[null]},"ArrowFunctionExpression":{"enter":[null]},"ClassMethod":{"enter":[null]},"ClassPrivateMethod":{"enter":[null]}},"options":{},"externalDependencies":[]},{"key":"transform-shorthand-properties","visitor":{"ObjectMethod":{"enter":[null]},"ObjectProperty":{"enter":[null]},"_exploded":true,"_verified":true},"options":{},"externalDependencies":[]},{"key":"transform-spread","visitor":{"ArrayExpression":{"enter":[null]},"CallExpression":{"enter":[null]},"NewExpression":{"enter":[null]},"_exploded":true,"_verified":true},"options":{},"externalDependencies":[]},{"key":"transform-sticky-regex","visitor":{"RegExpLiteral":{"enter":[null]},"_exploded":true,"_verified":true},"options":{},"externalDependencies":[]},{"key":"transform-template-literals","visitor":{"TaggedTemplateExpression":{"enter":[null]},"TemplateLiteral":{"enter":[null]},"_exploded":true,"_verified":true},"options":{"loose":true},"externalDependencies":[]},{"key":"transform-typeof-symbol","visitor":{"UnaryExpression":{"enter":[null]},"_exploded":true,"_verified":true,"BlockStatement":{"enter":[null]},"CatchClause":{"enter":[null]},"DoWhileStatement":{"enter":[null]},"ForInStatement":{"enter":[null]},"ForStatement":{"enter":[null]},"FunctionDeclaration":{"enter":[null]},"FunctionExpression":{"enter":[null]},"Program":{"enter":[null]},"ObjectMethod":{"enter":[null]},"SwitchStatement":{"enter":[null]},"WhileStatement":{"enter":[null]},"ArrowFunctionExpression":{"enter":[null]},"ClassExpression":{"enter":[null]},"ClassDeclaration":{"enter":[null]},"ForOfStatement":{"enter":[null]},"ClassMethod":{"enter":[null]},"ClassPrivateMethod":{"enter":[null]},"StaticBlock":{"enter":[null]},"TSModuleBlock":{"enter":[null]},"AssignmentPattern":{"enter":[null]},"ArrayPattern":{"enter":[null]},"ObjectPattern":{"enter":[null]}},"options":{},"externalDependencies":[]},{"key":"transform-unicode-regex","visitor":{"RegExpLiteral":{"enter":[null]},"_exploded":true,"_verified":true},"options":{},"externalDependencies":[]},{"key":"transform-property-literals","visitor":{"ObjectProperty":{"exit":[null]},"_exploded":true,"_verified":true},"options":{},"externalDependencies":[]},{"key":"transform-exponentiation-operator","visitor":{"AssignmentExpression":{"enter":[null]},"BinaryExpression":{"enter":[null]},"_exploded":true,"_verified":true},"options":{},"externalDependencies":[]},{"key":"transform-regenerator","visitor":{"ObjectMethod":{"enter":[null],"exit":[null]},"ClassMethod":{"enter":[null],"exit":[null]},"ClassPrivateMethod":{"enter":[null],"exit":[null]},"FunctionDeclaration":{"exit":[null]},"FunctionExpression":{"exit":[null]},"ArrowFunctionExpression":{"exit":[null]},"MemberExpression":{"enter":[null]},"_exploded":true,"_verified":true},"options":{},"externalDependencies":[]}],"presets":[],"generatorOpts":{"filename":"D:\\loan_app\\loan-management\\packages\\aldeed:simple-schema\\lib\\clean\\getPositionsForAutoValue.js","comments":true,"compact":false,"sourceMaps":true,"sourceFileName":"packages/aldeed:simple-schema/lib/clean/getPositionsForAutoValue.js"}},"code":"module.export({\n  \"default\": function () {\n    return getPositionsForAutoValue;\n  }\n});\nvar MongoObject;\nmodule.link(\"mongo-object\", {\n  \"default\": function (v) {\n    MongoObject = v;\n  }\n}, 0);\nvar getLastPartOfKey, getParentOfKey;\nmodule.link(\"../utility\", {\n  getLastPartOfKey: function (v) {\n    getLastPartOfKey = v;\n  },\n  getParentOfKey: function (v) {\n    getParentOfKey = v;\n  }\n}, 1);\nfunction getPositionsForAutoValue(_ref) {\n  var fieldName = _ref.fieldName,\n    isModifier = _ref.isModifier,\n    mongoObject = _ref.mongoObject;\n  // Positions for this field\n  var positions = mongoObject.getPositionsInfoForGenericKey(fieldName);\n\n  // If the field is an object and will be created by MongoDB,\n  // we don't need (and can't have) a value for it\n  if (isModifier && mongoObject.getPositionsThatCreateGenericKey(fieldName).length > 0) {\n    return positions;\n  }\n\n  // For simple top-level fields, just add an undefined would-be position\n  // if there isn't a real position.\n  if (fieldName.indexOf('.') === -1 && positions.length === 0) {\n    positions.push({\n      key: fieldName,\n      value: undefined,\n      operator: isModifier ? '$set' : null,\n      position: isModifier ? \"$set[\" + fieldName + \"]\" : fieldName\n    });\n    return positions;\n  }\n  var parentPath = getParentOfKey(fieldName);\n  var lastPart = getLastPartOfKey(fieldName, parentPath);\n  var lastPartWithBraces = lastPart.replace(/\\./g, '][');\n  var parentPositions = mongoObject.getPositionsInfoForGenericKey(parentPath);\n  if (parentPositions.length) {\n    parentPositions.forEach(function (info) {\n      var childPosition = info.position + \"[\" + lastPartWithBraces + \"]\";\n      if (!positions.find(function (i) {\n        return i.position === childPosition;\n      })) {\n        positions.push({\n          key: info.key + \".\" + lastPart,\n          value: undefined,\n          operator: info.operator,\n          position: childPosition\n        });\n      }\n    });\n  } else if (parentPath.slice(-2) !== '.$') {\n    // positions that will create parentPath\n    mongoObject.getPositionsThatCreateGenericKey(parentPath).forEach(function (info) {\n      var operator = info.operator,\n        position = info.position;\n      var wouldBePosition;\n      if (operator) {\n        var next = position.slice(position.indexOf('[') + 1, position.indexOf(']'));\n        var nextPieces = next.split('.');\n        var newPieces = [];\n        var newKey;\n        while (nextPieces.length && newKey !== parentPath) {\n          newPieces.push(nextPieces.shift());\n          newKey = newPieces.join('.');\n        }\n        newKey = newKey + \".\" + fieldName.slice(newKey.length + 1);\n        wouldBePosition = \"$set[\" + newKey + \"]\";\n      } else {\n        var lastPart2 = getLastPartOfKey(fieldName, parentPath);\n        var lastPartWithBraces2 = lastPart2.replace(/\\./g, '][');\n        wouldBePosition = position.slice(0, position.lastIndexOf('[')) + \"[\" + lastPartWithBraces2 + \"]\";\n      }\n      if (!positions.find(function (i) {\n        return i.position === wouldBePosition;\n      })) {\n        positions.push({\n          key: MongoObject._positionToKey(wouldBePosition),\n          value: undefined,\n          operator: operator ? '$set' : null,\n          position: wouldBePosition\n        });\n      }\n    });\n  }\n  return positions;\n}","map":{"version":3,"names":["module","export","default","getPositionsForAutoValue","MongoObject","link","v","getLastPartOfKey","getParentOfKey","_ref","fieldName","isModifier","mongoObject","positions","getPositionsInfoForGenericKey","getPositionsThatCreateGenericKey","length","indexOf","push","key","value","undefined","operator","position","parentPath","lastPart","lastPartWithBraces","replace","parentPositions","forEach","info","childPosition","find","i","slice","wouldBePosition","next","nextPieces","split","newPieces","newKey","shift","join","lastPart2","lastPartWithBraces2","lastIndexOf","_positionToKey"],"sources":["packages/aldeed:simple-schema/lib/clean/getPositionsForAutoValue.js"],"sourcesContent":["import MongoObject from 'mongo-object';\nimport { getLastPartOfKey, getParentOfKey } from '../utility';\n\n/**\n * A position is a place in the object where this field exists.\n * If no arrays are involved, then every field/key has at most 1 position.\n * If arrays are involved, then a field could have potentially unlimited positions.\n *\n * For example, the key 'a.b.$.c` would have these positions:\n *   `a[b][0][c]`\n *   `a[b][1][c]`\n *   `a[b][2][c]`\n *\n * For this object:\n * {\n *   a: {\n *     b: [\n *       { c: 1 },\n *       { c: 1 },\n *       { c: 1 },\n *     ],\n *   },\n * }\n *\n * To make matters more complicated, we want to include not only the existing positions\n * but also the positions that might exist due to their parent object existing or their\n * parent object being auto-created by a MongoDB modifier that implies it.\n */\nexport default function getPositionsForAutoValue({ fieldName, isModifier, mongoObject }) {\n  // Positions for this field\n  const positions = mongoObject.getPositionsInfoForGenericKey(fieldName);\n\n  // If the field is an object and will be created by MongoDB,\n  // we don't need (and can't have) a value for it\n  if (isModifier && mongoObject.getPositionsThatCreateGenericKey(fieldName).length > 0) {\n    return positions;\n  }\n\n  // For simple top-level fields, just add an undefined would-be position\n  // if there isn't a real position.\n  if (fieldName.indexOf('.') === -1 && positions.length === 0) {\n    positions.push({\n      key: fieldName,\n      value: undefined,\n      operator: isModifier ? '$set' : null,\n      position: isModifier ? `$set[${fieldName}]` : fieldName,\n    });\n    return positions;\n  }\n\n  const parentPath = getParentOfKey(fieldName);\n  const lastPart = getLastPartOfKey(fieldName, parentPath);\n  const lastPartWithBraces = lastPart.replace(/\\./g, '][');\n  const parentPositions = mongoObject.getPositionsInfoForGenericKey(parentPath);\n\n  if (parentPositions.length) {\n    parentPositions.forEach((info) => {\n      const childPosition = `${info.position}[${lastPartWithBraces}]`;\n      if (!positions.find((i) => i.position === childPosition)) {\n        positions.push({\n          key: `${info.key}.${lastPart}`,\n          value: undefined,\n          operator: info.operator,\n          position: childPosition,\n        });\n      }\n    });\n  } else if (parentPath.slice(-2) !== '.$') {\n    // positions that will create parentPath\n    mongoObject.getPositionsThatCreateGenericKey(parentPath).forEach((info) => {\n      const { operator, position } = info;\n      let wouldBePosition;\n      if (operator) {\n        const next = position.slice(position.indexOf('[') + 1, position.indexOf(']'));\n        const nextPieces = next.split('.');\n\n        const newPieces = [];\n        let newKey;\n        while (nextPieces.length && newKey !== parentPath) {\n          newPieces.push(nextPieces.shift());\n          newKey = newPieces.join('.');\n        }\n        newKey = `${newKey}.${fieldName.slice(newKey.length + 1)}`;\n        wouldBePosition = `$set[${newKey}]`;\n      } else {\n        const lastPart2 = getLastPartOfKey(fieldName, parentPath);\n        const lastPartWithBraces2 = lastPart2.replace(/\\./g, '][');\n        wouldBePosition = `${position.slice(0, position.lastIndexOf('['))}[${lastPartWithBraces2}]`;\n      }\n      if (!positions.find((i) => i.position === wouldBePosition)) {\n        positions.push({\n          key: MongoObject._positionToKey(wouldBePosition),\n          value: undefined,\n          operator: operator ? '$set' : null,\n          position: wouldBePosition,\n        });\n      }\n    });\n  }\n\n  return positions;\n}\n"],"mappings":"AAAAA,MAAM,CAACC,MAAM,CAAC;EAAC,WAAQ,SAAAC,CAAA,EAAU;IAAC,OAAOC,wBAAwB;EAAA;AAAC,CAAC,CAAC;AAAC,IAAIC,WAAW;AAACJ,MAAM,CAACK,IAAI,CAAC,cAAc,EAAC;EAAC,WAAQ,SAAAH,CAASI,CAAC,EAAC;IAACF,WAAW,GAACE,CAAC;EAAA;AAAC,CAAC,EAAC,CAAC,CAAC;AAAC,IAAIC,gBAAgB,EAACC,cAAc;AAACR,MAAM,CAACK,IAAI,CAAC,YAAY,EAAC;EAACE,gBAAgB,EAAC,SAAAA,CAASD,CAAC,EAAC;IAACC,gBAAgB,GAACD,CAAC;EAAA,CAAC;EAACE,cAAc,EAAC,SAAAA,CAASF,CAAC,EAAC;IAACE,cAAc,GAACF,CAAC;EAAA;AAAC,CAAC,EAAC,CAAC,CAAC;AA4BxS,SAASH,wBAAwBA,CAAAM,IAAA,EAAyC;EAAA,IAAtCC,SAAS,GAAAD,IAAA,CAATC,SAAS;IAAEC,UAAU,GAAAF,IAAA,CAAVE,UAAU;IAAEC,WAAW,GAAAH,IAAA,CAAXG,WAAW;EACnF;EACA,IAAMC,SAAS,GAAGD,WAAW,CAACE,6BAA6B,CAACJ,SAAS,CAAC;;EAEtE;EACA;EACA,IAAIC,UAAU,IAAIC,WAAW,CAACG,gCAAgC,CAACL,SAAS,CAAC,CAACM,MAAM,GAAG,CAAC,EAAE;IACpF,OAAOH,SAAS;EAClB;;EAEA;EACA;EACA,IAAIH,SAAS,CAACO,OAAO,CAAC,GAAG,CAAC,KAAK,CAAC,CAAC,IAAIJ,SAAS,CAACG,MAAM,KAAK,CAAC,EAAE;IAC3DH,SAAS,CAACK,IAAI,CAAC;MACbC,GAAG,EAAET,SAAS;MACdU,KAAK,EAAEC,SAAS;MAChBC,QAAQ,EAAEX,UAAU,GAAG,MAAM,GAAG,IAAI;MACpCY,QAAQ,EAAEZ,UAAU,aAAWD,SAAS,SAAMA;IAChD,CAAC,CAAC;IACF,OAAOG,SAAS;EAClB;EAEA,IAAMW,UAAU,GAAGhB,cAAc,CAACE,SAAS,CAAC;EAC5C,IAAMe,QAAQ,GAAGlB,gBAAgB,CAACG,SAAS,EAAEc,UAAU,CAAC;EACxD,IAAME,kBAAkB,GAAGD,QAAQ,CAACE,OAAO,CAAC,KAAK,EAAE,IAAI,CAAC;EACxD,IAAMC,eAAe,GAAGhB,WAAW,CAACE,6BAA6B,CAACU,UAAU,CAAC;EAE7E,IAAII,eAAe,CAACZ,MAAM,EAAE;IAC1BY,eAAe,CAACC,OAAO,CAAC,UAACC,IAAI,EAAK;MAChC,IAAMC,aAAa,GAAMD,IAAI,CAACP,QAAQ,SAAIG,kBAAkB,MAAG;MAC/D,IAAI,CAACb,SAAS,CAACmB,IAAI,CAAC,UAACC,CAAC;QAAA,OAAKA,CAAC,CAACV,QAAQ,KAAKQ,aAAa;MAAA,EAAC,EAAE;QACxDlB,SAAS,CAACK,IAAI,CAAC;UACbC,GAAG,EAAKW,IAAI,CAACX,GAAG,SAAIM,QAAU;UAC9BL,KAAK,EAAEC,SAAS;UAChBC,QAAQ,EAAEQ,IAAI,CAACR,QAAQ;UACvBC,QAAQ,EAAEQ;QACZ,CAAC,CAAC;MACJ;IACF,CAAC,CAAC;EACJ,CAAC,MAAM,IAAIP,UAAU,CAACU,KAAK,CAAC,CAAC,CAAC,CAAC,KAAK,IAAI,EAAE;IACxC;IACAtB,WAAW,CAACG,gCAAgC,CAACS,UAAU,CAAC,CAACK,OAAO,CAAC,UAACC,IAAI,EAAK;MACzE,IAAQR,QAAQ,GAAeQ,IAAI,CAA3BR,QAAQ;QAAEC,QAAQ,GAAKO,IAAI,CAAjBP,QAAQ;MAC1B,IAAIY,eAAe;MACnB,IAAIb,QAAQ,EAAE;QACZ,IAAMc,IAAI,GAAGb,QAAQ,CAACW,KAAK,CAACX,QAAQ,CAACN,OAAO,CAAC,GAAG,CAAC,GAAG,CAAC,EAAEM,QAAQ,CAACN,OAAO,CAAC,GAAG,CAAC,CAAC;QAC7E,IAAMoB,UAAU,GAAGD,IAAI,CAACE,KAAK,CAAC,GAAG,CAAC;QAElC,IAAMC,SAAS,GAAG,EAAE;QACpB,IAAIC,MAAM;QACV,OAAOH,UAAU,CAACrB,MAAM,IAAIwB,MAAM,KAAKhB,UAAU,EAAE;UACjDe,SAAS,CAACrB,IAAI,CAACmB,UAAU,CAACI,KAAK,CAAC,CAAC,CAAC;UAClCD,MAAM,GAAGD,SAAS,CAACG,IAAI,CAAC,GAAG,CAAC;QAC9B;QACAF,MAAM,GAAMA,MAAM,SAAI9B,SAAS,CAACwB,KAAK,CAACM,MAAM,CAACxB,MAAM,GAAG,CAAC,CAAG;QAC1DmB,eAAe,aAAWK,MAAM,MAAG;MACrC,CAAC,MAAM;QACL,IAAMG,SAAS,GAAGpC,gBAAgB,CAACG,SAAS,EAAEc,UAAU,CAAC;QACzD,IAAMoB,mBAAmB,GAAGD,SAAS,CAAChB,OAAO,CAAC,KAAK,EAAE,IAAI,CAAC;QAC1DQ,eAAe,GAAMZ,QAAQ,CAACW,KAAK,CAAC,CAAC,EAAEX,QAAQ,CAACsB,WAAW,CAAC,GAAG,CAAC,CAAC,SAAID,mBAAmB,MAAG;MAC7F;MACA,IAAI,CAAC/B,SAAS,CAACmB,IAAI,CAAC,UAACC,CAAC;QAAA,OAAKA,CAAC,CAACV,QAAQ,KAAKY,eAAe;MAAA,EAAC,EAAE;QAC1DtB,SAAS,CAACK,IAAI,CAAC;UACbC,GAAG,EAAEf,WAAW,CAAC0C,cAAc,CAACX,eAAe,CAAC;UAChDf,KAAK,EAAEC,SAAS;UAChBC,QAAQ,EAAEA,QAAQ,GAAG,MAAM,GAAG,IAAI;UAClCC,QAAQ,EAAEY;QACZ,CAAC,CAAC;MACJ;IACF,CAAC,CAAC;EACJ;EAEA,OAAOtB,SAAS;AAClB"},"sourceType":"module","externalDependencies":{},"hash":"25a62a8afd9d08b5cc4d86722f7d572e8a498266"}
