{"metadata":{},"options":{"assumptions":{},"compact":false,"sourceMaps":true,"ast":true,"babelrc":false,"configFile":false,"parserOpts":{"sourceType":"module","sourceFileName":"D:\\loan_app\\loan-management\\packages\\aldeed:simple-schema\\lib\\utility\\index.js","plugins":["*","flow","jsx","asyncGenerators","bigInt","classPrivateMethods","classPrivateProperties","classProperties","doExpressions","dynamicImport","exportDefaultFrom","exportExtensions","exportNamespaceFrom","functionBind","functionSent","importMeta","nullishCoalescingOperator","numericSeparator","objectRestSpread","optionalCatchBinding","optionalChaining",["pipelineOperator",{"proposal":"minimal"}],"throwExpressions","objectRestSpread","objectRestSpread","asyncGenerators","classProperties","classPrivateProperties","jsx","nullishCoalescingOperator","nullishCoalescingOperator","optionalChaining","optionalChaining","optionalCatchBinding","optionalCatchBinding","classProperties","classPrivateProperties","classPrivateMethods","classProperties","classPrivateProperties","asyncGenerators","asyncGenerators","objectRestSpread","objectRestSpread","logicalAssignment"],"allowImportExportEverywhere":true,"allowReturnOutsideFunction":true,"allowUndeclaredExports":true,"strictMode":false},"caller":{"name":"meteor","arch":"os.windows.x86_64"},"sourceFileName":"packages/aldeed:simple-schema/lib/utility/index.js","filename":"D:\\loan_app\\loan-management\\packages\\aldeed:simple-schema\\lib\\utility\\index.js","targets":{},"cloneInputAst":true,"browserslistConfigFile":false,"passPerPreset":false,"envName":"development","cwd":"D:\\loan_app\\loan-management","root":"D:\\loan_app\\loan-management","rootMode":"root","plugins":[{"key":"base$0","visitor":{"_exploded":true,"_verified":true},"options":{},"externalDependencies":[]},{"key":"base$0$0","visitor":{"Program":{"enter":[null],"exit":[null]},"_exploded":true,"_verified":true},"options":{"avoidModernSyntax":false,"enforceStrictMode":false,"dynamicImport":true,"generateLetDeclarations":true},"externalDependencies":[]},{"key":"transform-runtime","visitor":{"MemberExpression":{"enter":[null]},"ObjectPattern":{"enter":[null]},"BinaryExpression":{"enter":[null]},"Identifier":{"enter":[null]},"JSXIdentifier":{"enter":[null]},"_exploded":true,"_verified":true},"options":{"version":"7.17.2","helpers":true,"useESModules":false,"corejs":false},"externalDependencies":[]},{"key":"syntax-object-rest-spread","visitor":{"_exploded":true,"_verified":true},"options":{},"externalDependencies":[]},{"key":"proposal-object-rest-spread","visitor":{"VariableDeclarator":{"enter":[null]},"ExportNamedDeclaration":{"enter":[null]},"CatchClause":{"enter":[null]},"AssignmentExpression":{"enter":[null]},"ArrayPattern":{"enter":[null]},"ObjectExpression":{"enter":[null]},"FunctionDeclaration":{"enter":[null]},"FunctionExpression":{"enter":[null]},"ObjectMethod":{"enter":[null]},"ArrowFunctionExpression":{"enter":[null]},"ClassMethod":{"enter":[null]},"ClassPrivateMethod":{"enter":[null]},"ForInStatement":{"enter":[null]},"ForOfStatement":{"enter":[null]},"_exploded":true,"_verified":true},"options":{},"externalDependencies":[]},{"key":"transform-meteor-async-await","visitor":{"AwaitExpression":{"enter":[null]},"_exploded":true,"_verified":true,"FunctionDeclaration":{"exit":[null]},"FunctionExpression":{"exit":[null]},"ObjectMethod":{"exit":[null]},"ArrowFunctionExpression":{"exit":[null]},"ClassMethod":{"exit":[null]},"ClassPrivateMethod":{"exit":[null]}},"options":{"useNativeAsyncAwait":false},"externalDependencies":[]},{"key":"proposal-async-generator-functions","visitor":{"Program":{"enter":[null]},"_exploded":true,"_verified":true},"options":{},"externalDependencies":[]},{"key":"proposal-class-properties","visitor":{"ExportDefaultDeclaration":{"enter":[null]},"_exploded":true,"_verified":true,"ClassExpression":{"enter":[null]},"ClassDeclaration":{"enter":[null]}},"options":{"loose":true},"externalDependencies":[]},{"key":"transform-react-jsx","visitor":{"JSXNamespacedName":{"enter":[null]},"JSXSpreadChild":{"enter":[null]},"Program":{"enter":[null]},"JSXFragment":{"exit":[null]},"JSXElement":{"exit":[null]},"JSXAttribute":{"enter":[null]},"_exploded":true,"_verified":true},"options":{"pragma":"React.createElement","pragmaFrag":"React.Fragment","runtime":"classic","throwIfNamespace":true,"useBuiltIns":false},"externalDependencies":[]},{"key":"transform-react-display-name","visitor":{"ExportDefaultDeclaration":{"enter":[null]},"CallExpression":{"enter":[null]},"_exploded":true,"_verified":true},"options":{},"externalDependencies":[]},{"key":"transform-react-pure-annotations","visitor":{"CallExpression":{"enter":[null]},"_exploded":true,"_verified":true},"options":{},"externalDependencies":[]},{"key":"syntax-nullish-coalescing-operator","visitor":{"_exploded":true,"_verified":true},"options":{},"externalDependencies":[]},{"key":"proposal-nullish-coalescing-operator","visitor":{"LogicalExpression":{"enter":[null]},"_exploded":true,"_verified":true},"options":{},"externalDependencies":[]},{"key":"syntax-optional-chaining","visitor":{"_exploded":true,"_verified":true},"options":{},"externalDependencies":[]},{"key":"proposal-optional-chaining","visitor":{"OptionalCallExpression":{"enter":[null]},"OptionalMemberExpression":{"enter":[null]},"_exploded":true,"_verified":true},"options":{},"externalDependencies":[]},{"key":"syntax-optional-catch-binding","visitor":{"_exploded":true,"_verified":true},"options":{},"externalDependencies":[]},{"key":"proposal-optional-catch-binding","visitor":{"CatchClause":{"enter":[null]},"_exploded":true,"_verified":true},"options":{},"externalDependencies":[]},{"key":"syntax-class-properties","visitor":{"_exploded":true,"_verified":true},"options":{},"externalDependencies":[]},{"key":"proposal-class-properties","visitor":{"ExportDefaultDeclaration":{"enter":[null]},"_exploded":true,"_verified":true,"ClassExpression":{"enter":[null]},"ClassDeclaration":{"enter":[null]}},"options":{},"externalDependencies":[]},{"key":"syntax-async-generators","visitor":{"_exploded":true,"_verified":true},"options":{},"externalDependencies":[]},{"key":"proposal-async-generator-functions","visitor":{"Program":{"enter":[null]},"_exploded":true,"_verified":true},"options":{},"externalDependencies":[]},{"key":"syntax-object-rest-spread","visitor":{"_exploded":true,"_verified":true},"options":{},"externalDependencies":[]},{"key":"proposal-object-rest-spread","visitor":{"VariableDeclarator":{"enter":[null]},"ExportNamedDeclaration":{"enter":[null]},"CatchClause":{"enter":[null]},"AssignmentExpression":{"enter":[null]},"ArrayPattern":{"enter":[null]},"ObjectExpression":{"enter":[null]},"FunctionDeclaration":{"enter":[null]},"FunctionExpression":{"enter":[null]},"ObjectMethod":{"enter":[null]},"ArrowFunctionExpression":{"enter":[null]},"ClassMethod":{"enter":[null]},"ClassPrivateMethod":{"enter":[null]},"ForInStatement":{"enter":[null]},"ForOfStatement":{"enter":[null]},"_exploded":true,"_verified":true},"options":{},"externalDependencies":[]},{"key":"proposal-logical-assignment-operators","visitor":{"AssignmentExpression":{"enter":[null]},"_exploded":true,"_verified":true},"options":{},"externalDependencies":[]},{"key":"transform-literals","visitor":{"NumericLiteral":{"enter":[null]},"StringLiteral":{"enter":[null]},"_exploded":true,"_verified":true},"options":{},"externalDependencies":[]},{"key":"transform-template-literals","visitor":{"TaggedTemplateExpression":{"enter":[null]},"TemplateLiteral":{"enter":[null]},"_exploded":true,"_verified":true},"options":{},"externalDependencies":[]},{"key":"transform-parameters","visitor":{"_exploded":true,"_verified":true,"FunctionDeclaration":{"enter":[null]},"FunctionExpression":{"enter":[null]},"ObjectMethod":{"enter":[null]},"ArrowFunctionExpression":{"enter":[null]},"ClassMethod":{"enter":[null]},"ClassPrivateMethod":{"enter":[null]}},"options":{},"externalDependencies":[]},{"key":"transform-exponentiation-operator","visitor":{"AssignmentExpression":{"enter":[null]},"BinaryExpression":{"enter":[null]},"_exploded":true,"_verified":true},"options":{},"externalDependencies":[]}],"presets":[],"generatorOpts":{"filename":"D:\\loan_app\\loan-management\\packages\\aldeed:simple-schema\\lib\\utility\\index.js","comments":true,"compact":false,"sourceMaps":true,"sourceFileName":"packages/aldeed:simple-schema/lib/utility/index.js"}},"code":"module.link(\"./appendAffectedKey\", {\n  default: \"appendAffectedKey\"\n}, 0);\nmodule.link(\"./dateToDateString\", {\n  default: \"dateToDateString\"\n}, 1);\nmodule.link(\"./forEachKeyAncestor\", {\n  default: \"forEachKeyAncestor\"\n}, 2);\nmodule.link(\"./getKeysWithValueInObj\", {\n  default: \"getKeysWithValueInObj\"\n}, 3);\nmodule.link(\"./getLastPartOfKey\", {\n  default: \"getLastPartOfKey\"\n}, 4);\nmodule.link(\"./getParentOfKey\", {\n  default: \"getParentOfKey\"\n}, 5);\nmodule.link(\"./isEmptyObject\", {\n  default: \"isEmptyObject\"\n}, 6);\nmodule.link(\"./isObjectWeShouldTraverse\", {\n  default: \"isObjectWeShouldTraverse\"\n}, 7);\nmodule.link(\"./looksLikeModifier\", {\n  default: \"looksLikeModifier\"\n}, 8);\nmodule.link(\"./merge\", {\n  default: \"merge\"\n}, 9);","map":{"version":3,"names":["module","link","default"],"sources":["packages/aldeed:simple-schema/lib/utility/index.js"],"sourcesContent":["export { default as appendAffectedKey } from './appendAffectedKey';\nexport { default as dateToDateString } from './dateToDateString';\nexport { default as forEachKeyAncestor } from './forEachKeyAncestor';\nexport { default as getKeysWithValueInObj } from './getKeysWithValueInObj';\nexport { default as getLastPartOfKey } from './getLastPartOfKey';\nexport { default as getParentOfKey } from './getParentOfKey';\nexport { default as isEmptyObject } from './isEmptyObject';\nexport { default as isObjectWeShouldTraverse } from './isObjectWeShouldTraverse';\nexport { default as looksLikeModifier } from './looksLikeModifier';\nexport { default as merge } from './merge';\n"],"mappings":"AAAAA,MAAM,CAACC,IAAI,CAAC,qBAAqB,EAAC;EAACC,OAAO,EAAC;AAAmB,CAAC,EAAC,CAAC,CAAC;AAACF,MAAM,CAACC,IAAI,CAAC,oBAAoB,EAAC;EAACC,OAAO,EAAC;AAAkB,CAAC,EAAC,CAAC,CAAC;AAACF,MAAM,CAACC,IAAI,CAAC,sBAAsB,EAAC;EAACC,OAAO,EAAC;AAAoB,CAAC,EAAC,CAAC,CAAC;AAACF,MAAM,CAACC,IAAI,CAAC,yBAAyB,EAAC;EAACC,OAAO,EAAC;AAAuB,CAAC,EAAC,CAAC,CAAC;AAACF,MAAM,CAACC,IAAI,CAAC,oBAAoB,EAAC;EAACC,OAAO,EAAC;AAAkB,CAAC,EAAC,CAAC,CAAC;AAACF,MAAM,CAACC,IAAI,CAAC,kBAAkB,EAAC;EAACC,OAAO,EAAC;AAAgB,CAAC,EAAC,CAAC,CAAC;AAACF,MAAM,CAACC,IAAI,CAAC,iBAAiB,EAAC;EAACC,OAAO,EAAC;AAAe,CAAC,EAAC,CAAC,CAAC;AAACF,MAAM,CAACC,IAAI,CAAC,4BAA4B,EAAC;EAACC,OAAO,EAAC;AAA0B,CAAC,EAAC,CAAC,CAAC;AAACF,MAAM,CAACC,IAAI,CAAC,qBAAqB,EAAC;EAACC,OAAO,EAAC;AAAmB,CAAC,EAAC,CAAC,CAAC;AAACF,MAAM,CAACC,IAAI,CAAC,SAAS,EAAC;EAACC,OAAO,EAAC;AAAO,CAAC,EAAC,CAAC,CAAC"},"sourceType":"module","externalDependencies":{},"hash":"25b93e7a9bf00e980004832d354fdf7f9f490f05"}
