{"metadata":{},"options":{"assumptions":{},"compact":false,"sourceMaps":true,"ast":true,"babelrc":false,"configFile":false,"parserOpts":{"sourceType":"module","sourceFileName":"D:\\loan_app\\loan-management\\packages\\aldeed:simple-schema\\lib\\clean\\convertToProperType.js","plugins":["*","flow","jsx","asyncGenerators","bigInt","classPrivateMethods","classPrivateProperties","classProperties","doExpressions","dynamicImport","exportDefaultFrom","exportExtensions","exportNamespaceFrom","functionBind","functionSent","importMeta","nullishCoalescingOperator","numericSeparator","objectRestSpread","optionalCatchBinding","optionalChaining",["pipelineOperator",{"proposal":"minimal"}],"throwExpressions","classProperties","classPrivateProperties","jsx","nullishCoalescingOperator","nullishCoalescingOperator","optionalChaining","optionalChaining","optionalCatchBinding","optionalCatchBinding","classProperties","classPrivateProperties","classPrivateMethods","classProperties","classPrivateProperties","asyncGenerators","asyncGenerators","objectRestSpread","objectRestSpread","logicalAssignment"],"allowImportExportEverywhere":true,"allowReturnOutsideFunction":true,"allowUndeclaredExports":true,"strictMode":false},"caller":{"name":"meteor","arch":"web.browser"},"sourceFileName":"packages/aldeed:simple-schema/lib/clean/convertToProperType.js","filename":"D:\\loan_app\\loan-management\\packages\\aldeed:simple-schema\\lib\\clean\\convertToProperType.js","targets":{},"cloneInputAst":true,"browserslistConfigFile":false,"passPerPreset":false,"envName":"development","cwd":"D:\\loan_app\\loan-management","root":"D:\\loan_app\\loan-management","rootMode":"root","plugins":[{"key":"base$0","visitor":{"_exploded":true,"_verified":true},"options":{},"externalDependencies":[]},{"key":"base$0$0","visitor":{"Program":{"enter":[null],"exit":[null]},"_exploded":true,"_verified":true},"options":{"avoidModernSyntax":false,"enforceStrictMode":false,"dynamicImport":true,"generateLetDeclarations":true},"externalDependencies":[]},{"key":"transform-runtime","visitor":{"MemberExpression":{"enter":[null]},"ObjectPattern":{"enter":[null]},"BinaryExpression":{"enter":[null]},"Identifier":{"enter":[null]},"JSXIdentifier":{"enter":[null]},"_exploded":true,"_verified":true},"options":{"version":"7.17.2","helpers":true,"useESModules":false,"corejs":false},"externalDependencies":[]},{"key":"proposal-class-properties","visitor":{"ExportDefaultDeclaration":{"enter":[null]},"_exploded":true,"_verified":true,"ClassExpression":{"enter":[null]},"ClassDeclaration":{"enter":[null]}},"options":{"loose":true},"externalDependencies":[]},{"key":"transform-react-jsx","visitor":{"JSXNamespacedName":{"enter":[null]},"JSXSpreadChild":{"enter":[null]},"Program":{"enter":[null]},"JSXFragment":{"exit":[null]},"JSXElement":{"exit":[null]},"JSXAttribute":{"enter":[null]},"_exploded":true,"_verified":true},"options":{"pragma":"React.createElement","pragmaFrag":"React.Fragment","runtime":"classic","throwIfNamespace":true,"useBuiltIns":false},"externalDependencies":[]},{"key":"transform-react-display-name","visitor":{"ExportDefaultDeclaration":{"enter":[null]},"CallExpression":{"enter":[null]},"_exploded":true,"_verified":true},"options":{},"externalDependencies":[]},{"key":"transform-react-pure-annotations","visitor":{"CallExpression":{"enter":[null]},"_exploded":true,"_verified":true},"options":{},"externalDependencies":[]},{"key":"syntax-nullish-coalescing-operator","visitor":{"_exploded":true,"_verified":true},"options":{},"externalDependencies":[]},{"key":"proposal-nullish-coalescing-operator","visitor":{"LogicalExpression":{"enter":[null]},"_exploded":true,"_verified":true},"options":{},"externalDependencies":[]},{"key":"syntax-optional-chaining","visitor":{"_exploded":true,"_verified":true},"options":{},"externalDependencies":[]},{"key":"proposal-optional-chaining","visitor":{"OptionalCallExpression":{"enter":[null]},"OptionalMemberExpression":{"enter":[null]},"_exploded":true,"_verified":true},"options":{},"externalDependencies":[]},{"key":"syntax-optional-catch-binding","visitor":{"_exploded":true,"_verified":true},"options":{},"externalDependencies":[]},{"key":"proposal-optional-catch-binding","visitor":{"CatchClause":{"enter":[null]},"_exploded":true,"_verified":true},"options":{},"externalDependencies":[]},{"key":"syntax-class-properties","visitor":{"_exploded":true,"_verified":true},"options":{},"externalDependencies":[]},{"key":"proposal-class-properties","visitor":{"ExportDefaultDeclaration":{"enter":[null]},"_exploded":true,"_verified":true,"ClassExpression":{"enter":[null]},"ClassDeclaration":{"enter":[null]}},"options":{},"externalDependencies":[]},{"key":"syntax-async-generators","visitor":{"_exploded":true,"_verified":true},"options":{},"externalDependencies":[]},{"key":"proposal-async-generator-functions","visitor":{"Program":{"enter":[null]},"_exploded":true,"_verified":true},"options":{},"externalDependencies":[]},{"key":"syntax-object-rest-spread","visitor":{"_exploded":true,"_verified":true},"options":{},"externalDependencies":[]},{"key":"proposal-object-rest-spread","visitor":{"VariableDeclarator":{"enter":[null]},"ExportNamedDeclaration":{"enter":[null]},"CatchClause":{"enter":[null]},"AssignmentExpression":{"enter":[null]},"ArrayPattern":{"enter":[null]},"ObjectExpression":{"enter":[null]},"FunctionDeclaration":{"enter":[null]},"FunctionExpression":{"enter":[null]},"ObjectMethod":{"enter":[null]},"ArrowFunctionExpression":{"enter":[null]},"ClassMethod":{"enter":[null]},"ClassPrivateMethod":{"enter":[null]},"ForInStatement":{"enter":[null]},"ForOfStatement":{"enter":[null]},"_exploded":true,"_verified":true},"options":{},"externalDependencies":[]},{"key":"proposal-logical-assignment-operators","visitor":{"AssignmentExpression":{"enter":[null]},"_exploded":true,"_verified":true},"options":{},"externalDependencies":[]},{"key":"transform-literals","visitor":{"NumericLiteral":{"enter":[null]},"StringLiteral":{"enter":[null]},"_exploded":true,"_verified":true},"options":{},"externalDependencies":[]},{"key":"transform-template-literals","visitor":{"TaggedTemplateExpression":{"enter":[null]},"TemplateLiteral":{"enter":[null]},"_exploded":true,"_verified":true},"options":{},"externalDependencies":[]},{"key":"transform-parameters","visitor":{"_exploded":true,"_verified":true,"FunctionDeclaration":{"enter":[null]},"FunctionExpression":{"enter":[null]},"ObjectMethod":{"enter":[null]},"ArrowFunctionExpression":{"enter":[null]},"ClassMethod":{"enter":[null]},"ClassPrivateMethod":{"enter":[null]}},"options":{},"externalDependencies":[]},{"key":"transform-exponentiation-operator","visitor":{"AssignmentExpression":{"enter":[null]},"BinaryExpression":{"enter":[null]},"_exploded":true,"_verified":true},"options":{},"externalDependencies":[]}],"presets":[],"generatorOpts":{"filename":"D:\\loan_app\\loan-management\\packages\\aldeed:simple-schema\\lib\\clean\\convertToProperType.js","comments":true,"compact":false,"sourceMaps":true,"sourceFileName":"packages/aldeed:simple-schema/lib/clean/convertToProperType.js"}},"code":"let SimpleSchema;\nmodule.link(\"../SimpleSchema\", {\n  SimpleSchema(v) {\n    SimpleSchema = v;\n  }\n}, 0);\n/**\n * Converts value to proper type\n *\n * @param {Any} value Value to try to convert\n * @param {Any} type  A type\n * @returns {Any} Value converted to type.\n */\nfunction convertToProperType(value, type) {\n  // Can't and shouldn't convert arrays or objects or null\n  if (Array.isArray(value) || value && (typeof value === 'function' || typeof value === 'object') && !(value instanceof Date) || value === null) return value;\n\n  // Convert to String type\n  if (type === String) {\n    if (value === null || value === undefined) return value;\n    return value.toString();\n  }\n\n  // Convert to Number type\n  if (type === Number || type === SimpleSchema.Integer) {\n    if (typeof value === 'string' && value.length > 0) {\n      // Try to convert numeric strings to numbers\n      const numberVal = Number(value);\n      if (!isNaN(numberVal)) return numberVal;\n    }\n    // Leave it; will fail validation\n    return value;\n  }\n\n  // If target type is a Date we can safely convert from either a\n  // number (Integer value representing the number of milliseconds\n  // since 1 January 1970 00:00:00 UTC) or a string that can be parsed\n  // by Date.\n  if (type === Date) {\n    if (typeof value === 'string') {\n      const parsedDate = Date.parse(value);\n      if (isNaN(parsedDate) === false) return new Date(parsedDate);\n    }\n    if (typeof value === 'number') return new Date(value);\n  }\n\n  // Convert to Boolean type\n  if (type === Boolean) {\n    if (typeof value === 'string') {\n      // Convert exact string 'true' and 'false' to true and false respectively\n      if (value.toLowerCase() === 'true') return true;\n      if (value.toLowerCase() === 'false') return false;\n    } else if (typeof value === 'number' && !isNaN(value)) {\n      // NaN can be error, so skipping it\n      return Boolean(value);\n    }\n  }\n\n  // If an array is what you want, I'll give you an array\n  if (type === Array) return [value];\n\n  // Could not convert\n  return value;\n}\nmodule.exportDefault(convertToProperType);","map":{"version":3,"names":["SimpleSchema","module","link","v","convertToProperType","value","type","Array","isArray","Date","String","undefined","toString","Number","Integer","length","numberVal","isNaN","parsedDate","parse","Boolean","toLowerCase","exportDefault"],"sources":["packages/aldeed:simple-schema/lib/clean/convertToProperType.js"],"sourcesContent":["import { SimpleSchema } from '../SimpleSchema';\n\n/**\n * Converts value to proper type\n *\n * @param {Any} value Value to try to convert\n * @param {Any} type  A type\n * @returns {Any} Value converted to type.\n */\nfunction convertToProperType(value, type) {\n  // Can't and shouldn't convert arrays or objects or null\n  if (\n    Array.isArray(value)\n    || (value && (typeof value === 'function' || typeof value === 'object') && !(value instanceof Date))\n    || value === null\n  ) return value;\n\n  // Convert to String type\n  if (type === String) {\n    if (value === null || value === undefined) return value;\n    return value.toString();\n  }\n\n  // Convert to Number type\n  if (type === Number || type === SimpleSchema.Integer) {\n    if (typeof value === 'string' && value.length > 0) {\n      // Try to convert numeric strings to numbers\n      const numberVal = Number(value);\n      if (!isNaN(numberVal)) return numberVal;\n    }\n    // Leave it; will fail validation\n    return value;\n  }\n\n  // If target type is a Date we can safely convert from either a\n  // number (Integer value representing the number of milliseconds\n  // since 1 January 1970 00:00:00 UTC) or a string that can be parsed\n  // by Date.\n  if (type === Date) {\n    if (typeof value === 'string') {\n      const parsedDate = Date.parse(value);\n      if (isNaN(parsedDate) === false) return new Date(parsedDate);\n    }\n    if (typeof value === 'number') return new Date(value);\n  }\n\n  // Convert to Boolean type\n  if (type === Boolean) {\n    if (typeof value === 'string') {\n      // Convert exact string 'true' and 'false' to true and false respectively\n      if (value.toLowerCase() === 'true') return true;\n      if (value.toLowerCase() === 'false') return false;\n    } else if (typeof value === 'number' && !isNaN(value)) { // NaN can be error, so skipping it\n      return Boolean(value);\n    }\n  }\n\n  // If an array is what you want, I'll give you an array\n  if (type === Array) return [value];\n\n  // Could not convert\n  return value;\n}\n\nexport default convertToProperType;\n"],"mappings":"AAAA,IAAIA,YAAY;AAACC,MAAM,CAACC,IAAI,CAAC,iBAAiB,EAAC;EAACF,YAAYA,CAACG,CAAC,EAAC;IAACH,YAAY,GAACG,CAAC;EAAA;AAAC,CAAC,EAAC,CAAC,CAAC;AAEnF;AACA;AACA;AACA;AACA;AACA;AACA;AACA,SAASC,mBAAmBA,CAACC,KAAK,EAAEC,IAAI,EAAE;EACxC;EACA,IACEC,KAAK,CAACC,OAAO,CAACH,KAAK,CAAC,IAChBA,KAAK,KAAK,OAAOA,KAAK,KAAK,UAAU,IAAI,OAAOA,KAAK,KAAK,QAAQ,CAAC,IAAI,EAAEA,KAAK,YAAYI,IAAI,CAAE,IACjGJ,KAAK,KAAK,IAAI,EACjB,OAAOA,KAAK;;EAEd;EACA,IAAIC,IAAI,KAAKI,MAAM,EAAE;IACnB,IAAIL,KAAK,KAAK,IAAI,IAAIA,KAAK,KAAKM,SAAS,EAAE,OAAON,KAAK;IACvD,OAAOA,KAAK,CAACO,QAAQ,CAAC,CAAC;EACzB;;EAEA;EACA,IAAIN,IAAI,KAAKO,MAAM,IAAIP,IAAI,KAAKN,YAAY,CAACc,OAAO,EAAE;IACpD,IAAI,OAAOT,KAAK,KAAK,QAAQ,IAAIA,KAAK,CAACU,MAAM,GAAG,CAAC,EAAE;MACjD;MACA,MAAMC,SAAS,GAAGH,MAAM,CAACR,KAAK,CAAC;MAC/B,IAAI,CAACY,KAAK,CAACD,SAAS,CAAC,EAAE,OAAOA,SAAS;IACzC;IACA;IACA,OAAOX,KAAK;EACd;;EAEA;EACA;EACA;EACA;EACA,IAAIC,IAAI,KAAKG,IAAI,EAAE;IACjB,IAAI,OAAOJ,KAAK,KAAK,QAAQ,EAAE;MAC7B,MAAMa,UAAU,GAAGT,IAAI,CAACU,KAAK,CAACd,KAAK,CAAC;MACpC,IAAIY,KAAK,CAACC,UAAU,CAAC,KAAK,KAAK,EAAE,OAAO,IAAIT,IAAI,CAACS,UAAU,CAAC;IAC9D;IACA,IAAI,OAAOb,KAAK,KAAK,QAAQ,EAAE,OAAO,IAAII,IAAI,CAACJ,KAAK,CAAC;EACvD;;EAEA;EACA,IAAIC,IAAI,KAAKc,OAAO,EAAE;IACpB,IAAI,OAAOf,KAAK,KAAK,QAAQ,EAAE;MAC7B;MACA,IAAIA,KAAK,CAACgB,WAAW,CAAC,CAAC,KAAK,MAAM,EAAE,OAAO,IAAI;MAC/C,IAAIhB,KAAK,CAACgB,WAAW,CAAC,CAAC,KAAK,OAAO,EAAE,OAAO,KAAK;IACnD,CAAC,MAAM,IAAI,OAAOhB,KAAK,KAAK,QAAQ,IAAI,CAACY,KAAK,CAACZ,KAAK,CAAC,EAAE;MAAE;MACvD,OAAOe,OAAO,CAACf,KAAK,CAAC;IACvB;EACF;;EAEA;EACA,IAAIC,IAAI,KAAKC,KAAK,EAAE,OAAO,CAACF,KAAK,CAAC;;EAElC;EACA,OAAOA,KAAK;AACd;AA9DAJ,MAAM,CAACqB,aAAa,CAgELlB,mBAhES,CAAC"},"sourceType":"module","externalDependencies":{},"hash":"330db2770f5c4f9d97fba0b7d8513dc6bdd3d4d5"}
