{"metadata":{},"options":{"assumptions":{},"compact":false,"sourceMaps":true,"ast":true,"babelrc":false,"configFile":false,"parserOpts":{"sourceType":"module","sourceFileName":"D:\\loan_app\\loan-management\\packages\\aldeed:simple-schema\\lib\\defaultMessages.js","plugins":["*","flow","jsx","asyncGenerators","bigInt","classPrivateMethods","classPrivateProperties","classProperties","doExpressions","dynamicImport","exportDefaultFrom","exportExtensions","exportNamespaceFrom","functionBind","functionSent","importMeta","nullishCoalescingOperator","numericSeparator","objectRestSpread","optionalCatchBinding","optionalChaining",["pipelineOperator",{"proposal":"minimal"}],"throwExpressions","objectRestSpread","objectRestSpread","asyncGenerators","classProperties","classPrivateProperties","jsx","nullishCoalescingOperator","nullishCoalescingOperator","optionalChaining","optionalChaining","optionalCatchBinding","optionalCatchBinding","classProperties","classPrivateProperties","classPrivateMethods","classProperties","classPrivateProperties","asyncGenerators","asyncGenerators","objectRestSpread","objectRestSpread","logicalAssignment"],"allowImportExportEverywhere":true,"allowReturnOutsideFunction":true,"allowUndeclaredExports":true,"strictMode":false},"caller":{"name":"meteor","arch":"os.windows.x86_64"},"sourceFileName":"packages/aldeed:simple-schema/lib/defaultMessages.js","filename":"D:\\loan_app\\loan-management\\packages\\aldeed:simple-schema\\lib\\defaultMessages.js","targets":{},"cloneInputAst":true,"browserslistConfigFile":false,"passPerPreset":false,"envName":"development","cwd":"D:\\loan_app\\loan-management","root":"D:\\loan_app\\loan-management","rootMode":"root","plugins":[{"key":"base$0","visitor":{"_exploded":true,"_verified":true},"options":{},"externalDependencies":[]},{"key":"base$0$0","visitor":{"Program":{"enter":[null],"exit":[null]},"_exploded":true,"_verified":true},"options":{"avoidModernSyntax":false,"enforceStrictMode":false,"dynamicImport":true,"generateLetDeclarations":true},"externalDependencies":[]},{"key":"transform-runtime","visitor":{"MemberExpression":{"enter":[null]},"ObjectPattern":{"enter":[null]},"BinaryExpression":{"enter":[null]},"Identifier":{"enter":[null]},"JSXIdentifier":{"enter":[null]},"_exploded":true,"_verified":true},"options":{"version":"7.17.2","helpers":true,"useESModules":false,"corejs":false},"externalDependencies":[]},{"key":"syntax-object-rest-spread","visitor":{"_exploded":true,"_verified":true},"options":{},"externalDependencies":[]},{"key":"proposal-object-rest-spread","visitor":{"VariableDeclarator":{"enter":[null]},"ExportNamedDeclaration":{"enter":[null]},"CatchClause":{"enter":[null]},"AssignmentExpression":{"enter":[null]},"ArrayPattern":{"enter":[null]},"ObjectExpression":{"enter":[null]},"FunctionDeclaration":{"enter":[null]},"FunctionExpression":{"enter":[null]},"ObjectMethod":{"enter":[null]},"ArrowFunctionExpression":{"enter":[null]},"ClassMethod":{"enter":[null]},"ClassPrivateMethod":{"enter":[null]},"ForInStatement":{"enter":[null]},"ForOfStatement":{"enter":[null]},"_exploded":true,"_verified":true},"options":{},"externalDependencies":[]},{"key":"transform-meteor-async-await","visitor":{"AwaitExpression":{"enter":[null]},"_exploded":true,"_verified":true,"FunctionDeclaration":{"exit":[null]},"FunctionExpression":{"exit":[null]},"ObjectMethod":{"exit":[null]},"ArrowFunctionExpression":{"exit":[null]},"ClassMethod":{"exit":[null]},"ClassPrivateMethod":{"exit":[null]}},"options":{"useNativeAsyncAwait":false},"externalDependencies":[]},{"key":"proposal-async-generator-functions","visitor":{"Program":{"enter":[null]},"_exploded":true,"_verified":true},"options":{},"externalDependencies":[]},{"key":"proposal-class-properties","visitor":{"ExportDefaultDeclaration":{"enter":[null]},"_exploded":true,"_verified":true,"ClassExpression":{"enter":[null]},"ClassDeclaration":{"enter":[null]}},"options":{"loose":true},"externalDependencies":[]},{"key":"transform-react-jsx","visitor":{"JSXNamespacedName":{"enter":[null]},"JSXSpreadChild":{"enter":[null]},"Program":{"enter":[null]},"JSXFragment":{"exit":[null]},"JSXElement":{"exit":[null]},"JSXAttribute":{"enter":[null]},"_exploded":true,"_verified":true},"options":{"pragma":"React.createElement","pragmaFrag":"React.Fragment","runtime":"classic","throwIfNamespace":true,"useBuiltIns":false},"externalDependencies":[]},{"key":"transform-react-display-name","visitor":{"ExportDefaultDeclaration":{"enter":[null]},"CallExpression":{"enter":[null]},"_exploded":true,"_verified":true},"options":{},"externalDependencies":[]},{"key":"transform-react-pure-annotations","visitor":{"CallExpression":{"enter":[null]},"_exploded":true,"_verified":true},"options":{},"externalDependencies":[]},{"key":"syntax-nullish-coalescing-operator","visitor":{"_exploded":true,"_verified":true},"options":{},"externalDependencies":[]},{"key":"proposal-nullish-coalescing-operator","visitor":{"LogicalExpression":{"enter":[null]},"_exploded":true,"_verified":true},"options":{},"externalDependencies":[]},{"key":"syntax-optional-chaining","visitor":{"_exploded":true,"_verified":true},"options":{},"externalDependencies":[]},{"key":"proposal-optional-chaining","visitor":{"OptionalCallExpression":{"enter":[null]},"OptionalMemberExpression":{"enter":[null]},"_exploded":true,"_verified":true},"options":{},"externalDependencies":[]},{"key":"syntax-optional-catch-binding","visitor":{"_exploded":true,"_verified":true},"options":{},"externalDependencies":[]},{"key":"proposal-optional-catch-binding","visitor":{"CatchClause":{"enter":[null]},"_exploded":true,"_verified":true},"options":{},"externalDependencies":[]},{"key":"syntax-class-properties","visitor":{"_exploded":true,"_verified":true},"options":{},"externalDependencies":[]},{"key":"proposal-class-properties","visitor":{"ExportDefaultDeclaration":{"enter":[null]},"_exploded":true,"_verified":true,"ClassExpression":{"enter":[null]},"ClassDeclaration":{"enter":[null]}},"options":{},"externalDependencies":[]},{"key":"syntax-async-generators","visitor":{"_exploded":true,"_verified":true},"options":{},"externalDependencies":[]},{"key":"proposal-async-generator-functions","visitor":{"Program":{"enter":[null]},"_exploded":true,"_verified":true},"options":{},"externalDependencies":[]},{"key":"syntax-object-rest-spread","visitor":{"_exploded":true,"_verified":true},"options":{},"externalDependencies":[]},{"key":"proposal-object-rest-spread","visitor":{"VariableDeclarator":{"enter":[null]},"ExportNamedDeclaration":{"enter":[null]},"CatchClause":{"enter":[null]},"AssignmentExpression":{"enter":[null]},"ArrayPattern":{"enter":[null]},"ObjectExpression":{"enter":[null]},"FunctionDeclaration":{"enter":[null]},"FunctionExpression":{"enter":[null]},"ObjectMethod":{"enter":[null]},"ArrowFunctionExpression":{"enter":[null]},"ClassMethod":{"enter":[null]},"ClassPrivateMethod":{"enter":[null]},"ForInStatement":{"enter":[null]},"ForOfStatement":{"enter":[null]},"_exploded":true,"_verified":true},"options":{},"externalDependencies":[]},{"key":"proposal-logical-assignment-operators","visitor":{"AssignmentExpression":{"enter":[null]},"_exploded":true,"_verified":true},"options":{},"externalDependencies":[]},{"key":"transform-literals","visitor":{"NumericLiteral":{"enter":[null]},"StringLiteral":{"enter":[null]},"_exploded":true,"_verified":true},"options":{},"externalDependencies":[]},{"key":"transform-template-literals","visitor":{"TaggedTemplateExpression":{"enter":[null]},"TemplateLiteral":{"enter":[null]},"_exploded":true,"_verified":true},"options":{},"externalDependencies":[]},{"key":"transform-parameters","visitor":{"_exploded":true,"_verified":true,"FunctionDeclaration":{"enter":[null]},"FunctionExpression":{"enter":[null]},"ObjectMethod":{"enter":[null]},"ArrowFunctionExpression":{"enter":[null]},"ClassMethod":{"enter":[null]},"ClassPrivateMethod":{"enter":[null]}},"options":{},"externalDependencies":[]},{"key":"transform-exponentiation-operator","visitor":{"AssignmentExpression":{"enter":[null]},"BinaryExpression":{"enter":[null]},"_exploded":true,"_verified":true},"options":{},"externalDependencies":[]}],"presets":[],"generatorOpts":{"filename":"D:\\loan_app\\loan-management\\packages\\aldeed:simple-schema\\lib\\defaultMessages.js","comments":true,"compact":false,"sourceMaps":true,"sourceFileName":"packages/aldeed:simple-schema/lib/defaultMessages.js"}},"code":"let regExpObj;\nmodule.link(\"./regExp\", {\n  default(v) {\n    regExpObj = v;\n  }\n}, 0);\nconst regExpMessages = [{\n  exp: regExpObj.Email,\n  msg: 'must be a valid email address'\n}, {\n  exp: regExpObj.EmailWithTLD,\n  msg: 'must be a valid email address'\n}, {\n  exp: regExpObj.Domain,\n  msg: 'must be a valid domain'\n}, {\n  exp: regExpObj.WeakDomain,\n  msg: 'must be a valid domain'\n}, {\n  exp: regExpObj.IP,\n  msg: 'must be a valid IPv4 or IPv6 address'\n}, {\n  exp: regExpObj.IPv4,\n  msg: 'must be a valid IPv4 address'\n}, {\n  exp: regExpObj.IPv6,\n  msg: 'must be a valid IPv6 address'\n}, {\n  exp: regExpObj.Url,\n  msg: 'must be a valid URL'\n}, {\n  exp: regExpObj.Id,\n  msg: 'must be a valid alphanumeric ID'\n}, {\n  exp: regExpObj.ZipCode,\n  msg: 'must be a valid ZIP code'\n}, {\n  exp: regExpObj.Phone,\n  msg: 'must be a valid phone number'\n}];\nconst defaultMessages = {\n  initialLanguage: 'en',\n  messages: {\n    en: {\n      required: '{{{label}}} is required',\n      minString: '{{{label}}} must be at least {{min}} characters',\n      maxString: '{{{label}}} cannot exceed {{max}} characters',\n      minNumber: '{{{label}}} must be at least {{min}}',\n      maxNumber: '{{{label}}} cannot exceed {{max}}',\n      minNumberExclusive: '{{{label}}} must be greater than {{min}}',\n      maxNumberExclusive: '{{{label}}} must be less than {{max}}',\n      minDate: '{{{label}}} must be on or after {{min}}',\n      maxDate: '{{{label}}} cannot be after {{max}}',\n      badDate: '{{{label}}} is not a valid date',\n      minCount: 'You must specify at least {{minCount}} values',\n      maxCount: 'You cannot specify more than {{maxCount}} values',\n      noDecimal: '{{{label}}} must be an integer',\n      notAllowed: '{{{value}}} is not an allowed value',\n      expectedType: '{{{label}}} must be of type {{dataType}}',\n      regEx(_ref) {\n        let {\n          label,\n          regExp\n        } = _ref;\n        // See if there's one where exp matches this expression\n        let msgObj;\n        if (regExp) {\n          msgObj = regExpMessages.find(o => o.exp && o.exp.toString() === regExp);\n        }\n        const regExpMessage = msgObj ? msgObj.msg : 'failed regular expression validation';\n        return \"\".concat(label, \" \").concat(regExpMessage);\n      },\n      keyNotInSchema: '{{name}} is not allowed by the schema'\n    }\n  }\n};\nmodule.exportDefault(defaultMessages);","map":{"version":3,"names":["regExpObj","module","link","default","v","regExpMessages","exp","Email","msg","EmailWithTLD","Domain","WeakDomain","IP","IPv4","IPv6","Url","Id","ZipCode","Phone","defaultMessages","initialLanguage","messages","en","required","minString","maxString","minNumber","maxNumber","minNumberExclusive","maxNumberExclusive","minDate","maxDate","badDate","minCount","maxCount","noDecimal","notAllowed","expectedType","regEx","_ref","label","regExp","msgObj","find","o","toString","regExpMessage","concat","keyNotInSchema","exportDefault"],"sources":["packages/aldeed:simple-schema/lib/defaultMessages.js"],"sourcesContent":["import regExpObj from './regExp';\n\nconst regExpMessages = [\n  { exp: regExpObj.Email, msg: 'must be a valid email address' },\n  { exp: regExpObj.EmailWithTLD, msg: 'must be a valid email address' },\n  { exp: regExpObj.Domain, msg: 'must be a valid domain' },\n  { exp: regExpObj.WeakDomain, msg: 'must be a valid domain' },\n  { exp: regExpObj.IP, msg: 'must be a valid IPv4 or IPv6 address' },\n  { exp: regExpObj.IPv4, msg: 'must be a valid IPv4 address' },\n  { exp: regExpObj.IPv6, msg: 'must be a valid IPv6 address' },\n  { exp: regExpObj.Url, msg: 'must be a valid URL' },\n  { exp: regExpObj.Id, msg: 'must be a valid alphanumeric ID' },\n  { exp: regExpObj.ZipCode, msg: 'must be a valid ZIP code' },\n  { exp: regExpObj.Phone, msg: 'must be a valid phone number' },\n];\n\nconst defaultMessages = {\n  initialLanguage: 'en',\n  messages: {\n    en: {\n      required: '{{{label}}} is required',\n      minString: '{{{label}}} must be at least {{min}} characters',\n      maxString: '{{{label}}} cannot exceed {{max}} characters',\n      minNumber: '{{{label}}} must be at least {{min}}',\n      maxNumber: '{{{label}}} cannot exceed {{max}}',\n      minNumberExclusive: '{{{label}}} must be greater than {{min}}',\n      maxNumberExclusive: '{{{label}}} must be less than {{max}}',\n      minDate: '{{{label}}} must be on or after {{min}}',\n      maxDate: '{{{label}}} cannot be after {{max}}',\n      badDate: '{{{label}}} is not a valid date',\n      minCount: 'You must specify at least {{minCount}} values',\n      maxCount: 'You cannot specify more than {{maxCount}} values',\n      noDecimal: '{{{label}}} must be an integer',\n      notAllowed: '{{{value}}} is not an allowed value',\n      expectedType: '{{{label}}} must be of type {{dataType}}',\n      regEx({\n        label,\n        regExp,\n      }) {\n        // See if there's one where exp matches this expression\n        let msgObj;\n        if (regExp) {\n          msgObj = regExpMessages.find((o) => o.exp && o.exp.toString() === regExp);\n        }\n\n        const regExpMessage = msgObj ? msgObj.msg : 'failed regular expression validation';\n\n        return `${label} ${regExpMessage}`;\n      },\n      keyNotInSchema: '{{name}} is not allowed by the schema',\n    },\n  },\n};\n\nexport default defaultMessages;\n"],"mappings":"AAAA,IAAIA,SAAS;AAACC,MAAM,CAACC,IAAI,CAAC,UAAU,EAAC;EAACC,OAAOA,CAACC,CAAC,EAAC;IAACJ,SAAS,GAACI,CAAC;EAAA;AAAC,CAAC,EAAC,CAAC,CAAC;AAEjE,MAAMC,cAAc,GAAG,CACrB;EAAEC,GAAG,EAAEN,SAAS,CAACO,KAAK;EAAEC,GAAG,EAAE;AAAgC,CAAC,EAC9D;EAAEF,GAAG,EAAEN,SAAS,CAACS,YAAY;EAAED,GAAG,EAAE;AAAgC,CAAC,EACrE;EAAEF,GAAG,EAAEN,SAAS,CAACU,MAAM;EAAEF,GAAG,EAAE;AAAyB,CAAC,EACxD;EAAEF,GAAG,EAAEN,SAAS,CAACW,UAAU;EAAEH,GAAG,EAAE;AAAyB,CAAC,EAC5D;EAAEF,GAAG,EAAEN,SAAS,CAACY,EAAE;EAAEJ,GAAG,EAAE;AAAuC,CAAC,EAClE;EAAEF,GAAG,EAAEN,SAAS,CAACa,IAAI;EAAEL,GAAG,EAAE;AAA+B,CAAC,EAC5D;EAAEF,GAAG,EAAEN,SAAS,CAACc,IAAI;EAAEN,GAAG,EAAE;AAA+B,CAAC,EAC5D;EAAEF,GAAG,EAAEN,SAAS,CAACe,GAAG;EAAEP,GAAG,EAAE;AAAsB,CAAC,EAClD;EAAEF,GAAG,EAAEN,SAAS,CAACgB,EAAE;EAAER,GAAG,EAAE;AAAkC,CAAC,EAC7D;EAAEF,GAAG,EAAEN,SAAS,CAACiB,OAAO;EAAET,GAAG,EAAE;AAA2B,CAAC,EAC3D;EAAEF,GAAG,EAAEN,SAAS,CAACkB,KAAK;EAAEV,GAAG,EAAE;AAA+B,CAAC,CAC9D;AAED,MAAMW,eAAe,GAAG;EACtBC,eAAe,EAAE,IAAI;EACrBC,QAAQ,EAAE;IACRC,EAAE,EAAE;MACFC,QAAQ,EAAE,yBAAyB;MACnCC,SAAS,EAAE,iDAAiD;MAC5DC,SAAS,EAAE,8CAA8C;MACzDC,SAAS,EAAE,sCAAsC;MACjDC,SAAS,EAAE,mCAAmC;MAC9CC,kBAAkB,EAAE,0CAA0C;MAC9DC,kBAAkB,EAAE,uCAAuC;MAC3DC,OAAO,EAAE,yCAAyC;MAClDC,OAAO,EAAE,qCAAqC;MAC9CC,OAAO,EAAE,iCAAiC;MAC1CC,QAAQ,EAAE,+CAA+C;MACzDC,QAAQ,EAAE,kDAAkD;MAC5DC,SAAS,EAAE,gCAAgC;MAC3CC,UAAU,EAAE,qCAAqC;MACjDC,YAAY,EAAE,0CAA0C;MACxDC,KAAKA,CAAAC,IAAA,EAGF;QAAA,IAHG;UACJC,KAAK;UACLC;QACF,CAAC,GAAAF,IAAA;QACC;QACA,IAAIG,MAAM;QACV,IAAID,MAAM,EAAE;UACVC,MAAM,GAAGrC,cAAc,CAACsC,IAAI,CAAEC,CAAC,IAAKA,CAAC,CAACtC,GAAG,IAAIsC,CAAC,CAACtC,GAAG,CAACuC,QAAQ,CAAC,CAAC,KAAKJ,MAAM,CAAC;QAC3E;QAEA,MAAMK,aAAa,GAAGJ,MAAM,GAAGA,MAAM,CAAClC,GAAG,GAAG,sCAAsC;QAElF,UAAAuC,MAAA,CAAUP,KAAK,OAAAO,MAAA,CAAID,aAAa;MAClC,CAAC;MACDE,cAAc,EAAE;IAClB;EACF;AACF,CAAC;AApDD/C,MAAM,CAACgD,aAAa,CAsDL9B,eAtDS,CAAC"},"sourceType":"module","externalDependencies":{},"hash":"370cdbe71f8717306ccdb03f26261bd850b3b8ab"}
