{"metadata":{},"options":{"assumptions":{},"compact":false,"sourceMaps":true,"ast":true,"babelrc":false,"configFile":false,"parserOpts":{"sourceType":"module","sourceFileName":"D:\\loan_app\\loan-management\\packages\\aldeed:simple-schema\\lib\\regExp.js","plugins":["*","flow","jsx","asyncGenerators","bigInt","classPrivateMethods","classPrivateProperties","classProperties","doExpressions","dynamicImport","exportDefaultFrom","exportExtensions","exportNamespaceFrom","functionBind","functionSent","importMeta","nullishCoalescingOperator","numericSeparator","objectRestSpread","optionalCatchBinding","optionalChaining",["pipelineOperator",{"proposal":"minimal"}],"throwExpressions","objectRestSpread","objectRestSpread","asyncGenerators","classProperties","classPrivateProperties","jsx","nullishCoalescingOperator","nullishCoalescingOperator","optionalChaining","optionalChaining","optionalCatchBinding","optionalCatchBinding","classProperties","classPrivateProperties","classPrivateMethods","classProperties","classPrivateProperties","asyncGenerators","asyncGenerators","objectRestSpread","objectRestSpread","logicalAssignment"],"allowImportExportEverywhere":true,"allowReturnOutsideFunction":true,"allowUndeclaredExports":true,"strictMode":false},"caller":{"name":"meteor","arch":"os.windows.x86_64"},"sourceFileName":"packages/aldeed:simple-schema/lib/regExp.js","filename":"D:\\loan_app\\loan-management\\packages\\aldeed:simple-schema\\lib\\regExp.js","targets":{},"cloneInputAst":true,"browserslistConfigFile":false,"passPerPreset":false,"envName":"development","cwd":"D:\\loan_app\\loan-management","root":"D:\\loan_app\\loan-management","rootMode":"root","plugins":[{"key":"base$0","visitor":{"_exploded":true,"_verified":true},"options":{},"externalDependencies":[]},{"key":"base$0$0","visitor":{"Program":{"enter":[null],"exit":[null]},"_exploded":true,"_verified":true},"options":{"avoidModernSyntax":false,"enforceStrictMode":false,"dynamicImport":true,"generateLetDeclarations":true},"externalDependencies":[]},{"key":"transform-runtime","visitor":{"MemberExpression":{"enter":[null]},"ObjectPattern":{"enter":[null]},"BinaryExpression":{"enter":[null]},"Identifier":{"enter":[null]},"JSXIdentifier":{"enter":[null]},"_exploded":true,"_verified":true},"options":{"version":"7.17.2","helpers":true,"useESModules":false,"corejs":false},"externalDependencies":[]},{"key":"syntax-object-rest-spread","visitor":{"_exploded":true,"_verified":true},"options":{},"externalDependencies":[]},{"key":"proposal-object-rest-spread","visitor":{"VariableDeclarator":{"enter":[null]},"ExportNamedDeclaration":{"enter":[null]},"CatchClause":{"enter":[null]},"AssignmentExpression":{"enter":[null]},"ArrayPattern":{"enter":[null]},"ObjectExpression":{"enter":[null]},"FunctionDeclaration":{"enter":[null]},"FunctionExpression":{"enter":[null]},"ObjectMethod":{"enter":[null]},"ArrowFunctionExpression":{"enter":[null]},"ClassMethod":{"enter":[null]},"ClassPrivateMethod":{"enter":[null]},"ForInStatement":{"enter":[null]},"ForOfStatement":{"enter":[null]},"_exploded":true,"_verified":true},"options":{},"externalDependencies":[]},{"key":"transform-meteor-async-await","visitor":{"AwaitExpression":{"enter":[null]},"_exploded":true,"_verified":true,"FunctionDeclaration":{"exit":[null]},"FunctionExpression":{"exit":[null]},"ObjectMethod":{"exit":[null]},"ArrowFunctionExpression":{"exit":[null]},"ClassMethod":{"exit":[null]},"ClassPrivateMethod":{"exit":[null]}},"options":{"useNativeAsyncAwait":false},"externalDependencies":[]},{"key":"proposal-async-generator-functions","visitor":{"Program":{"enter":[null]},"_exploded":true,"_verified":true},"options":{},"externalDependencies":[]},{"key":"proposal-class-properties","visitor":{"ExportDefaultDeclaration":{"enter":[null]},"_exploded":true,"_verified":true,"ClassExpression":{"enter":[null]},"ClassDeclaration":{"enter":[null]}},"options":{"loose":true},"externalDependencies":[]},{"key":"transform-react-jsx","visitor":{"JSXNamespacedName":{"enter":[null]},"JSXSpreadChild":{"enter":[null]},"Program":{"enter":[null]},"JSXFragment":{"exit":[null]},"JSXElement":{"exit":[null]},"JSXAttribute":{"enter":[null]},"_exploded":true,"_verified":true},"options":{"pragma":"React.createElement","pragmaFrag":"React.Fragment","runtime":"classic","throwIfNamespace":true,"useBuiltIns":false},"externalDependencies":[]},{"key":"transform-react-display-name","visitor":{"ExportDefaultDeclaration":{"enter":[null]},"CallExpression":{"enter":[null]},"_exploded":true,"_verified":true},"options":{},"externalDependencies":[]},{"key":"transform-react-pure-annotations","visitor":{"CallExpression":{"enter":[null]},"_exploded":true,"_verified":true},"options":{},"externalDependencies":[]},{"key":"syntax-nullish-coalescing-operator","visitor":{"_exploded":true,"_verified":true},"options":{},"externalDependencies":[]},{"key":"proposal-nullish-coalescing-operator","visitor":{"LogicalExpression":{"enter":[null]},"_exploded":true,"_verified":true},"options":{},"externalDependencies":[]},{"key":"syntax-optional-chaining","visitor":{"_exploded":true,"_verified":true},"options":{},"externalDependencies":[]},{"key":"proposal-optional-chaining","visitor":{"OptionalCallExpression":{"enter":[null]},"OptionalMemberExpression":{"enter":[null]},"_exploded":true,"_verified":true},"options":{},"externalDependencies":[]},{"key":"syntax-optional-catch-binding","visitor":{"_exploded":true,"_verified":true},"options":{},"externalDependencies":[]},{"key":"proposal-optional-catch-binding","visitor":{"CatchClause":{"enter":[null]},"_exploded":true,"_verified":true},"options":{},"externalDependencies":[]},{"key":"syntax-class-properties","visitor":{"_exploded":true,"_verified":true},"options":{},"externalDependencies":[]},{"key":"proposal-class-properties","visitor":{"ExportDefaultDeclaration":{"enter":[null]},"_exploded":true,"_verified":true,"ClassExpression":{"enter":[null]},"ClassDeclaration":{"enter":[null]}},"options":{},"externalDependencies":[]},{"key":"syntax-async-generators","visitor":{"_exploded":true,"_verified":true},"options":{},"externalDependencies":[]},{"key":"proposal-async-generator-functions","visitor":{"Program":{"enter":[null]},"_exploded":true,"_verified":true},"options":{},"externalDependencies":[]},{"key":"syntax-object-rest-spread","visitor":{"_exploded":true,"_verified":true},"options":{},"externalDependencies":[]},{"key":"proposal-object-rest-spread","visitor":{"VariableDeclarator":{"enter":[null]},"ExportNamedDeclaration":{"enter":[null]},"CatchClause":{"enter":[null]},"AssignmentExpression":{"enter":[null]},"ArrayPattern":{"enter":[null]},"ObjectExpression":{"enter":[null]},"FunctionDeclaration":{"enter":[null]},"FunctionExpression":{"enter":[null]},"ObjectMethod":{"enter":[null]},"ArrowFunctionExpression":{"enter":[null]},"ClassMethod":{"enter":[null]},"ClassPrivateMethod":{"enter":[null]},"ForInStatement":{"enter":[null]},"ForOfStatement":{"enter":[null]},"_exploded":true,"_verified":true},"options":{},"externalDependencies":[]},{"key":"proposal-logical-assignment-operators","visitor":{"AssignmentExpression":{"enter":[null]},"_exploded":true,"_verified":true},"options":{},"externalDependencies":[]},{"key":"transform-literals","visitor":{"NumericLiteral":{"enter":[null]},"StringLiteral":{"enter":[null]},"_exploded":true,"_verified":true},"options":{},"externalDependencies":[]},{"key":"transform-template-literals","visitor":{"TaggedTemplateExpression":{"enter":[null]},"TemplateLiteral":{"enter":[null]},"_exploded":true,"_verified":true},"options":{},"externalDependencies":[]},{"key":"transform-parameters","visitor":{"_exploded":true,"_verified":true,"FunctionDeclaration":{"enter":[null]},"FunctionExpression":{"enter":[null]},"ObjectMethod":{"enter":[null]},"ArrowFunctionExpression":{"enter":[null]},"ClassMethod":{"enter":[null]},"ClassPrivateMethod":{"enter":[null]}},"options":{},"externalDependencies":[]},{"key":"transform-exponentiation-operator","visitor":{"AssignmentExpression":{"enter":[null]},"BinaryExpression":{"enter":[null]},"_exploded":true,"_verified":true},"options":{},"externalDependencies":[]}],"presets":[],"generatorOpts":{"filename":"D:\\loan_app\\loan-management\\packages\\aldeed:simple-schema\\lib\\regExp.js","comments":true,"compact":false,"sourceMaps":true,"sourceFileName":"packages/aldeed:simple-schema/lib/regExp.js"}},"code":"// this domain regex matches all domains that have at least one .\n// sadly IPv4 Adresses will be caught too but technically those are valid domains\n// this expression is extracted from the original RFC 5322 mail expression\n// a modification enforces that the tld consists only of characters\nconst rxDomain = '(?:[a-z0-9](?:[a-z0-9-]*[a-z0-9])?\\\\.)+[a-z](?:[a-z-]*[a-z])?';\n// this domain regex matches everythign that could be a domain in intranet\n// that means \"localhost\" is a valid domain\nconst rxNameDomain = '(?:[a-z0-9](?:[a-z0-9-]*[a-z0-9])?(?:\\\\.|$))+';\n// strict IPv4 expression which allows 0-255 per oktett\nconst rxIPv4 = '(?:(?:[0-1]?\\\\d{1,2}|2[0-4]\\\\d|25[0-5])(?:\\\\.|$)){4}';\n// strict IPv6 expression which allows (and validates) all shortcuts\nconst rxIPv6 = '(?:(?:[\\\\dA-Fa-f]{1,4}(?::|$)){8}' // full adress\n+ '|(?=(?:[^:\\\\s]|:[^:\\\\s])*::(?:[^:\\\\s]|:[^:\\\\s])*$)' // or min/max one '::'\n+ '[\\\\dA-Fa-f]{0,4}(?:::?(?:[\\\\dA-Fa-f]{1,4}|$)){1,6})'; // and short adress\n// this allows domains (also localhost etc) and ip adresses\nconst rxWeakDomain = \"(?:\".concat([rxNameDomain, rxIPv4, rxIPv6].join('|'), \")\");\n// unique id from the random package also used by minimongo\n// min and max are used to set length boundaries\n// set both for explicit lower and upper bounds\n// set min as integer and max to null for explicit lower bound and arbitrary upper bound\n// set none for arbitrary length\n// set only min for fixed length\n// character list: https://github.com/meteor/meteor/blob/release/0.8.0/packages/random/random.js#L88\n// string length: https://github.com/meteor/meteor/blob/release/0.8.0/packages/random/random.js#L143\nconst isValidBound = (value, lower) => !value || Number.isSafeInteger(value) && value > lower;\nconst idOfLength = (min, max) => {\n  if (!isValidBound(min, 0)) throw new Error(\"Expected a non-negative safe integer, got \".concat(min));\n  if (!isValidBound(max, min)) throw new Error(\"Expected a non-negative safe integer greater than 1 and greater than min, got \".concat(max));\n  let bounds;\n  if (min && max) bounds = \"\".concat(min, \",\").concat(max);else if (min && max === null) bounds = \"\".concat(min, \",\");else if (min && !max) bounds = \"\".concat(min);else if (!min && !max) bounds = '0,';else throw new Error(\"Unexpected state for min (\".concat(min, \") and max (\").concat(max, \")\"));\n  return new RegExp(\"^[23456789ABCDEFGHJKLMNPQRSTWXYZabcdefghijkmnopqrstuvwxyz]{\".concat(bounds, \"}$\"));\n};\nconst regEx = {\n  // We use the RegExp suggested by W3C in http://www.w3.org/TR/html5/forms.html#valid-e-mail-address\n  // This is probably the same logic used by most browsers when type=email, which is our goal. It is\n  // a very permissive expression. Some apps may wish to be more strict and can write their own RegExp.\n  Email: /^[a-zA-Z0-9.!#$%&'*+\\/=?^_`{|}~-]+@[a-zA-Z0-9](?:[a-zA-Z0-9-]{0,61}[a-zA-Z0-9])?(?:\\.[a-zA-Z0-9](?:[a-zA-Z0-9-]{0,61}[a-zA-Z0-9])?)*$/,\n  // Like Email but requires the TLD (.com, etc)\n  EmailWithTLD: /^(([^<>()\\[\\]\\\\.,;:\\s@\"]+(\\.[^<>()\\[\\]\\\\.,;:\\s@\"]+)*)|(\".+\"))@((\\[[0-9]{1,3}\\.[0-9]{1,3}\\.[0-9]{1,3}\\.[0-9]{1,3}])|(([a-zA-Z\\-0-9]+\\.)+[a-zA-Z]{2,}))$/,\n  Domain: new RegExp(\"^\".concat(rxDomain, \"$\")),\n  WeakDomain: new RegExp(\"^\".concat(rxWeakDomain, \"$\")),\n  IP: new RegExp(\"^(?:\".concat(rxIPv4, \"|\").concat(rxIPv6, \")$\")),\n  IPv4: new RegExp(\"^\".concat(rxIPv4, \"$\")),\n  IPv6: new RegExp(\"^\".concat(rxIPv6, \"$\")),\n  // URL RegEx from https://gist.github.com/dperini/729294\n  // DEPRECATED! Known 2nd degree polynomial ReDoS vulnerability.\n  // Use a custom validator such as this to validate URLs:\n  //   custom() {\n  //     if (!this.isSet) return;\n  //     try {\n  //       new URL(this.value);\n  //     } catch (err) {\n  //       return 'badUrl';\n  //     }\n  //   }\n  // eslint-disable-next-line redos/no-vulnerable\n  Url: /^(?:(?:(?:https?|ftp):)?\\/\\/)(?:\\S+(?::\\S*)?@)?(?:(?!(?:10|127)(?:\\.\\d{1,3}){3})(?!(?:169\\.254|192\\.168)(?:\\.\\d{1,3}){2})(?!172\\.(?:1[6-9]|2\\d|3[0-1])(?:\\.\\d{1,3}){2})(?:[1-9]\\d?|1\\d\\d|2[01]\\d|22[0-3])(?:\\.(?:1?\\d{1,2}|2[0-4]\\d|25[0-5])){2}(?:\\.(?:[1-9]\\d?|1\\d\\d|2[0-4]\\d|25[0-4]))|(?:(?:[a-z0-9\\u00a1-\\uffff][a-z0-9\\u00a1-\\uffff_-]{0,62})?[a-z0-9\\u00a1-\\uffff]\\.)+(?:[a-z\\u00a1-\\uffff]{2,}\\.?))(?::\\d{2,5})?(?:[/?#]\\S*)?$/i,\n  // default id is defined with exact 17 chars of length\n  Id: idOfLength(17),\n  idOfLength,\n  // allows for a 5 digit zip code followed by a whitespace or dash and then 4 more digits\n  // matches 11111 and 11111-1111 and 11111 1111\n  ZipCode: /^\\d{5}(?:[-\\s]\\d{4})?$/,\n  // taken from Google's libphonenumber library\n  // https://github.com/googlei18n/libphonenumber/blob/master/javascript/i18n/phonenumbers/phonenumberutil.js\n  // reference the VALID_PHONE_NUMBER_PATTERN key\n  // allows for common phone number symbols including + () and -\n  // DEPRECATED! Known 2nd degree polynomial ReDoS vulnerability.\n  // Instead, use a custom validation function, with a high quality\n  // phone number validation package that meets your needs.\n  // eslint-disable-next-line redos/no-vulnerable\n  Phone: /^[0-9０-９٠-٩۰-۹]{2}$|^[+＋]*(?:[-x‐-―−ー－-／  ­​⁠　()（）［］.\\[\\]/~⁓∼～*]*[0-9０-９٠-٩۰-۹]){3,}[-x‐-―−ー－-／  ­​⁠　()（）［］.\\[\\]/~⁓∼～*A-Za-z0-9０-９٠-٩۰-۹]*(?:;ext=([0-9０-９٠-٩۰-۹]{1,20})|[  \\t,]*(?:e?xt(?:ensi(?:ó?|ó))?n?|ｅ?ｘｔｎ?|доб|anexo)[:\\.．]?[  \\t,-]*([0-9０-９٠-٩۰-۹]{1,20})#?|[  \\t,]*(?:[xｘ#＃~～]|int|ｉｎｔ)[:\\.．]?[  \\t,-]*([0-9０-９٠-٩۰-۹]{1,9})#?|[- ]+([0-9０-９٠-٩۰-۹]{1,6})#|[  \\t]*(?:,{2}|;)[:\\.．]?[  \\t,-]*([0-9０-９٠-٩۰-۹]{1,15})#?|[  \\t]*(?:,)+[:\\.．]?[  \\t,-]*([0-9０-９٠-٩۰-۹]{1,9})#?)?$/i // eslint-disable-line no-irregular-whitespace\n};\nmodule.exportDefault(regEx);","map":{"version":3,"names":["rxDomain","rxNameDomain","rxIPv4","rxIPv6","rxWeakDomain","concat","join","isValidBound","value","lower","Number","isSafeInteger","idOfLength","min","max","Error","bounds","RegExp","regEx","Email","EmailWithTLD","Domain","WeakDomain","IP","IPv4","IPv6","Url","Id","ZipCode","Phone","module","exportDefault"],"sources":["packages/aldeed:simple-schema/lib/regExp.js"],"sourcesContent":["// this domain regex matches all domains that have at least one .\n// sadly IPv4 Adresses will be caught too but technically those are valid domains\n// this expression is extracted from the original RFC 5322 mail expression\n// a modification enforces that the tld consists only of characters\nconst rxDomain = '(?:[a-z0-9](?:[a-z0-9-]*[a-z0-9])?\\\\.)+[a-z](?:[a-z-]*[a-z])?';\n// this domain regex matches everythign that could be a domain in intranet\n// that means \"localhost\" is a valid domain\nconst rxNameDomain = '(?:[a-z0-9](?:[a-z0-9-]*[a-z0-9])?(?:\\\\.|$))+';\n// strict IPv4 expression which allows 0-255 per oktett\nconst rxIPv4 = '(?:(?:[0-1]?\\\\d{1,2}|2[0-4]\\\\d|25[0-5])(?:\\\\.|$)){4}';\n// strict IPv6 expression which allows (and validates) all shortcuts\nconst rxIPv6 = '(?:(?:[\\\\dA-Fa-f]{1,4}(?::|$)){8}' // full adress\n  + '|(?=(?:[^:\\\\s]|:[^:\\\\s])*::(?:[^:\\\\s]|:[^:\\\\s])*$)' // or min/max one '::'\n  + '[\\\\dA-Fa-f]{0,4}(?:::?(?:[\\\\dA-Fa-f]{1,4}|$)){1,6})'; // and short adress\n// this allows domains (also localhost etc) and ip adresses\nconst rxWeakDomain = `(?:${[rxNameDomain, rxIPv4, rxIPv6].join('|')})`;\n// unique id from the random package also used by minimongo\n// min and max are used to set length boundaries\n// set both for explicit lower and upper bounds\n// set min as integer and max to null for explicit lower bound and arbitrary upper bound\n// set none for arbitrary length\n// set only min for fixed length\n// character list: https://github.com/meteor/meteor/blob/release/0.8.0/packages/random/random.js#L88\n// string length: https://github.com/meteor/meteor/blob/release/0.8.0/packages/random/random.js#L143\nconst isValidBound = (value, lower) => !value || (Number.isSafeInteger(value) && value > lower);\nconst idOfLength = (min, max) => {\n  if (!isValidBound(min, 0)) throw new Error(`Expected a non-negative safe integer, got ${min}`);\n  if (!isValidBound(max, min)) throw new Error(`Expected a non-negative safe integer greater than 1 and greater than min, got ${max}`);\n  let bounds;\n  if (min && max) bounds = `${min},${max}`;\n  else if (min && max === null) bounds = `${min},`;\n  else if (min && !max) bounds = `${min}`;\n  else if (!min && !max) bounds = '0,';\n  else throw new Error(`Unexpected state for min (${min}) and max (${max})`);\n  return new RegExp(`^[23456789ABCDEFGHJKLMNPQRSTWXYZabcdefghijkmnopqrstuvwxyz]{${bounds}}$`);\n};\n\nconst regEx = {\n  // We use the RegExp suggested by W3C in http://www.w3.org/TR/html5/forms.html#valid-e-mail-address\n  // This is probably the same logic used by most browsers when type=email, which is our goal. It is\n  // a very permissive expression. Some apps may wish to be more strict and can write their own RegExp.\n  Email: /^[a-zA-Z0-9.!#$%&'*+\\/=?^_`{|}~-]+@[a-zA-Z0-9](?:[a-zA-Z0-9-]{0,61}[a-zA-Z0-9])?(?:\\.[a-zA-Z0-9](?:[a-zA-Z0-9-]{0,61}[a-zA-Z0-9])?)*$/,\n\n  // Like Email but requires the TLD (.com, etc)\n  EmailWithTLD: /^(([^<>()\\[\\]\\\\.,;:\\s@\"]+(\\.[^<>()\\[\\]\\\\.,;:\\s@\"]+)*)|(\".+\"))@((\\[[0-9]{1,3}\\.[0-9]{1,3}\\.[0-9]{1,3}\\.[0-9]{1,3}])|(([a-zA-Z\\-0-9]+\\.)+[a-zA-Z]{2,}))$/,\n\n  Domain: new RegExp(`^${rxDomain}$`),\n  WeakDomain: new RegExp(`^${rxWeakDomain}$`),\n\n  IP: new RegExp(`^(?:${rxIPv4}|${rxIPv6})$`),\n  IPv4: new RegExp(`^${rxIPv4}$`),\n  IPv6: new RegExp(`^${rxIPv6}$`),\n  // URL RegEx from https://gist.github.com/dperini/729294\n  // DEPRECATED! Known 2nd degree polynomial ReDoS vulnerability.\n  // Use a custom validator such as this to validate URLs:\n  //   custom() {\n  //     if (!this.isSet) return;\n  //     try {\n  //       new URL(this.value);\n  //     } catch (err) {\n  //       return 'badUrl';\n  //     }\n  //   }\n  // eslint-disable-next-line redos/no-vulnerable\n  Url: /^(?:(?:(?:https?|ftp):)?\\/\\/)(?:\\S+(?::\\S*)?@)?(?:(?!(?:10|127)(?:\\.\\d{1,3}){3})(?!(?:169\\.254|192\\.168)(?:\\.\\d{1,3}){2})(?!172\\.(?:1[6-9]|2\\d|3[0-1])(?:\\.\\d{1,3}){2})(?:[1-9]\\d?|1\\d\\d|2[01]\\d|22[0-3])(?:\\.(?:1?\\d{1,2}|2[0-4]\\d|25[0-5])){2}(?:\\.(?:[1-9]\\d?|1\\d\\d|2[0-4]\\d|25[0-4]))|(?:(?:[a-z0-9\\u00a1-\\uffff][a-z0-9\\u00a1-\\uffff_-]{0,62})?[a-z0-9\\u00a1-\\uffff]\\.)+(?:[a-z\\u00a1-\\uffff]{2,}\\.?))(?::\\d{2,5})?(?:[/?#]\\S*)?$/i,\n  // default id is defined with exact 17 chars of length\n  Id: idOfLength(17),\n  idOfLength,\n  // allows for a 5 digit zip code followed by a whitespace or dash and then 4 more digits\n  // matches 11111 and 11111-1111 and 11111 1111\n  ZipCode: /^\\d{5}(?:[-\\s]\\d{4})?$/,\n  // taken from Google's libphonenumber library\n  // https://github.com/googlei18n/libphonenumber/blob/master/javascript/i18n/phonenumbers/phonenumberutil.js\n  // reference the VALID_PHONE_NUMBER_PATTERN key\n  // allows for common phone number symbols including + () and -\n  // DEPRECATED! Known 2nd degree polynomial ReDoS vulnerability.\n  // Instead, use a custom validation function, with a high quality\n  // phone number validation package that meets your needs.\n  // eslint-disable-next-line redos/no-vulnerable\n  Phone: /^[0-9０-９٠-٩۰-۹]{2}$|^[+＋]*(?:[-x‐-―−ー－-／  ­​⁠　()（）［］.\\[\\]/~⁓∼～*]*[0-9０-９٠-٩۰-۹]){3,}[-x‐-―−ー－-／  ­​⁠　()（）［］.\\[\\]/~⁓∼～*A-Za-z0-9０-９٠-٩۰-۹]*(?:;ext=([0-9０-９٠-٩۰-۹]{1,20})|[  \\t,]*(?:e?xt(?:ensi(?:ó?|ó))?n?|ｅ?ｘｔｎ?|доб|anexo)[:\\.．]?[  \\t,-]*([0-9０-９٠-٩۰-۹]{1,20})#?|[  \\t,]*(?:[xｘ#＃~～]|int|ｉｎｔ)[:\\.．]?[  \\t,-]*([0-9０-９٠-٩۰-۹]{1,9})#?|[- ]+([0-9０-９٠-٩۰-۹]{1,6})#|[  \\t]*(?:,{2}|;)[:\\.．]?[  \\t,-]*([0-9０-９٠-٩۰-۹]{1,15})#?|[  \\t]*(?:,)+[:\\.．]?[  \\t,-]*([0-9０-９٠-٩۰-۹]{1,9})#?)?$/i, // eslint-disable-line no-irregular-whitespace\n};\n\nexport default regEx;\n"],"mappings":"AAAA;AACA;AACA;AACA;AACA,MAAMA,QAAQ,GAAG,+DAA+D;AAChF;AACA;AACA,MAAMC,YAAY,GAAG,+CAA+C;AACpE;AACA,MAAMC,MAAM,GAAG,sDAAsD;AACrE;AACA,MAAMC,MAAM,GAAG,mCAAmC,CAAC;AAAA,EAC/C,oDAAoD,CAAC;AAAA,EACrD,qDAAqD,CAAC,CAAC;AAC3D;AACA,MAAMC,YAAY,SAAAC,MAAA,CAAS,CAACJ,YAAY,EAAEC,MAAM,EAAEC,MAAM,CAAC,CAACG,IAAI,CAAC,GAAG,CAAC,MAAG;AACtE;AACA;AACA;AACA;AACA;AACA;AACA;AACA;AACA,MAAMC,YAAY,GAAGA,CAACC,KAAK,EAAEC,KAAK,KAAK,CAACD,KAAK,IAAKE,MAAM,CAACC,aAAa,CAACH,KAAK,CAAC,IAAIA,KAAK,GAAGC,KAAM;AAC/F,MAAMG,UAAU,GAAGA,CAACC,GAAG,EAAEC,GAAG,KAAK;EAC/B,IAAI,CAACP,YAAY,CAACM,GAAG,EAAE,CAAC,CAAC,EAAE,MAAM,IAAIE,KAAK,8CAAAV,MAAA,CAA8CQ,GAAG,CAAE,CAAC;EAC9F,IAAI,CAACN,YAAY,CAACO,GAAG,EAAED,GAAG,CAAC,EAAE,MAAM,IAAIE,KAAK,kFAAAV,MAAA,CAAkFS,GAAG,CAAE,CAAC;EACpI,IAAIE,MAAM;EACV,IAAIH,GAAG,IAAIC,GAAG,EAAEE,MAAM,MAAAX,MAAA,CAAMQ,GAAG,OAAAR,MAAA,CAAIS,GAAG,CAAE,CAAC,KACpC,IAAID,GAAG,IAAIC,GAAG,KAAK,IAAI,EAAEE,MAAM,MAAAX,MAAA,CAAMQ,GAAG,MAAG,CAAC,KAC5C,IAAIA,GAAG,IAAI,CAACC,GAAG,EAAEE,MAAM,MAAAX,MAAA,CAAMQ,GAAG,CAAE,CAAC,KACnC,IAAI,CAACA,GAAG,IAAI,CAACC,GAAG,EAAEE,MAAM,GAAG,IAAI,CAAC,KAChC,MAAM,IAAID,KAAK,8BAAAV,MAAA,CAA8BQ,GAAG,iBAAAR,MAAA,CAAcS,GAAG,MAAG,CAAC;EAC1E,OAAO,IAAIG,MAAM,+DAAAZ,MAAA,CAA+DW,MAAM,OAAI,CAAC;AAC7F,CAAC;AAED,MAAME,KAAK,GAAG;EACZ;EACA;EACA;EACAC,KAAK,EAAE,uIAAuI;EAE9I;EACAC,YAAY,EAAE,wJAAwJ;EAEtKC,MAAM,EAAE,IAAIJ,MAAM,KAAAZ,MAAA,CAAKL,QAAQ,MAAG,CAAC;EACnCsB,UAAU,EAAE,IAAIL,MAAM,KAAAZ,MAAA,CAAKD,YAAY,MAAG,CAAC;EAE3CmB,EAAE,EAAE,IAAIN,MAAM,QAAAZ,MAAA,CAAQH,MAAM,OAAAG,MAAA,CAAIF,MAAM,OAAI,CAAC;EAC3CqB,IAAI,EAAE,IAAIP,MAAM,KAAAZ,MAAA,CAAKH,MAAM,MAAG,CAAC;EAC/BuB,IAAI,EAAE,IAAIR,MAAM,KAAAZ,MAAA,CAAKF,MAAM,MAAG,CAAC;EAC/B;EACA;EACA;EACA;EACA;EACA;EACA;EACA;EACA;EACA;EACA;EACA;EACAuB,GAAG,EAAE,yaAAya;EAC9a;EACAC,EAAE,EAAEf,UAAU,CAAC,EAAE,CAAC;EAClBA,UAAU;EACV;EACA;EACAgB,OAAO,EAAE,wBAAwB;EACjC;EACA;EACA;EACA;EACA;EACA;EACA;EACA;EACAC,KAAK,EAAE,2dAA2d,CAAE;AACte,CAAC;AAhFDC,MAAM,CAACC,aAAa,CAkFLb,KAlFS,CAAC"},"sourceType":"module","externalDependencies":{},"hash":"38a8452ebb4536629aebd4c62f9b11bdaf877d74"}
