{"metadata":{},"options":{"assumptions":{},"compact":false,"sourceMaps":true,"ast":true,"babelrc":false,"configFile":false,"parserOpts":{"sourceType":"module","sourceFileName":"D:\\loan_app\\loan-management\\packages\\aldeed:simple-schema\\lib\\ValidationContext.js","plugins":["*","flow","jsx","asyncGenerators","bigInt","classPrivateMethods","classPrivateProperties","classProperties","doExpressions","dynamicImport","exportDefaultFrom","exportExtensions","exportNamespaceFrom","functionBind","functionSent","importMeta","nullishCoalescingOperator","numericSeparator","objectRestSpread","optionalCatchBinding","optionalChaining",["pipelineOperator",{"proposal":"minimal"}],"throwExpressions","classProperties","classPrivateProperties","jsx","nullishCoalescingOperator","nullishCoalescingOperator","optionalChaining","optionalChaining","optionalCatchBinding","optionalCatchBinding","classProperties","classPrivateProperties","classPrivateMethods","classProperties","classPrivateProperties","asyncGenerators","asyncGenerators","objectRestSpread","objectRestSpread","logicalAssignment"],"allowImportExportEverywhere":true,"allowReturnOutsideFunction":true,"allowUndeclaredExports":true,"strictMode":false},"caller":{"name":"meteor","arch":"web.browser"},"sourceFileName":"packages/aldeed:simple-schema/lib/ValidationContext.js","filename":"D:\\loan_app\\loan-management\\packages\\aldeed:simple-schema\\lib\\ValidationContext.js","targets":{},"cloneInputAst":true,"browserslistConfigFile":false,"passPerPreset":false,"envName":"development","cwd":"D:\\loan_app\\loan-management","root":"D:\\loan_app\\loan-management","rootMode":"root","plugins":[{"key":"base$0","visitor":{"_exploded":true,"_verified":true},"options":{},"externalDependencies":[]},{"key":"base$0$0","visitor":{"Program":{"enter":[null],"exit":[null]},"_exploded":true,"_verified":true},"options":{"avoidModernSyntax":false,"enforceStrictMode":false,"dynamicImport":true,"generateLetDeclarations":true},"externalDependencies":[]},{"key":"transform-runtime","visitor":{"MemberExpression":{"enter":[null]},"ObjectPattern":{"enter":[null]},"BinaryExpression":{"enter":[null]},"Identifier":{"enter":[null]},"JSXIdentifier":{"enter":[null]},"_exploded":true,"_verified":true},"options":{"version":"7.17.2","helpers":true,"useESModules":false,"corejs":false},"externalDependencies":[]},{"key":"proposal-class-properties","visitor":{"ExportDefaultDeclaration":{"enter":[null]},"_exploded":true,"_verified":true,"ClassExpression":{"enter":[null]},"ClassDeclaration":{"enter":[null]}},"options":{"loose":true},"externalDependencies":[]},{"key":"transform-react-jsx","visitor":{"JSXNamespacedName":{"enter":[null]},"JSXSpreadChild":{"enter":[null]},"Program":{"enter":[null]},"JSXFragment":{"exit":[null]},"JSXElement":{"exit":[null]},"JSXAttribute":{"enter":[null]},"_exploded":true,"_verified":true},"options":{"pragma":"React.createElement","pragmaFrag":"React.Fragment","runtime":"classic","throwIfNamespace":true,"useBuiltIns":false},"externalDependencies":[]},{"key":"transform-react-display-name","visitor":{"ExportDefaultDeclaration":{"enter":[null]},"CallExpression":{"enter":[null]},"_exploded":true,"_verified":true},"options":{},"externalDependencies":[]},{"key":"transform-react-pure-annotations","visitor":{"CallExpression":{"enter":[null]},"_exploded":true,"_verified":true},"options":{},"externalDependencies":[]},{"key":"syntax-nullish-coalescing-operator","visitor":{"_exploded":true,"_verified":true},"options":{},"externalDependencies":[]},{"key":"proposal-nullish-coalescing-operator","visitor":{"LogicalExpression":{"enter":[null]},"_exploded":true,"_verified":true},"options":{},"externalDependencies":[]},{"key":"syntax-optional-chaining","visitor":{"_exploded":true,"_verified":true},"options":{},"externalDependencies":[]},{"key":"proposal-optional-chaining","visitor":{"OptionalCallExpression":{"enter":[null]},"OptionalMemberExpression":{"enter":[null]},"_exploded":true,"_verified":true},"options":{},"externalDependencies":[]},{"key":"syntax-optional-catch-binding","visitor":{"_exploded":true,"_verified":true},"options":{},"externalDependencies":[]},{"key":"proposal-optional-catch-binding","visitor":{"CatchClause":{"enter":[null]},"_exploded":true,"_verified":true},"options":{},"externalDependencies":[]},{"key":"syntax-class-properties","visitor":{"_exploded":true,"_verified":true},"options":{},"externalDependencies":[]},{"key":"proposal-class-properties","visitor":{"ExportDefaultDeclaration":{"enter":[null]},"_exploded":true,"_verified":true,"ClassExpression":{"enter":[null]},"ClassDeclaration":{"enter":[null]}},"options":{},"externalDependencies":[]},{"key":"syntax-async-generators","visitor":{"_exploded":true,"_verified":true},"options":{},"externalDependencies":[]},{"key":"proposal-async-generator-functions","visitor":{"Program":{"enter":[null]},"_exploded":true,"_verified":true},"options":{},"externalDependencies":[]},{"key":"syntax-object-rest-spread","visitor":{"_exploded":true,"_verified":true},"options":{},"externalDependencies":[]},{"key":"proposal-object-rest-spread","visitor":{"VariableDeclarator":{"enter":[null]},"ExportNamedDeclaration":{"enter":[null]},"CatchClause":{"enter":[null]},"AssignmentExpression":{"enter":[null]},"ArrayPattern":{"enter":[null]},"ObjectExpression":{"enter":[null]},"FunctionDeclaration":{"enter":[null]},"FunctionExpression":{"enter":[null]},"ObjectMethod":{"enter":[null]},"ArrowFunctionExpression":{"enter":[null]},"ClassMethod":{"enter":[null]},"ClassPrivateMethod":{"enter":[null]},"ForInStatement":{"enter":[null]},"ForOfStatement":{"enter":[null]},"_exploded":true,"_verified":true},"options":{},"externalDependencies":[]},{"key":"proposal-logical-assignment-operators","visitor":{"AssignmentExpression":{"enter":[null]},"_exploded":true,"_verified":true},"options":{},"externalDependencies":[]},{"key":"transform-literals","visitor":{"NumericLiteral":{"enter":[null]},"StringLiteral":{"enter":[null]},"_exploded":true,"_verified":true},"options":{},"externalDependencies":[]},{"key":"transform-template-literals","visitor":{"TaggedTemplateExpression":{"enter":[null]},"TemplateLiteral":{"enter":[null]},"_exploded":true,"_verified":true},"options":{},"externalDependencies":[]},{"key":"transform-parameters","visitor":{"_exploded":true,"_verified":true,"FunctionDeclaration":{"enter":[null]},"FunctionExpression":{"enter":[null]},"ObjectMethod":{"enter":[null]},"ArrowFunctionExpression":{"enter":[null]},"ClassMethod":{"enter":[null]},"ClassPrivateMethod":{"enter":[null]}},"options":{},"externalDependencies":[]},{"key":"transform-exponentiation-operator","visitor":{"AssignmentExpression":{"enter":[null]},"BinaryExpression":{"enter":[null]},"_exploded":true,"_verified":true},"options":{},"externalDependencies":[]}],"presets":[],"generatorOpts":{"filename":"D:\\loan_app\\loan-management\\packages\\aldeed:simple-schema\\lib\\ValidationContext.js","comments":true,"compact":false,"sourceMaps":true,"sourceFileName":"packages/aldeed:simple-schema/lib/ValidationContext.js"}},"code":"module.export({\n  default: () => ValidationContext\n});\nlet MongoObject;\nmodule.link(\"mongo-object\", {\n  default(v) {\n    MongoObject = v;\n  }\n}, 0);\nlet doValidation;\nmodule.link(\"./doValidation\", {\n  default(v) {\n    doValidation = v;\n  }\n}, 1);\nclass ValidationContext {\n  /**\n   * @param {SimpleSchema} ss SimpleSchema instance to use for validation\n   * @param {String} [name] Optional context name, accessible on context.name.\n   */\n  constructor(ss, name) {\n    this.name = name;\n    this._simpleSchema = ss;\n    this._schema = ss.schema();\n    this._schemaKeys = Object.keys(this._schema);\n    this._validationErrors = [];\n\n    // Set up validation dependencies\n    this._deps = {};\n    const {\n      tracker\n    } = ss._constructorOptions;\n    if (tracker) {\n      this._depsAny = new tracker.Dependency();\n      this._schemaKeys.forEach(key => {\n        this._deps[key] = new tracker.Dependency();\n      });\n    }\n  }\n  _markKeyChanged(key) {\n    const genericKey = MongoObject.makeKeyGeneric(key);\n    if (Object.prototype.hasOwnProperty.call(this._deps, genericKey)) this._deps[genericKey].changed();\n  }\n  _markKeysChanged(keys) {\n    if (!keys || !Array.isArray(keys) || !keys.length) return;\n    keys.forEach(key => this._markKeyChanged(key));\n    this._depsAny && this._depsAny.changed();\n  }\n  setValidationErrors(errors) {\n    const previousValidationErrors = this._validationErrors.map(o => o.name);\n    const newValidationErrors = errors.map(o => o.name);\n    this._validationErrors = errors;\n\n    // Mark all previous plus all new as changed\n    const changedKeys = previousValidationErrors.concat(newValidationErrors);\n    this._markKeysChanged(changedKeys);\n  }\n  addValidationErrors(errors) {\n    const newValidationErrors = errors.map(o => o.name);\n    errors.forEach(error => this._validationErrors.push(error));\n\n    // Mark all new as changed\n    this._markKeysChanged(newValidationErrors);\n  }\n\n  // Reset the validationErrors array\n  reset() {\n    this.setValidationErrors([]);\n  }\n  getErrorForKey(key) {\n    let genericKey = arguments.length > 1 && arguments[1] !== undefined ? arguments[1] : MongoObject.makeKeyGeneric(key);\n    const errors = this._validationErrors;\n    const errorForKey = errors.find(error => error.name === key);\n    if (errorForKey) return errorForKey;\n    return errors.find(error => error.name === genericKey);\n  }\n  _keyIsInvalid(key, genericKey) {\n    return !!this.getErrorForKey(key, genericKey);\n  }\n\n  // Like the internal one, but with deps\n  keyIsInvalid(key) {\n    let genericKey = arguments.length > 1 && arguments[1] !== undefined ? arguments[1] : MongoObject.makeKeyGeneric(key);\n    if (Object.prototype.hasOwnProperty.call(this._deps, genericKey)) this._deps[genericKey].depend();\n    return this._keyIsInvalid(key, genericKey);\n  }\n  keyErrorMessage(key) {\n    let genericKey = arguments.length > 1 && arguments[1] !== undefined ? arguments[1] : MongoObject.makeKeyGeneric(key);\n    if (Object.prototype.hasOwnProperty.call(this._deps, genericKey)) this._deps[genericKey].depend();\n    const errorObj = this.getErrorForKey(key, genericKey);\n    if (!errorObj) return '';\n    return this._simpleSchema.messageForError(errorObj);\n  }\n\n  /**\n   * Validates the object against the simple schema and sets a reactive array of error objects\n   */\n  validate(obj) {\n    let {\n      extendedCustomContext = {},\n      ignore: ignoreTypes = [],\n      keys: keysToValidate,\n      modifier: isModifier = false,\n      mongoObject,\n      upsert: isUpsert = false\n    } = arguments.length > 1 && arguments[1] !== undefined ? arguments[1] : {};\n    const validationErrors = doValidation({\n      extendedCustomContext,\n      ignoreTypes,\n      isModifier,\n      isUpsert,\n      keysToValidate,\n      mongoObject,\n      obj,\n      schema: this._simpleSchema,\n      validationContext: this\n    });\n    if (keysToValidate) {\n      // We have only revalidated the listed keys, so if there\n      // are any other existing errors that are NOT in the keys list,\n      // we should keep these errors.\n      /* eslint-disable no-restricted-syntax */\n      for (const error of this._validationErrors) {\n        const wasValidated = keysToValidate.some(key => key === error.name || error.name.startsWith(\"\".concat(key, \".\")));\n        if (!wasValidated) validationErrors.push(error);\n      }\n      /* eslint-enable no-restricted-syntax */\n    }\n    this.setValidationErrors(validationErrors);\n\n    // Return true if it was valid; otherwise, return false\n    return !validationErrors.length;\n  }\n  isValid() {\n    this._depsAny && this._depsAny.depend();\n    return this._validationErrors.length === 0;\n  }\n  validationErrors() {\n    this._depsAny && this._depsAny.depend();\n    return this._validationErrors;\n  }\n  clean() {\n    return this._simpleSchema.clean(...arguments);\n  }\n}","map":{"version":3,"names":["module","export","default","ValidationContext","MongoObject","link","v","doValidation","constructor","ss","name","_simpleSchema","_schema","schema","_schemaKeys","Object","keys","_validationErrors","_deps","tracker","_constructorOptions","_depsAny","Dependency","forEach","key","_markKeyChanged","genericKey","makeKeyGeneric","prototype","hasOwnProperty","call","changed","_markKeysChanged","Array","isArray","length","setValidationErrors","errors","previousValidationErrors","map","o","newValidationErrors","changedKeys","concat","addValidationErrors","error","push","reset","getErrorForKey","arguments","undefined","errorForKey","find","_keyIsInvalid","keyIsInvalid","depend","keyErrorMessage","errorObj","messageForError","validate","obj","extendedCustomContext","ignore","ignoreTypes","keysToValidate","modifier","isModifier","mongoObject","upsert","isUpsert","validationErrors","validationContext","wasValidated","some","startsWith","isValid","clean"],"sources":["packages/aldeed:simple-schema/lib/ValidationContext.js"],"sourcesContent":["import MongoObject from 'mongo-object';\nimport doValidation from './doValidation';\n\nexport default class ValidationContext {\n  /**\n   * @param {SimpleSchema} ss SimpleSchema instance to use for validation\n   * @param {String} [name] Optional context name, accessible on context.name.\n   */\n  constructor(ss, name) {\n    this.name = name;\n    this._simpleSchema = ss;\n    this._schema = ss.schema();\n    this._schemaKeys = Object.keys(this._schema);\n    this._validationErrors = [];\n\n    // Set up validation dependencies\n    this._deps = {};\n    const { tracker } = ss._constructorOptions;\n    if (tracker) {\n      this._depsAny = new tracker.Dependency();\n      this._schemaKeys.forEach((key) => {\n        this._deps[key] = new tracker.Dependency();\n      });\n    }\n  }\n\n  _markKeyChanged(key) {\n    const genericKey = MongoObject.makeKeyGeneric(key);\n    if (Object.prototype.hasOwnProperty.call(this._deps, genericKey)) this._deps[genericKey].changed();\n  }\n\n  _markKeysChanged(keys) {\n    if (!keys || !Array.isArray(keys) || !keys.length) return;\n\n    keys.forEach((key) => this._markKeyChanged(key));\n\n    this._depsAny && this._depsAny.changed();\n  }\n\n  setValidationErrors(errors) {\n    const previousValidationErrors = this._validationErrors.map((o) => o.name);\n    const newValidationErrors = errors.map((o) => o.name);\n\n    this._validationErrors = errors;\n\n    // Mark all previous plus all new as changed\n    const changedKeys = previousValidationErrors.concat(newValidationErrors);\n    this._markKeysChanged(changedKeys);\n  }\n\n  addValidationErrors(errors) {\n    const newValidationErrors = errors.map((o) => o.name);\n\n    errors.forEach((error) => this._validationErrors.push(error));\n\n    // Mark all new as changed\n    this._markKeysChanged(newValidationErrors);\n  }\n\n  // Reset the validationErrors array\n  reset() {\n    this.setValidationErrors([]);\n  }\n\n  getErrorForKey(key, genericKey = MongoObject.makeKeyGeneric(key)) {\n    const errors = this._validationErrors;\n    const errorForKey = errors.find((error) => error.name === key);\n    if (errorForKey) return errorForKey;\n\n    return errors.find((error) => error.name === genericKey);\n  }\n\n  _keyIsInvalid(key, genericKey) {\n    return !!this.getErrorForKey(key, genericKey);\n  }\n\n  // Like the internal one, but with deps\n  keyIsInvalid(key, genericKey = MongoObject.makeKeyGeneric(key)) {\n    if (Object.prototype.hasOwnProperty.call(this._deps, genericKey)) this._deps[genericKey].depend();\n\n    return this._keyIsInvalid(key, genericKey);\n  }\n\n  keyErrorMessage(key, genericKey = MongoObject.makeKeyGeneric(key)) {\n    if (Object.prototype.hasOwnProperty.call(this._deps, genericKey)) this._deps[genericKey].depend();\n\n    const errorObj = this.getErrorForKey(key, genericKey);\n    if (!errorObj) return '';\n\n    return this._simpleSchema.messageForError(errorObj);\n  }\n\n  /**\n   * Validates the object against the simple schema and sets a reactive array of error objects\n   */\n  validate(obj, {\n    extendedCustomContext = {},\n    ignore: ignoreTypes = [],\n    keys: keysToValidate,\n    modifier: isModifier = false,\n    mongoObject,\n    upsert: isUpsert = false,\n  } = {}) {\n    const validationErrors = doValidation({\n      extendedCustomContext,\n      ignoreTypes,\n      isModifier,\n      isUpsert,\n      keysToValidate,\n      mongoObject,\n      obj,\n      schema: this._simpleSchema,\n      validationContext: this,\n    });\n\n    if (keysToValidate) {\n      // We have only revalidated the listed keys, so if there\n      // are any other existing errors that are NOT in the keys list,\n      // we should keep these errors.\n      /* eslint-disable no-restricted-syntax */\n      for (const error of this._validationErrors) {\n        const wasValidated = keysToValidate.some((key) => key === error.name || error.name.startsWith(`${key}.`));\n        if (!wasValidated) validationErrors.push(error);\n      }\n      /* eslint-enable no-restricted-syntax */\n    }\n\n    this.setValidationErrors(validationErrors);\n\n    // Return true if it was valid; otherwise, return false\n    return !validationErrors.length;\n  }\n\n  isValid() {\n    this._depsAny && this._depsAny.depend();\n    return this._validationErrors.length === 0;\n  }\n\n  validationErrors() {\n    this._depsAny && this._depsAny.depend();\n    return this._validationErrors;\n  }\n\n  clean(...args) {\n    return this._simpleSchema.clean(...args);\n  }\n}\n"],"mappings":"AAAAA,MAAM,CAACC,MAAM,CAAC;EAACC,OAAO,EAACA,CAAA,KAAIC;AAAiB,CAAC,CAAC;AAAC,IAAIC,WAAW;AAACJ,MAAM,CAACK,IAAI,CAAC,cAAc,EAAC;EAACH,OAAOA,CAACI,CAAC,EAAC;IAACF,WAAW,GAACE,CAAC;EAAA;AAAC,CAAC,EAAC,CAAC,CAAC;AAAC,IAAIC,YAAY;AAACP,MAAM,CAACK,IAAI,CAAC,gBAAgB,EAAC;EAACH,OAAOA,CAACI,CAAC,EAAC;IAACC,YAAY,GAACD,CAAC;EAAA;AAAC,CAAC,EAAC,CAAC,CAAC;AAGvL,MAAMH,iBAAiB,CAAC;EACrC;AACF;AACA;AACA;EACEK,WAAWA,CAACC,EAAE,EAAEC,IAAI,EAAE;IACpB,IAAI,CAACA,IAAI,GAAGA,IAAI;IAChB,IAAI,CAACC,aAAa,GAAGF,EAAE;IACvB,IAAI,CAACG,OAAO,GAAGH,EAAE,CAACI,MAAM,CAAC,CAAC;IAC1B,IAAI,CAACC,WAAW,GAAGC,MAAM,CAACC,IAAI,CAAC,IAAI,CAACJ,OAAO,CAAC;IAC5C,IAAI,CAACK,iBAAiB,GAAG,EAAE;;IAE3B;IACA,IAAI,CAACC,KAAK,GAAG,CAAC,CAAC;IACf,MAAM;MAAEC;IAAQ,CAAC,GAAGV,EAAE,CAACW,mBAAmB;IAC1C,IAAID,OAAO,EAAE;MACX,IAAI,CAACE,QAAQ,GAAG,IAAIF,OAAO,CAACG,UAAU,CAAC,CAAC;MACxC,IAAI,CAACR,WAAW,CAACS,OAAO,CAAEC,GAAG,IAAK;QAChC,IAAI,CAACN,KAAK,CAACM,GAAG,CAAC,GAAG,IAAIL,OAAO,CAACG,UAAU,CAAC,CAAC;MAC5C,CAAC,CAAC;IACJ;EACF;EAEAG,eAAeA,CAACD,GAAG,EAAE;IACnB,MAAME,UAAU,GAAGtB,WAAW,CAACuB,cAAc,CAACH,GAAG,CAAC;IAClD,IAAIT,MAAM,CAACa,SAAS,CAACC,cAAc,CAACC,IAAI,CAAC,IAAI,CAACZ,KAAK,EAAEQ,UAAU,CAAC,EAAE,IAAI,CAACR,KAAK,CAACQ,UAAU,CAAC,CAACK,OAAO,CAAC,CAAC;EACpG;EAEAC,gBAAgBA,CAAChB,IAAI,EAAE;IACrB,IAAI,CAACA,IAAI,IAAI,CAACiB,KAAK,CAACC,OAAO,CAAClB,IAAI,CAAC,IAAI,CAACA,IAAI,CAACmB,MAAM,EAAE;IAEnDnB,IAAI,CAACO,OAAO,CAAEC,GAAG,IAAK,IAAI,CAACC,eAAe,CAACD,GAAG,CAAC,CAAC;IAEhD,IAAI,CAACH,QAAQ,IAAI,IAAI,CAACA,QAAQ,CAACU,OAAO,CAAC,CAAC;EAC1C;EAEAK,mBAAmBA,CAACC,MAAM,EAAE;IAC1B,MAAMC,wBAAwB,GAAG,IAAI,CAACrB,iBAAiB,CAACsB,GAAG,CAAEC,CAAC,IAAKA,CAAC,CAAC9B,IAAI,CAAC;IAC1E,MAAM+B,mBAAmB,GAAGJ,MAAM,CAACE,GAAG,CAAEC,CAAC,IAAKA,CAAC,CAAC9B,IAAI,CAAC;IAErD,IAAI,CAACO,iBAAiB,GAAGoB,MAAM;;IAE/B;IACA,MAAMK,WAAW,GAAGJ,wBAAwB,CAACK,MAAM,CAACF,mBAAmB,CAAC;IACxE,IAAI,CAACT,gBAAgB,CAACU,WAAW,CAAC;EACpC;EAEAE,mBAAmBA,CAACP,MAAM,EAAE;IAC1B,MAAMI,mBAAmB,GAAGJ,MAAM,CAACE,GAAG,CAAEC,CAAC,IAAKA,CAAC,CAAC9B,IAAI,CAAC;IAErD2B,MAAM,CAACd,OAAO,CAAEsB,KAAK,IAAK,IAAI,CAAC5B,iBAAiB,CAAC6B,IAAI,CAACD,KAAK,CAAC,CAAC;;IAE7D;IACA,IAAI,CAACb,gBAAgB,CAACS,mBAAmB,CAAC;EAC5C;;EAEA;EACAM,KAAKA,CAAA,EAAG;IACN,IAAI,CAACX,mBAAmB,CAAC,EAAE,CAAC;EAC9B;EAEAY,cAAcA,CAACxB,GAAG,EAAgD;IAAA,IAA9CE,UAAU,GAAAuB,SAAA,CAAAd,MAAA,QAAAc,SAAA,QAAAC,SAAA,GAAAD,SAAA,MAAG7C,WAAW,CAACuB,cAAc,CAACH,GAAG,CAAC;IAC9D,MAAMa,MAAM,GAAG,IAAI,CAACpB,iBAAiB;IACrC,MAAMkC,WAAW,GAAGd,MAAM,CAACe,IAAI,CAAEP,KAAK,IAAKA,KAAK,CAACnC,IAAI,KAAKc,GAAG,CAAC;IAC9D,IAAI2B,WAAW,EAAE,OAAOA,WAAW;IAEnC,OAAOd,MAAM,CAACe,IAAI,CAAEP,KAAK,IAAKA,KAAK,CAACnC,IAAI,KAAKgB,UAAU,CAAC;EAC1D;EAEA2B,aAAaA,CAAC7B,GAAG,EAAEE,UAAU,EAAE;IAC7B,OAAO,CAAC,CAAC,IAAI,CAACsB,cAAc,CAACxB,GAAG,EAAEE,UAAU,CAAC;EAC/C;;EAEA;EACA4B,YAAYA,CAAC9B,GAAG,EAAgD;IAAA,IAA9CE,UAAU,GAAAuB,SAAA,CAAAd,MAAA,QAAAc,SAAA,QAAAC,SAAA,GAAAD,SAAA,MAAG7C,WAAW,CAACuB,cAAc,CAACH,GAAG,CAAC;IAC5D,IAAIT,MAAM,CAACa,SAAS,CAACC,cAAc,CAACC,IAAI,CAAC,IAAI,CAACZ,KAAK,EAAEQ,UAAU,CAAC,EAAE,IAAI,CAACR,KAAK,CAACQ,UAAU,CAAC,CAAC6B,MAAM,CAAC,CAAC;IAEjG,OAAO,IAAI,CAACF,aAAa,CAAC7B,GAAG,EAAEE,UAAU,CAAC;EAC5C;EAEA8B,eAAeA,CAAChC,GAAG,EAAgD;IAAA,IAA9CE,UAAU,GAAAuB,SAAA,CAAAd,MAAA,QAAAc,SAAA,QAAAC,SAAA,GAAAD,SAAA,MAAG7C,WAAW,CAACuB,cAAc,CAACH,GAAG,CAAC;IAC/D,IAAIT,MAAM,CAACa,SAAS,CAACC,cAAc,CAACC,IAAI,CAAC,IAAI,CAACZ,KAAK,EAAEQ,UAAU,CAAC,EAAE,IAAI,CAACR,KAAK,CAACQ,UAAU,CAAC,CAAC6B,MAAM,CAAC,CAAC;IAEjG,MAAME,QAAQ,GAAG,IAAI,CAACT,cAAc,CAACxB,GAAG,EAAEE,UAAU,CAAC;IACrD,IAAI,CAAC+B,QAAQ,EAAE,OAAO,EAAE;IAExB,OAAO,IAAI,CAAC9C,aAAa,CAAC+C,eAAe,CAACD,QAAQ,CAAC;EACrD;;EAEA;AACF;AACA;EACEE,QAAQA,CAACC,GAAG,EAOJ;IAAA,IAPM;MACZC,qBAAqB,GAAG,CAAC,CAAC;MAC1BC,MAAM,EAAEC,WAAW,GAAG,EAAE;MACxB/C,IAAI,EAAEgD,cAAc;MACpBC,QAAQ,EAAEC,UAAU,GAAG,KAAK;MAC5BC,WAAW;MACXC,MAAM,EAAEC,QAAQ,GAAG;IACrB,CAAC,GAAApB,SAAA,CAAAd,MAAA,QAAAc,SAAA,QAAAC,SAAA,GAAAD,SAAA,MAAG,CAAC,CAAC;IACJ,MAAMqB,gBAAgB,GAAG/D,YAAY,CAAC;MACpCsD,qBAAqB;MACrBE,WAAW;MACXG,UAAU;MACVG,QAAQ;MACRL,cAAc;MACdG,WAAW;MACXP,GAAG;MACH/C,MAAM,EAAE,IAAI,CAACF,aAAa;MAC1B4D,iBAAiB,EAAE;IACrB,CAAC,CAAC;IAEF,IAAIP,cAAc,EAAE;MAClB;MACA;MACA;MACA;MACA,KAAK,MAAMnB,KAAK,IAAI,IAAI,CAAC5B,iBAAiB,EAAE;QAC1C,MAAMuD,YAAY,GAAGR,cAAc,CAACS,IAAI,CAAEjD,GAAG,IAAKA,GAAG,KAAKqB,KAAK,CAACnC,IAAI,IAAImC,KAAK,CAACnC,IAAI,CAACgE,UAAU,IAAA/B,MAAA,CAAInB,GAAG,MAAG,CAAC,CAAC;QACzG,IAAI,CAACgD,YAAY,EAAEF,gBAAgB,CAACxB,IAAI,CAACD,KAAK,CAAC;MACjD;MACA;IACF;IAEA,IAAI,CAACT,mBAAmB,CAACkC,gBAAgB,CAAC;;IAE1C;IACA,OAAO,CAACA,gBAAgB,CAACnC,MAAM;EACjC;EAEAwC,OAAOA,CAAA,EAAG;IACR,IAAI,CAACtD,QAAQ,IAAI,IAAI,CAACA,QAAQ,CAACkC,MAAM,CAAC,CAAC;IACvC,OAAO,IAAI,CAACtC,iBAAiB,CAACkB,MAAM,KAAK,CAAC;EAC5C;EAEAmC,gBAAgBA,CAAA,EAAG;IACjB,IAAI,CAACjD,QAAQ,IAAI,IAAI,CAACA,QAAQ,CAACkC,MAAM,CAAC,CAAC;IACvC,OAAO,IAAI,CAACtC,iBAAiB;EAC/B;EAEA2D,KAAKA,CAAA,EAAU;IACb,OAAO,IAAI,CAACjE,aAAa,CAACiE,KAAK,CAAC,GAAA3B,SAAO,CAAC;EAC1C;AACF"},"sourceType":"module","externalDependencies":{},"hash":"3afb191a42f4e9221697bbd27f17c7213158b5c0"}
