{"metadata":{},"options":{"assumptions":{},"compact":false,"sourceMaps":true,"ast":true,"babelrc":false,"configFile":false,"parserOpts":{"sourceType":"module","sourceFileName":"D:\\loan_app\\loan-management\\imports\\ui\\Info.jsx","plugins":["*","flow","jsx","asyncGenerators","bigInt","classPrivateMethods","classPrivateProperties","classProperties","doExpressions","dynamicImport","exportDefaultFrom","exportExtensions","exportNamespaceFrom","functionBind","functionSent","importMeta","nullishCoalescingOperator","numericSeparator","objectRestSpread","optionalCatchBinding","optionalChaining",["pipelineOperator",{"proposal":"minimal"}],"throwExpressions","classProperties","classPrivateProperties","jsx","nullishCoalescingOperator","nullishCoalescingOperator","optionalChaining","optionalChaining","optionalCatchBinding","optionalCatchBinding","classProperties","classPrivateProperties","classPrivateMethods","classProperties","classPrivateProperties","asyncGenerators","asyncGenerators","objectRestSpread","objectRestSpread","logicalAssignment"],"allowImportExportEverywhere":true,"allowReturnOutsideFunction":true,"allowUndeclaredExports":true,"strictMode":false},"caller":{"name":"meteor","arch":"web.browser"},"sourceFileName":"imports/ui/Info.jsx","filename":"D:\\loan_app\\loan-management\\imports\\ui\\Info.jsx","inputSourceMap":{"version":3,"names":["React","Component","withTracker","Links","Info","render","links","props","map","link","makeLink","_id","url","title","InfoContainer","find","fetch"],"sources":["imports/ui/Info.jsx"],"sourcesContent":["import React, { Component } from 'react';\nimport { withTracker } from 'meteor/react-meteor-data';\nimport Links from '../api/links';\n\nclass Info extends Component {\n  render() {\n    const links = this.props.links.map(\n      link => this.makeLink(link)\n    );\n\n    return (\n      <div>\n        <h2>Learn Meteor!</h2>\n        <ul>{ links }</ul>\n      </div>\n    );\n  }\n\n  makeLink(link) {\n    return (\n      <li key={link._id}>\n        <a href={link.url} target=\"_blank\">{link.title}</a>\n      </li>\n    );\n  }\n}\n\nexport default InfoContainer = withTracker(() => {\n  return {\n    links: Links.find().fetch(),\n  };\n})(Info);"],"mappings":";AAAA,OAAOA,KAAK,IAAIC,SAAS,QAAQ,OAAO;AACxC,SAASC,WAAW,QAAQ,0BAA0B;AACtD,OAAOC,KAAK,MAAM,cAAc;AAEhC,MAAMC,IAAI,SAASH,SAAS,CAAC;EAC3BI,MAAMA,CAAA,EAAG;IACP,MAAMC,KAAK,GAAG,IAAI,CAACC,KAAK,CAACD,KAAK,CAACE,GAAG,CAChCC,IAAI,IAAI,IAAI,CAACC,QAAQ,CAACD,IAAI,CAC5B,CAAC;IAED,OACE,CAAC,GAAG;AACV,QAAQ,CAAC,EAAE,CAAC,aAAa,EAAE,EAAE;AAC7B,QAAQ,CAAC,EAAE,CAAC,CAAEH,KAAK,CAAE,EAAE,EAAE;AACzB,MAAM,EAAE,GAAG,CAAC;EAEV;EAEAI,QAAQA,CAACD,IAAI,EAAE;IACb,OACE,CAAC,EAAE,CAAC,GAAG,CAAC,CAACA,IAAI,CAACE,GAAG,CAAC;AACxB,QAAQ,CAAC,CAAC,CAAC,IAAI,CAAC,CAACF,IAAI,CAACG,GAAG,CAAC,CAAC,MAAM,CAAC,QAAQ,CAAC,CAACH,IAAI,CAACI,KAAK,CAAC,EAAE,CAAC;AAC1D,MAAM,EAAE,EAAE,CAAC;EAET;AACF;AAEA,eAAeC,aAAa,GAAGZ,WAAW,CAAC,MAAM;EAC/C,OAAO;IACLI,KAAK,EAAEH,KAAK,CAACY,IAAI,CAAC,CAAC,CAACC,KAAK,CAAC;EAC5B,CAAC;AACH,CAAC,CAAC,CAACZ,IAAI,CAAC"},"targets":{},"cloneInputAst":true,"browserslistConfigFile":false,"passPerPreset":false,"envName":"development","cwd":"D:\\loan_app\\loan-management","root":"D:\\loan_app\\loan-management","rootMode":"root","plugins":[{"key":"base$0","visitor":{"_exploded":true,"_verified":true},"options":{},"externalDependencies":[]},{"key":"base$0$0","visitor":{"Program":{"enter":[null],"exit":[null]},"_exploded":true,"_verified":true},"options":{"avoidModernSyntax":false,"enforceStrictMode":false,"dynamicImport":true,"generateLetDeclarations":true},"externalDependencies":[]},{"key":"transform-runtime","visitor":{"MemberExpression":{"enter":[null]},"ObjectPattern":{"enter":[null]},"BinaryExpression":{"enter":[null]},"Identifier":{"enter":[null]},"JSXIdentifier":{"enter":[null]},"_exploded":true,"_verified":true},"options":{"version":"7.17.2","helpers":true,"useESModules":false,"corejs":false},"externalDependencies":[]},{"key":"proposal-class-properties","visitor":{"ExportDefaultDeclaration":{"enter":[null]},"_exploded":true,"_verified":true,"ClassExpression":{"enter":[null]},"ClassDeclaration":{"enter":[null]}},"options":{"loose":true},"externalDependencies":[]},{"key":"transform-react-jsx","visitor":{"JSXNamespacedName":{"enter":[null]},"JSXSpreadChild":{"enter":[null]},"Program":{"enter":[null]},"JSXFragment":{"exit":[null]},"JSXElement":{"exit":[null]},"JSXAttribute":{"enter":[null]},"_exploded":true,"_verified":true},"options":{"pragma":"React.createElement","pragmaFrag":"React.Fragment","runtime":"classic","throwIfNamespace":true,"useBuiltIns":false},"externalDependencies":[]},{"key":"transform-react-display-name","visitor":{"ExportDefaultDeclaration":{"enter":[null]},"CallExpression":{"enter":[null]},"_exploded":true,"_verified":true},"options":{},"externalDependencies":[]},{"key":"transform-react-pure-annotations","visitor":{"CallExpression":{"enter":[null]},"_exploded":true,"_verified":true},"options":{},"externalDependencies":[]},{"key":"syntax-nullish-coalescing-operator","visitor":{"_exploded":true,"_verified":true},"options":{},"externalDependencies":[]},{"key":"proposal-nullish-coalescing-operator","visitor":{"LogicalExpression":{"enter":[null]},"_exploded":true,"_verified":true},"options":{},"externalDependencies":[]},{"key":"syntax-optional-chaining","visitor":{"_exploded":true,"_verified":true},"options":{},"externalDependencies":[]},{"key":"proposal-optional-chaining","visitor":{"OptionalCallExpression":{"enter":[null]},"OptionalMemberExpression":{"enter":[null]},"_exploded":true,"_verified":true},"options":{},"externalDependencies":[]},{"key":"syntax-optional-catch-binding","visitor":{"_exploded":true,"_verified":true},"options":{},"externalDependencies":[]},{"key":"proposal-optional-catch-binding","visitor":{"CatchClause":{"enter":[null]},"_exploded":true,"_verified":true},"options":{},"externalDependencies":[]},{"key":"syntax-class-properties","visitor":{"_exploded":true,"_verified":true},"options":{},"externalDependencies":[]},{"key":"proposal-class-properties","visitor":{"ExportDefaultDeclaration":{"enter":[null]},"_exploded":true,"_verified":true,"ClassExpression":{"enter":[null]},"ClassDeclaration":{"enter":[null]}},"options":{},"externalDependencies":[]},{"key":"syntax-async-generators","visitor":{"_exploded":true,"_verified":true},"options":{},"externalDependencies":[]},{"key":"proposal-async-generator-functions","visitor":{"Program":{"enter":[null]},"_exploded":true,"_verified":true},"options":{},"externalDependencies":[]},{"key":"syntax-object-rest-spread","visitor":{"_exploded":true,"_verified":true},"options":{},"externalDependencies":[]},{"key":"proposal-object-rest-spread","visitor":{"VariableDeclarator":{"enter":[null]},"ExportNamedDeclaration":{"enter":[null]},"CatchClause":{"enter":[null]},"AssignmentExpression":{"enter":[null]},"ArrayPattern":{"enter":[null]},"ObjectExpression":{"enter":[null]},"FunctionDeclaration":{"enter":[null]},"FunctionExpression":{"enter":[null]},"ObjectMethod":{"enter":[null]},"ArrowFunctionExpression":{"enter":[null]},"ClassMethod":{"enter":[null]},"ClassPrivateMethod":{"enter":[null]},"ForInStatement":{"enter":[null]},"ForOfStatement":{"enter":[null]},"_exploded":true,"_verified":true},"options":{},"externalDependencies":[]},{"key":"proposal-logical-assignment-operators","visitor":{"AssignmentExpression":{"enter":[null]},"_exploded":true,"_verified":true},"options":{},"externalDependencies":[]},{"key":"transform-literals","visitor":{"NumericLiteral":{"enter":[null]},"StringLiteral":{"enter":[null]},"_exploded":true,"_verified":true},"options":{},"externalDependencies":[]},{"key":"transform-template-literals","visitor":{"TaggedTemplateExpression":{"enter":[null]},"TemplateLiteral":{"enter":[null]},"_exploded":true,"_verified":true},"options":{},"externalDependencies":[]},{"key":"transform-parameters","visitor":{"_exploded":true,"_verified":true,"FunctionDeclaration":{"enter":[null]},"FunctionExpression":{"enter":[null]},"ObjectMethod":{"enter":[null]},"ArrowFunctionExpression":{"enter":[null]},"ClassMethod":{"enter":[null]},"ClassPrivateMethod":{"enter":[null]}},"options":{},"externalDependencies":[]},{"key":"transform-exponentiation-operator","visitor":{"AssignmentExpression":{"enter":[null]},"BinaryExpression":{"enter":[null]},"_exploded":true,"_verified":true},"options":{},"externalDependencies":[]}],"presets":[],"generatorOpts":{"filename":"D:\\loan_app\\loan-management\\imports\\ui\\Info.jsx","comments":true,"compact":false,"sourceMaps":true,"sourceFileName":"imports/ui/Info.jsx","inputSourceMap":{"version":3,"names":["React","Component","withTracker","Links","Info","render","links","props","map","link","makeLink","_id","url","title","InfoContainer","find","fetch"],"sources":["imports/ui/Info.jsx"],"sourcesContent":["import React, { Component } from 'react';\nimport { withTracker } from 'meteor/react-meteor-data';\nimport Links from '../api/links';\n\nclass Info extends Component {\n  render() {\n    const links = this.props.links.map(\n      link => this.makeLink(link)\n    );\n\n    return (\n      <div>\n        <h2>Learn Meteor!</h2>\n        <ul>{ links }</ul>\n      </div>\n    );\n  }\n\n  makeLink(link) {\n    return (\n      <li key={link._id}>\n        <a href={link.url} target=\"_blank\">{link.title}</a>\n      </li>\n    );\n  }\n}\n\nexport default InfoContainer = withTracker(() => {\n  return {\n    links: Links.find().fetch(),\n  };\n})(Info);"],"mappings":";AAAA,OAAOA,KAAK,IAAIC,SAAS,QAAQ,OAAO;AACxC,SAASC,WAAW,QAAQ,0BAA0B;AACtD,OAAOC,KAAK,MAAM,cAAc;AAEhC,MAAMC,IAAI,SAASH,SAAS,CAAC;EAC3BI,MAAMA,CAAA,EAAG;IACP,MAAMC,KAAK,GAAG,IAAI,CAACC,KAAK,CAACD,KAAK,CAACE,GAAG,CAChCC,IAAI,IAAI,IAAI,CAACC,QAAQ,CAACD,IAAI,CAC5B,CAAC;IAED,OACE,CAAC,GAAG;AACV,QAAQ,CAAC,EAAE,CAAC,aAAa,EAAE,EAAE;AAC7B,QAAQ,CAAC,EAAE,CAAC,CAAEH,KAAK,CAAE,EAAE,EAAE;AACzB,MAAM,EAAE,GAAG,CAAC;EAEV;EAEAI,QAAQA,CAACD,IAAI,EAAE;IACb,OACE,CAAC,EAAE,CAAC,GAAG,CAAC,CAACA,IAAI,CAACE,GAAG,CAAC;AACxB,QAAQ,CAAC,CAAC,CAAC,IAAI,CAAC,CAACF,IAAI,CAACG,GAAG,CAAC,CAAC,MAAM,CAAC,QAAQ,CAAC,CAACH,IAAI,CAACI,KAAK,CAAC,EAAE,CAAC;AAC1D,MAAM,EAAE,EAAE,CAAC;EAET;AACF;AAEA,eAAeC,aAAa,GAAGZ,WAAW,CAAC,MAAM;EAC/C,OAAO;IACLI,KAAK,EAAEH,KAAK,CAACY,IAAI,CAAC,CAAC,CAACC,KAAK,CAAC;EAC5B,CAAC;AACH,CAAC,CAAC,CAACZ,IAAI,CAAC"}}},"code":"!function (module1) {\n  let React, Component;\n  module1.link(\"react\", {\n    default(v) {\n      React = v;\n    },\n    Component(v) {\n      Component = v;\n    }\n  }, 0);\n  let withTracker;\n  module1.link(\"meteor/react-meteor-data\", {\n    withTracker(v) {\n      withTracker = v;\n    }\n  }, 1);\n  let Links;\n  module1.link(\"../api/links\", {\n    default(v) {\n      Links = v;\n    }\n  }, 2);\n  ___INIT_METEOR_FAST_REFRESH(module);\n  class Info extends Component {\n    render() {\n      const links = this.props.links.map(link => this.makeLink(link));\n      return /*#__PURE__*/React.createElement(\"div\", null, /*#__PURE__*/React.createElement(\"h2\", null, \"Learn Meteor!\"), /*#__PURE__*/React.createElement(\"ul\", null, links));\n    }\n    makeLink(link) {\n      return /*#__PURE__*/React.createElement(\"li\", {\n        key: link._id\n      }, /*#__PURE__*/React.createElement(\"a\", {\n        href: link.url,\n        target: \"_blank\"\n      }, link.title));\n    }\n  }\n  module1.exportDefault(InfoContainer = withTracker(() => {\n    return {\n      links: Links.find().fetch()\n    };\n  })(Info));\n}.call(this, module);","map":{"version":3,"names":["Info","Component","render","links","props","map","link","makeLink","React","createElement","key","_id","href","url","target","title","InfoContainer","withTracker","Links","find","fetch"],"sources":["imports/ui/Info.jsx"],"sourcesContent":["import React, { Component } from 'react';\nimport { withTracker } from 'meteor/react-meteor-data';\nimport Links from '../api/links';\n\nclass Info extends Component {\n  render() {\n    const links = this.props.links.map(\n      link => this.makeLink(link)\n    );\n\n    return (\n      <div>\n        <h2>Learn Meteor!</h2>\n        <ul>{ links }</ul>\n      </div>\n    );\n  }\n\n  makeLink(link) {\n    return (\n      <li key={link._id}>\n        <a href={link.url} target=\"_blank\">{link.title}</a>\n      </li>\n    );\n  }\n}\n\nexport default InfoContainer = withTracker(() => {\n  return {\n    links: Links.find().fetch(),\n  };\n})(Info);"],"mappings":";;;;;;;;;;;;;;;;;;;;;;;EAIA,MAAMA,IAAI,SAASC,SAAS,CAAC;IAC3BC,MAAMA,CAAA,EAAG;MACP,MAAMC,KAAK,GAAG,IAAI,CAACC,KAAK,CAACD,KAAK,CAACE,GAAG,CAChCC,IAAI,IAAI,IAAI,CAACC,QAAQ,CAACD,IAAI,CAC5B,CAAC;MAED,oBACEE,KAAA,CAAAC,aAAA,2BACED,KAAA,CAAAC,aAAA,aAAI,eAAiB,gBACrBD,KAAA,CAAAC,aAAA,aAAMN,KAAW,CACd,CAAC;IAEV;IAEAI,QAAQA,CAACD,IAAI,EAAE;MACb,oBACEE,KAAA,CAAAC,aAAA;QAAIC,GAAG,EAAEJ,IAAI,CAACK;MAAI,gBAChBH,KAAA,CAAAC,aAAA;QAAGG,IAAI,EAAEN,IAAI,CAACO,GAAI;QAACC,MAAM,EAAC;MAAQ,GAAER,IAAI,CAACS,KAAS,CAChD,CAAC;IAET;EACF;wBAEeC,aAAa,GAAGC,WAAW,CAAC,MAAM;IAC/C,OAAO;MACLd,KAAK,EAAEe,KAAK,CAACC,IAAI,CAAC,CAAC,CAACC,KAAK,CAAC;IAC5B,CAAC;EACH,CAAC,CAAC,CAACpB,IAAI,C"},"sourceType":"module","externalDependencies":{},"hash":"3c582fd46c4488c3c2a6494c6f7f2ba6f8247014"}
