{"metadata":{},"options":{"assumptions":{},"compact":false,"sourceMaps":true,"ast":true,"babelrc":false,"configFile":false,"parserOpts":{"sourceType":"module","sourceFileName":"D:\\loan_app\\loan-management\\packages\\ejson\\stringify.js","plugins":["*","flow","jsx","asyncGenerators","bigInt","classPrivateMethods","classPrivateProperties","classProperties","doExpressions","dynamicImport","exportDefaultFrom","exportExtensions","exportNamespaceFrom","functionBind","functionSent","importMeta","nullishCoalescingOperator","numericSeparator","objectRestSpread","optionalCatchBinding","optionalChaining",["pipelineOperator",{"proposal":"minimal"}],"throwExpressions","classProperties","classPrivateProperties","jsx","nullishCoalescingOperator","nullishCoalescingOperator","optionalChaining","optionalChaining","optionalCatchBinding","optionalCatchBinding","classProperties","classPrivateProperties","classPrivateMethods","classProperties","classPrivateProperties","asyncGenerators","asyncGenerators","objectRestSpread","objectRestSpread","logicalAssignment"],"allowImportExportEverywhere":true,"allowReturnOutsideFunction":true,"allowUndeclaredExports":true,"strictMode":false},"caller":{"name":"meteor","arch":"web.browser.legacy"},"sourceFileName":"packages/ejson/stringify.js","filename":"D:\\loan_app\\loan-management\\packages\\ejson\\stringify.js","targets":{},"cloneInputAst":true,"browserslistConfigFile":false,"passPerPreset":false,"envName":"development","cwd":"D:\\loan_app\\loan-management","root":"D:\\loan_app\\loan-management","rootMode":"root","plugins":[{"key":"base$0","visitor":{"_exploded":true,"_verified":true},"options":{},"externalDependencies":[]},{"key":"base$0$0","visitor":{"Program":{"enter":[null],"exit":[null]},"_exploded":true,"_verified":true},"options":{"avoidModernSyntax":true,"enforceStrictMode":false,"dynamicImport":true},"externalDependencies":[]},{"key":"transform-runtime","visitor":{"MemberExpression":{"enter":[null]},"ObjectPattern":{"enter":[null]},"BinaryExpression":{"enter":[null]},"Identifier":{"enter":[null]},"JSXIdentifier":{"enter":[null]},"_exploded":true,"_verified":true},"options":{"version":"7.17.2","helpers":true,"useESModules":false,"corejs":false},"externalDependencies":[]},{"key":"proposal-class-properties","visitor":{"ExportDefaultDeclaration":{"enter":[null]},"_exploded":true,"_verified":true,"ClassExpression":{"enter":[null]},"ClassDeclaration":{"enter":[null]}},"options":{"loose":true},"externalDependencies":[]},{"key":"base$0$3","visitor":{"FunctionExpression":{"exit":[null]},"_exploded":true,"_verified":true},"options":{},"externalDependencies":[]},{"key":"base$0$4","visitor":{"ForInStatement":{"enter":[null]},"_exploded":true,"_verified":true},"options":{},"externalDependencies":[]},{"key":"transform-react-jsx","visitor":{"JSXNamespacedName":{"enter":[null]},"JSXSpreadChild":{"enter":[null]},"Program":{"enter":[null]},"JSXFragment":{"exit":[null]},"JSXElement":{"exit":[null]},"JSXAttribute":{"enter":[null]},"_exploded":true,"_verified":true},"options":{"pragma":"React.createElement","pragmaFrag":"React.Fragment","runtime":"classic","throwIfNamespace":true,"useBuiltIns":false},"externalDependencies":[]},{"key":"transform-react-display-name","visitor":{"ExportDefaultDeclaration":{"enter":[null]},"CallExpression":{"enter":[null]},"_exploded":true,"_verified":true},"options":{},"externalDependencies":[]},{"key":"transform-react-pure-annotations","visitor":{"CallExpression":{"enter":[null]},"_exploded":true,"_verified":true},"options":{},"externalDependencies":[]},{"key":"syntax-nullish-coalescing-operator","visitor":{"_exploded":true,"_verified":true},"options":{},"externalDependencies":[]},{"key":"proposal-nullish-coalescing-operator","visitor":{"LogicalExpression":{"enter":[null]},"_exploded":true,"_verified":true},"options":{},"externalDependencies":[]},{"key":"syntax-optional-chaining","visitor":{"_exploded":true,"_verified":true},"options":{},"externalDependencies":[]},{"key":"proposal-optional-chaining","visitor":{"OptionalCallExpression":{"enter":[null]},"OptionalMemberExpression":{"enter":[null]},"_exploded":true,"_verified":true},"options":{},"externalDependencies":[]},{"key":"syntax-optional-catch-binding","visitor":{"_exploded":true,"_verified":true},"options":{},"externalDependencies":[]},{"key":"proposal-optional-catch-binding","visitor":{"CatchClause":{"enter":[null]},"_exploded":true,"_verified":true},"options":{},"externalDependencies":[]},{"key":"syntax-class-properties","visitor":{"_exploded":true,"_verified":true},"options":{},"externalDependencies":[]},{"key":"proposal-class-properties","visitor":{"ExportDefaultDeclaration":{"enter":[null]},"_exploded":true,"_verified":true,"ClassExpression":{"enter":[null]},"ClassDeclaration":{"enter":[null]}},"options":{},"externalDependencies":[]},{"key":"syntax-async-generators","visitor":{"_exploded":true,"_verified":true},"options":{},"externalDependencies":[]},{"key":"proposal-async-generator-functions","visitor":{"Program":{"enter":[null]},"_exploded":true,"_verified":true},"options":{},"externalDependencies":[]},{"key":"syntax-object-rest-spread","visitor":{"_exploded":true,"_verified":true},"options":{},"externalDependencies":[]},{"key":"proposal-object-rest-spread","visitor":{"VariableDeclarator":{"enter":[null]},"ExportNamedDeclaration":{"enter":[null]},"CatchClause":{"enter":[null]},"AssignmentExpression":{"enter":[null]},"ArrayPattern":{"enter":[null]},"ObjectExpression":{"enter":[null]},"FunctionDeclaration":{"enter":[null]},"FunctionExpression":{"enter":[null]},"ObjectMethod":{"enter":[null]},"ArrowFunctionExpression":{"enter":[null]},"ClassMethod":{"enter":[null]},"ClassPrivateMethod":{"enter":[null]},"ForInStatement":{"enter":[null]},"ForOfStatement":{"enter":[null]},"_exploded":true,"_verified":true},"options":{},"externalDependencies":[]},{"key":"proposal-logical-assignment-operators","visitor":{"AssignmentExpression":{"enter":[null]},"_exploded":true,"_verified":true},"options":{},"externalDependencies":[]},{"key":"transform-arrow-functions","visitor":{"ArrowFunctionExpression":{"enter":[null]},"_exploded":true,"_verified":true},"options":{},"externalDependencies":[]},{"key":"transform-block-scoped-functions","visitor":{"BlockStatement":{"enter":[null]},"SwitchCase":{"enter":[null]},"_exploded":true,"_verified":true},"options":{},"externalDependencies":[]},{"key":"transform-block-scoping","visitor":{"VariableDeclaration":{"enter":[null,null]},"BlockStatement":{"enter":[null]},"SwitchCase":{"enter":[null]},"ClassDeclaration":{"enter":[null]},"DoWhileStatement":{"enter":[null]},"ForInStatement":{"enter":[null]},"ForStatement":{"enter":[null]},"WhileStatement":{"enter":[null]},"ForOfStatement":{"enter":[null]},"_exploded":true,"_verified":true},"options":{},"externalDependencies":[]},{"key":"transform-classes","visitor":{"ExportDefaultDeclaration":{"enter":[null]},"ClassDeclaration":{"enter":[null]},"ClassExpression":{"enter":[null]},"_exploded":true,"_verified":true},"options":{"loose":true},"externalDependencies":[]},{"key":"transform-computed-properties","visitor":{"ObjectExpression":{"exit":[null]},"_exploded":true,"_verified":true},"options":{"loose":true},"externalDependencies":[]},{"key":"transform-destructuring","visitor":{"ExportNamedDeclaration":{"enter":[null]},"CatchClause":{"enter":[null]},"AssignmentExpression":{"enter":[null]},"VariableDeclaration":{"enter":[null]},"_exploded":true,"_verified":true,"ForInStatement":{"enter":[null]},"ForOfStatement":{"enter":[null]}},"options":{},"externalDependencies":[]},{"key":"transform-for-of","visitor":{"ForOfStatement":{"enter":[null]},"_exploded":true,"_verified":true},"options":{"loose":true},"externalDependencies":[]},{"key":"transform-literals","visitor":{"NumericLiteral":{"enter":[null]},"StringLiteral":{"enter":[null]},"_exploded":true,"_verified":true},"options":{},"externalDependencies":[]},{"key":"transform-object-super","visitor":{"ObjectExpression":{"enter":[null]},"_exploded":true,"_verified":true,"DoWhileStatement":{"exit":[null]},"ForInStatement":{"exit":[null]},"ForStatement":{"exit":[null]},"WhileStatement":{"exit":[null]},"ForOfStatement":{"exit":[null]}},"options":{},"externalDependencies":[]},{"key":"transform-parameters","visitor":{"_exploded":true,"_verified":true,"FunctionDeclaration":{"enter":[null]},"FunctionExpression":{"enter":[null]},"ObjectMethod":{"enter":[null]},"ArrowFunctionExpression":{"enter":[null]},"ClassMethod":{"enter":[null]},"ClassPrivateMethod":{"enter":[null]}},"options":{},"externalDependencies":[]},{"key":"transform-shorthand-properties","visitor":{"ObjectMethod":{"enter":[null]},"ObjectProperty":{"enter":[null]},"_exploded":true,"_verified":true},"options":{},"externalDependencies":[]},{"key":"transform-spread","visitor":{"ArrayExpression":{"enter":[null]},"CallExpression":{"enter":[null]},"NewExpression":{"enter":[null]},"_exploded":true,"_verified":true},"options":{},"externalDependencies":[]},{"key":"transform-sticky-regex","visitor":{"RegExpLiteral":{"enter":[null]},"_exploded":true,"_verified":true},"options":{},"externalDependencies":[]},{"key":"transform-template-literals","visitor":{"TaggedTemplateExpression":{"enter":[null]},"TemplateLiteral":{"enter":[null]},"_exploded":true,"_verified":true},"options":{"loose":true},"externalDependencies":[]},{"key":"transform-typeof-symbol","visitor":{"UnaryExpression":{"enter":[null]},"_exploded":true,"_verified":true,"BlockStatement":{"enter":[null]},"CatchClause":{"enter":[null]},"DoWhileStatement":{"enter":[null]},"ForInStatement":{"enter":[null]},"ForStatement":{"enter":[null]},"FunctionDeclaration":{"enter":[null]},"FunctionExpression":{"enter":[null]},"Program":{"enter":[null]},"ObjectMethod":{"enter":[null]},"SwitchStatement":{"enter":[null]},"WhileStatement":{"enter":[null]},"ArrowFunctionExpression":{"enter":[null]},"ClassExpression":{"enter":[null]},"ClassDeclaration":{"enter":[null]},"ForOfStatement":{"enter":[null]},"ClassMethod":{"enter":[null]},"ClassPrivateMethod":{"enter":[null]},"StaticBlock":{"enter":[null]},"TSModuleBlock":{"enter":[null]},"AssignmentPattern":{"enter":[null]},"ArrayPattern":{"enter":[null]},"ObjectPattern":{"enter":[null]}},"options":{},"externalDependencies":[]},{"key":"transform-unicode-regex","visitor":{"RegExpLiteral":{"enter":[null]},"_exploded":true,"_verified":true},"options":{},"externalDependencies":[]},{"key":"transform-property-literals","visitor":{"ObjectProperty":{"exit":[null]},"_exploded":true,"_verified":true},"options":{},"externalDependencies":[]},{"key":"transform-exponentiation-operator","visitor":{"AssignmentExpression":{"enter":[null]},"BinaryExpression":{"enter":[null]},"_exploded":true,"_verified":true},"options":{},"externalDependencies":[]},{"key":"transform-regenerator","visitor":{"ObjectMethod":{"enter":[null],"exit":[null]},"ClassMethod":{"enter":[null],"exit":[null]},"ClassPrivateMethod":{"enter":[null],"exit":[null]},"FunctionDeclaration":{"exit":[null]},"FunctionExpression":{"exit":[null]},"ArrowFunctionExpression":{"exit":[null]},"MemberExpression":{"enter":[null]},"_exploded":true,"_verified":true},"options":{},"externalDependencies":[]}],"presets":[],"generatorOpts":{"filename":"D:\\loan_app\\loan-management\\packages\\ejson\\stringify.js","comments":true,"compact":false,"sourceMaps":true,"sourceFileName":"packages/ejson/stringify.js"}},"code":"var _typeof;\nmodule.link(\"@babel/runtime/helpers/typeof\", {\n  default: function (v) {\n    _typeof = v;\n  }\n}, 0);\n// Based on json2.js from https://github.com/douglascrockford/JSON-js\n//\n//    json2.js\n//    2012-10-08\n//\n//    Public Domain.\n//\n//    NO WARRANTY EXPRESSED OR IMPLIED. USE AT YOUR OWN RISK.\n\nfunction quote(string) {\n  return JSON.stringify(string);\n}\nvar str = function (key, holder, singleIndent, outerIndent, canonical) {\n  var value = holder[key];\n\n  // What happens next depends on the value's type.\n  switch (_typeof(value)) {\n    case 'string':\n      return quote(value);\n    case 'number':\n      // JSON numbers must be finite. Encode non-finite numbers as null.\n      return isFinite(value) ? String(value) : 'null';\n    case 'boolean':\n      return String(value);\n    // If the type is 'object', we might be dealing with an object or an array or\n    // null.\n    case 'object':\n      {\n        // Due to a specification blunder in ECMAScript, typeof null is 'object',\n        // so watch out for that case.\n        if (!value) {\n          return 'null';\n        }\n        // Make an array to hold the partial results of stringifying this object\n        // value.\n        var innerIndent = outerIndent + singleIndent;\n        var partial = [];\n        var v;\n\n        // Is the value an array?\n        if (Array.isArray(value) || {}.hasOwnProperty.call(value, 'callee')) {\n          // The value is an array. Stringify every element. Use null as a\n          // placeholder for non-JSON values.\n          var length = value.length;\n          for (var i = 0; i < length; i += 1) {\n            partial[i] = str(i, value, singleIndent, innerIndent, canonical) || 'null';\n          }\n\n          // Join all of the elements together, separated with commas, and wrap\n          // them in brackets.\n          if (partial.length === 0) {\n            v = '[]';\n          } else if (innerIndent) {\n            v = '[\\n' + innerIndent + partial.join(',\\n' + innerIndent) + '\\n' + outerIndent + ']';\n          } else {\n            v = '[' + partial.join(',') + ']';\n          }\n          return v;\n        }\n\n        // Iterate through all of the keys in the object.\n        var keys = Object.keys(value);\n        if (canonical) {\n          keys = keys.sort();\n        }\n        keys.forEach(function (k) {\n          v = str(k, value, singleIndent, innerIndent, canonical);\n          if (v) {\n            partial.push(quote(k) + (innerIndent ? ': ' : ':') + v);\n          }\n        });\n\n        // Join all of the member texts together, separated with commas,\n        // and wrap them in braces.\n        if (partial.length === 0) {\n          v = '{}';\n        } else if (innerIndent) {\n          v = '{\\n' + innerIndent + partial.join(',\\n' + innerIndent) + '\\n' + outerIndent + '}';\n        } else {\n          v = '{' + partial.join(',') + '}';\n        }\n        return v;\n      }\n    default: // Do nothing\n  }\n};\n\n// If the JSON object does not yet have a stringify method, give it one.\nvar canonicalStringify = function (value, options) {\n  // Make a fake root object containing our value under the key of ''.\n  // Return the result of stringifying the value.\n  var allOptions = Object.assign({\n    indent: '',\n    canonical: false\n  }, options);\n  if (allOptions.indent === true) {\n    allOptions.indent = '  ';\n  } else if (typeof allOptions.indent === 'number') {\n    var newIndent = '';\n    for (var i = 0; i < allOptions.indent; i++) {\n      newIndent += ' ';\n    }\n    allOptions.indent = newIndent;\n  }\n  return str('', {\n    '': value\n  }, allOptions.indent, '', allOptions.canonical);\n};\nmodule.exportDefault(canonicalStringify);","map":{"version":3,"names":["_typeof","module","link","default","v","quote","string","JSON","stringify","str","key","holder","singleIndent","outerIndent","canonical","value","isFinite","String","innerIndent","partial","Array","isArray","hasOwnProperty","call","length","i","join","keys","Object","sort","forEach","k","push","canonicalStringify","options","allOptions","assign","indent","newIndent","exportDefault"],"sources":["packages/ejson/stringify.js"],"sourcesContent":["// Based on json2.js from https://github.com/douglascrockford/JSON-js\n//\n//    json2.js\n//    2012-10-08\n//\n//    Public Domain.\n//\n//    NO WARRANTY EXPRESSED OR IMPLIED. USE AT YOUR OWN RISK.\n\nfunction quote(string) {\n  return JSON.stringify(string);\n}\n\nconst str = (key, holder, singleIndent, outerIndent, canonical) => {\n  const value = holder[key];\n\n  // What happens next depends on the value's type.\n  switch (typeof value) {\n  case 'string':\n    return quote(value);\n  case 'number':\n    // JSON numbers must be finite. Encode non-finite numbers as null.\n    return isFinite(value) ? String(value) : 'null';\n  case 'boolean':\n    return String(value);\n  // If the type is 'object', we might be dealing with an object or an array or\n  // null.\n  case 'object': {\n    // Due to a specification blunder in ECMAScript, typeof null is 'object',\n    // so watch out for that case.\n    if (!value) {\n      return 'null';\n    }\n    // Make an array to hold the partial results of stringifying this object\n    // value.\n    const innerIndent = outerIndent + singleIndent;\n    const partial = [];\n    let v;\n\n    // Is the value an array?\n    if (Array.isArray(value) || ({}).hasOwnProperty.call(value, 'callee')) {\n      // The value is an array. Stringify every element. Use null as a\n      // placeholder for non-JSON values.\n      const length = value.length;\n      for (let i = 0; i < length; i += 1) {\n        partial[i] =\n          str(i, value, singleIndent, innerIndent, canonical) || 'null';\n      }\n\n      // Join all of the elements together, separated with commas, and wrap\n      // them in brackets.\n      if (partial.length === 0) {\n        v = '[]';\n      } else if (innerIndent) {\n        v = '[\\n' +\n          innerIndent +\n          partial.join(',\\n' +\n          innerIndent) +\n          '\\n' +\n          outerIndent +\n          ']';\n      } else {\n        v = '[' + partial.join(',') + ']';\n      }\n      return v;\n    }\n\n    // Iterate through all of the keys in the object.\n    let keys = Object.keys(value);\n    if (canonical) {\n      keys = keys.sort();\n    }\n    keys.forEach(k => {\n      v = str(k, value, singleIndent, innerIndent, canonical);\n      if (v) {\n        partial.push(quote(k) + (innerIndent ? ': ' : ':') + v);\n      }\n    });\n\n    // Join all of the member texts together, separated with commas,\n    // and wrap them in braces.\n    if (partial.length === 0) {\n      v = '{}';\n    } else if (innerIndent) {\n      v = '{\\n' +\n        innerIndent +\n        partial.join(',\\n' +\n        innerIndent) +\n        '\\n' +\n        outerIndent +\n        '}';\n    } else {\n      v = '{' + partial.join(',') + '}';\n    }\n    return v;\n  }\n\n  default: // Do nothing\n  }\n};\n\n// If the JSON object does not yet have a stringify method, give it one.\nconst canonicalStringify = (value, options) => {\n  // Make a fake root object containing our value under the key of ''.\n  // Return the result of stringifying the value.\n  const allOptions = Object.assign({\n    indent: '',\n    canonical: false,\n  }, options);\n  if (allOptions.indent === true) {\n    allOptions.indent = '  ';\n  } else if (typeof allOptions.indent === 'number') {\n    let newIndent = '';\n    for (let i = 0; i < allOptions.indent; i++) {\n      newIndent += ' ';\n    }\n    allOptions.indent = newIndent;\n  }\n  return str('', {'': value}, allOptions.indent, '', allOptions.canonical);\n};\n\nexport default canonicalStringify;\n"],"mappings":"AAAA,IAAIA,OAAO;AAACC,MAAM,CAACC,IAAI,CAAC,+BAA+B,EAAC;EAACC,OAAO,EAAC,SAAAA,CAASC,CAAC,EAAC;IAACJ,OAAO,GAACI,CAAC;EAAA;AAAC,CAAC,EAAC,CAAC,CAAC;AAA3F;AACA;AACA;AACA;AACA;AACA;AACA;AACA;;AAEA,SAASC,KAAKA,CAACC,MAAM,EAAE;EACrB,OAAOC,IAAI,CAACC,SAAS,CAACF,MAAM,CAAC;AAC/B;AAEA,IAAMG,GAAG,GAAG,SAAAA,CAACC,GAAG,EAAEC,MAAM,EAAEC,YAAY,EAAEC,WAAW,EAAEC,SAAS,EAAK;EACjE,IAAMC,KAAK,GAAGJ,MAAM,CAACD,GAAG,CAAC;;EAEzB;EACA,QAAAV,OAAA,CAAee,KAAK;IACpB,KAAK,QAAQ;MACX,OAAOV,KAAK,CAACU,KAAK,CAAC;IACrB,KAAK,QAAQ;MACX;MACA,OAAOC,QAAQ,CAACD,KAAK,CAAC,GAAGE,MAAM,CAACF,KAAK,CAAC,GAAG,MAAM;IACjD,KAAK,SAAS;MACZ,OAAOE,MAAM,CAACF,KAAK,CAAC;IACtB;IACA;IACA,KAAK,QAAQ;MAAE;QACb;QACA;QACA,IAAI,CAACA,KAAK,EAAE;UACV,OAAO,MAAM;QACf;QACA;QACA;QACA,IAAMG,WAAW,GAAGL,WAAW,GAAGD,YAAY;QAC9C,IAAMO,OAAO,GAAG,EAAE;QAClB,IAAIf,CAAC;;QAEL;QACA,IAAIgB,KAAK,CAACC,OAAO,CAACN,KAAK,CAAC,IAAK,CAAC,CAAC,CAAEO,cAAc,CAACC,IAAI,CAACR,KAAK,EAAE,QAAQ,CAAC,EAAE;UACrE;UACA;UACA,IAAMS,MAAM,GAAGT,KAAK,CAACS,MAAM;UAC3B,KAAK,IAAIC,CAAC,GAAG,CAAC,EAAEA,CAAC,GAAGD,MAAM,EAAEC,CAAC,IAAI,CAAC,EAAE;YAClCN,OAAO,CAACM,CAAC,CAAC,GACRhB,GAAG,CAACgB,CAAC,EAAEV,KAAK,EAAEH,YAAY,EAAEM,WAAW,EAAEJ,SAAS,CAAC,IAAI,MAAM;UACjE;;UAEA;UACA;UACA,IAAIK,OAAO,CAACK,MAAM,KAAK,CAAC,EAAE;YACxBpB,CAAC,GAAG,IAAI;UACV,CAAC,MAAM,IAAIc,WAAW,EAAE;YACtBd,CAAC,GAAG,KAAK,GACPc,WAAW,GACXC,OAAO,CAACO,IAAI,CAAC,KAAK,GAClBR,WAAW,CAAC,GACZ,IAAI,GACJL,WAAW,GACX,GAAG;UACP,CAAC,MAAM;YACLT,CAAC,GAAG,GAAG,GAAGe,OAAO,CAACO,IAAI,CAAC,GAAG,CAAC,GAAG,GAAG;UACnC;UACA,OAAOtB,CAAC;QACV;;QAEA;QACA,IAAIuB,IAAI,GAAGC,MAAM,CAACD,IAAI,CAACZ,KAAK,CAAC;QAC7B,IAAID,SAAS,EAAE;UACba,IAAI,GAAGA,IAAI,CAACE,IAAI,CAAC,CAAC;QACpB;QACAF,IAAI,CAACG,OAAO,CAAC,UAAAC,CAAC,EAAI;UAChB3B,CAAC,GAAGK,GAAG,CAACsB,CAAC,EAAEhB,KAAK,EAAEH,YAAY,EAAEM,WAAW,EAAEJ,SAAS,CAAC;UACvD,IAAIV,CAAC,EAAE;YACLe,OAAO,CAACa,IAAI,CAAC3B,KAAK,CAAC0B,CAAC,CAAC,IAAIb,WAAW,GAAG,IAAI,GAAG,GAAG,CAAC,GAAGd,CAAC,CAAC;UACzD;QACF,CAAC,CAAC;;QAEF;QACA;QACA,IAAIe,OAAO,CAACK,MAAM,KAAK,CAAC,EAAE;UACxBpB,CAAC,GAAG,IAAI;QACV,CAAC,MAAM,IAAIc,WAAW,EAAE;UACtBd,CAAC,GAAG,KAAK,GACPc,WAAW,GACXC,OAAO,CAACO,IAAI,CAAC,KAAK,GAClBR,WAAW,CAAC,GACZ,IAAI,GACJL,WAAW,GACX,GAAG;QACP,CAAC,MAAM;UACLT,CAAC,GAAG,GAAG,GAAGe,OAAO,CAACO,IAAI,CAAC,GAAG,CAAC,GAAG,GAAG;QACnC;QACA,OAAOtB,CAAC;MACV;IAEA,QAAQ,CAAC;EACT;AACF,CAAC;;AAED;AACA,IAAM6B,kBAAkB,GAAG,SAAAA,CAAClB,KAAK,EAAEmB,OAAO,EAAK;EAC7C;EACA;EACA,IAAMC,UAAU,GAAGP,MAAM,CAACQ,MAAM,CAAC;IAC/BC,MAAM,EAAE,EAAE;IACVvB,SAAS,EAAE;EACb,CAAC,EAAEoB,OAAO,CAAC;EACX,IAAIC,UAAU,CAACE,MAAM,KAAK,IAAI,EAAE;IAC9BF,UAAU,CAACE,MAAM,GAAG,IAAI;EAC1B,CAAC,MAAM,IAAI,OAAOF,UAAU,CAACE,MAAM,KAAK,QAAQ,EAAE;IAChD,IAAIC,SAAS,GAAG,EAAE;IAClB,KAAK,IAAIb,CAAC,GAAG,CAAC,EAAEA,CAAC,GAAGU,UAAU,CAACE,MAAM,EAAEZ,CAAC,EAAE,EAAE;MAC1Ca,SAAS,IAAI,GAAG;IAClB;IACAH,UAAU,CAACE,MAAM,GAAGC,SAAS;EAC/B;EACA,OAAO7B,GAAG,CAAC,EAAE,EAAE;IAAC,EAAE,EAAEM;EAAK,CAAC,EAAEoB,UAAU,CAACE,MAAM,EAAE,EAAE,EAAEF,UAAU,CAACrB,SAAS,CAAC;AAC1E,CAAC;AAvHDb,MAAM,CAACsC,aAAa,CAyHLN,kBAzHS,CAAC"},"sourceType":"module","externalDependencies":{},"hash":"3d781f3298c0c7e4e97c15218572fb37dd569338"}
