{"metadata":{},"options":{"assumptions":{},"compact":false,"sourceMaps":true,"ast":true,"babelrc":false,"configFile":false,"parserOpts":{"sourceType":"module","sourceFileName":"D:\\loan_app\\loan-management\\packages\\aldeed:simple-schema\\lib\\doValidation.js","plugins":["*","flow","jsx","asyncGenerators","bigInt","classPrivateMethods","classPrivateProperties","classProperties","doExpressions","dynamicImport","exportDefaultFrom","exportExtensions","exportNamespaceFrom","functionBind","functionSent","importMeta","nullishCoalescingOperator","numericSeparator","objectRestSpread","optionalCatchBinding","optionalChaining",["pipelineOperator",{"proposal":"minimal"}],"throwExpressions","classProperties","classPrivateProperties","jsx","nullishCoalescingOperator","nullishCoalescingOperator","optionalChaining","optionalChaining","optionalCatchBinding","optionalCatchBinding","classProperties","classPrivateProperties","classPrivateMethods","classProperties","classPrivateProperties","asyncGenerators","asyncGenerators","objectRestSpread","objectRestSpread","logicalAssignment"],"allowImportExportEverywhere":true,"allowReturnOutsideFunction":true,"allowUndeclaredExports":true,"strictMode":false},"caller":{"name":"meteor","arch":"web.browser"},"sourceFileName":"packages/aldeed:simple-schema/lib/doValidation.js","filename":"D:\\loan_app\\loan-management\\packages\\aldeed:simple-schema\\lib\\doValidation.js","targets":{},"cloneInputAst":true,"browserslistConfigFile":false,"passPerPreset":false,"envName":"development","cwd":"D:\\loan_app\\loan-management","root":"D:\\loan_app\\loan-management","rootMode":"root","plugins":[{"key":"base$0","visitor":{"_exploded":true,"_verified":true},"options":{},"externalDependencies":[]},{"key":"base$0$0","visitor":{"Program":{"enter":[null],"exit":[null]},"_exploded":true,"_verified":true},"options":{"avoidModernSyntax":false,"enforceStrictMode":false,"dynamicImport":true,"generateLetDeclarations":true},"externalDependencies":[]},{"key":"transform-runtime","visitor":{"MemberExpression":{"enter":[null]},"ObjectPattern":{"enter":[null]},"BinaryExpression":{"enter":[null]},"Identifier":{"enter":[null]},"JSXIdentifier":{"enter":[null]},"_exploded":true,"_verified":true},"options":{"version":"7.17.2","helpers":true,"useESModules":false,"corejs":false},"externalDependencies":[]},{"key":"proposal-class-properties","visitor":{"ExportDefaultDeclaration":{"enter":[null]},"_exploded":true,"_verified":true,"ClassExpression":{"enter":[null]},"ClassDeclaration":{"enter":[null]}},"options":{"loose":true},"externalDependencies":[]},{"key":"transform-react-jsx","visitor":{"JSXNamespacedName":{"enter":[null]},"JSXSpreadChild":{"enter":[null]},"Program":{"enter":[null]},"JSXFragment":{"exit":[null]},"JSXElement":{"exit":[null]},"JSXAttribute":{"enter":[null]},"_exploded":true,"_verified":true},"options":{"pragma":"React.createElement","pragmaFrag":"React.Fragment","runtime":"classic","throwIfNamespace":true,"useBuiltIns":false},"externalDependencies":[]},{"key":"transform-react-display-name","visitor":{"ExportDefaultDeclaration":{"enter":[null]},"CallExpression":{"enter":[null]},"_exploded":true,"_verified":true},"options":{},"externalDependencies":[]},{"key":"transform-react-pure-annotations","visitor":{"CallExpression":{"enter":[null]},"_exploded":true,"_verified":true},"options":{},"externalDependencies":[]},{"key":"syntax-nullish-coalescing-operator","visitor":{"_exploded":true,"_verified":true},"options":{},"externalDependencies":[]},{"key":"proposal-nullish-coalescing-operator","visitor":{"LogicalExpression":{"enter":[null]},"_exploded":true,"_verified":true},"options":{},"externalDependencies":[]},{"key":"syntax-optional-chaining","visitor":{"_exploded":true,"_verified":true},"options":{},"externalDependencies":[]},{"key":"proposal-optional-chaining","visitor":{"OptionalCallExpression":{"enter":[null]},"OptionalMemberExpression":{"enter":[null]},"_exploded":true,"_verified":true},"options":{},"externalDependencies":[]},{"key":"syntax-optional-catch-binding","visitor":{"_exploded":true,"_verified":true},"options":{},"externalDependencies":[]},{"key":"proposal-optional-catch-binding","visitor":{"CatchClause":{"enter":[null]},"_exploded":true,"_verified":true},"options":{},"externalDependencies":[]},{"key":"syntax-class-properties","visitor":{"_exploded":true,"_verified":true},"options":{},"externalDependencies":[]},{"key":"proposal-class-properties","visitor":{"ExportDefaultDeclaration":{"enter":[null]},"_exploded":true,"_verified":true,"ClassExpression":{"enter":[null]},"ClassDeclaration":{"enter":[null]}},"options":{},"externalDependencies":[]},{"key":"syntax-async-generators","visitor":{"_exploded":true,"_verified":true},"options":{},"externalDependencies":[]},{"key":"proposal-async-generator-functions","visitor":{"Program":{"enter":[null]},"_exploded":true,"_verified":true},"options":{},"externalDependencies":[]},{"key":"syntax-object-rest-spread","visitor":{"_exploded":true,"_verified":true},"options":{},"externalDependencies":[]},{"key":"proposal-object-rest-spread","visitor":{"VariableDeclarator":{"enter":[null]},"ExportNamedDeclaration":{"enter":[null]},"CatchClause":{"enter":[null]},"AssignmentExpression":{"enter":[null]},"ArrayPattern":{"enter":[null]},"ObjectExpression":{"enter":[null]},"FunctionDeclaration":{"enter":[null]},"FunctionExpression":{"enter":[null]},"ObjectMethod":{"enter":[null]},"ArrowFunctionExpression":{"enter":[null]},"ClassMethod":{"enter":[null]},"ClassPrivateMethod":{"enter":[null]},"ForInStatement":{"enter":[null]},"ForOfStatement":{"enter":[null]},"_exploded":true,"_verified":true},"options":{},"externalDependencies":[]},{"key":"proposal-logical-assignment-operators","visitor":{"AssignmentExpression":{"enter":[null]},"_exploded":true,"_verified":true},"options":{},"externalDependencies":[]},{"key":"transform-literals","visitor":{"NumericLiteral":{"enter":[null]},"StringLiteral":{"enter":[null]},"_exploded":true,"_verified":true},"options":{},"externalDependencies":[]},{"key":"transform-template-literals","visitor":{"TaggedTemplateExpression":{"enter":[null]},"TemplateLiteral":{"enter":[null]},"_exploded":true,"_verified":true},"options":{},"externalDependencies":[]},{"key":"transform-parameters","visitor":{"_exploded":true,"_verified":true,"FunctionDeclaration":{"enter":[null]},"FunctionExpression":{"enter":[null]},"ObjectMethod":{"enter":[null]},"ArrowFunctionExpression":{"enter":[null]},"ClassMethod":{"enter":[null]},"ClassPrivateMethod":{"enter":[null]}},"options":{},"externalDependencies":[]},{"key":"transform-exponentiation-operator","visitor":{"AssignmentExpression":{"enter":[null]},"BinaryExpression":{"enter":[null]},"_exploded":true,"_verified":true},"options":{},"externalDependencies":[]}],"presets":[],"generatorOpts":{"filename":"D:\\loan_app\\loan-management\\packages\\aldeed:simple-schema\\lib\\doValidation.js","comments":true,"compact":false,"sourceMaps":true,"sourceFileName":"packages/aldeed:simple-schema/lib/doValidation.js"}},"code":"const _excluded = [\"type\"];\nlet _objectWithoutProperties;\nmodule.link(\"@babel/runtime/helpers/objectWithoutProperties\", {\n  default(v) {\n    _objectWithoutProperties = v;\n  }\n}, 0);\nlet _objectSpread;\nmodule.link(\"@babel/runtime/helpers/objectSpread2\", {\n  default(v) {\n    _objectSpread = v;\n  }\n}, 1);\nlet MongoObject;\nmodule.link(\"mongo-object\", {\n  default(v) {\n    MongoObject = v;\n  }\n}, 0);\nlet SimpleSchema;\nmodule.link(\"./SimpleSchema\", {\n  SimpleSchema(v) {\n    SimpleSchema = v;\n  }\n}, 1);\nlet appendAffectedKey, getParentOfKey, looksLikeModifier, isObjectWeShouldTraverse;\nmodule.link(\"./utility\", {\n  appendAffectedKey(v) {\n    appendAffectedKey = v;\n  },\n  getParentOfKey(v) {\n    getParentOfKey = v;\n  },\n  looksLikeModifier(v) {\n    looksLikeModifier = v;\n  },\n  isObjectWeShouldTraverse(v) {\n    isObjectWeShouldTraverse = v;\n  }\n}, 2);\nlet typeValidator;\nmodule.link(\"./validation/typeValidator\", {\n  default(v) {\n    typeValidator = v;\n  }\n}, 3);\nlet requiredValidator;\nmodule.link(\"./validation/requiredValidator\", {\n  default(v) {\n    requiredValidator = v;\n  }\n}, 4);\nlet allowedValuesValidator;\nmodule.link(\"./validation/allowedValuesValidator\", {\n  default(v) {\n    allowedValuesValidator = v;\n  }\n}, 5);\nfunction shouldCheck(key) {\n  if (key === '$pushAll') throw new Error('$pushAll is not supported; use $push + $each');\n  return ['$pull', '$pullAll', '$pop', '$slice'].indexOf(key) === -1;\n}\nfunction doValidation(_ref) {\n  let {\n    extendedCustomContext,\n    ignoreTypes,\n    isModifier,\n    isUpsert,\n    keysToValidate,\n    mongoObject,\n    obj,\n    schema,\n    validationContext\n  } = _ref;\n  // First do some basic checks of the object, and throw errors if necessary\n  if (!obj || typeof obj !== 'object' && typeof obj !== 'function') {\n    throw new Error('The first argument of validate() must be an object');\n  }\n  if (!isModifier && looksLikeModifier(obj)) {\n    throw new Error('When the validation object contains mongo operators, you must set the modifier option to true');\n  }\n  function getFieldInfo(key) {\n    // Create mongoObject if necessary, cache for speed\n    if (!mongoObject) mongoObject = new MongoObject(obj, schema.blackboxKeys());\n    const keyInfo = mongoObject.getInfoForKey(key) || {};\n    return {\n      isSet: keyInfo.value !== undefined,\n      value: keyInfo.value,\n      operator: keyInfo.operator || null\n    };\n  }\n  let validationErrors = [];\n\n  // Validation function called for each affected key\n  function validate(val, affectedKey, affectedKeyGeneric, def, op, isInArrayItemObject, isInSubObject) {\n    // Get the schema for this key, marking invalid if there isn't one.\n    if (!def) {\n      // We don't need KEY_NOT_IN_SCHEMA error for $unset and we also don't need to continue\n      if (op === '$unset' || op === '$currentDate' && affectedKey.endsWith('.$type')) return;\n      validationErrors.push({\n        name: affectedKey,\n        type: SimpleSchema.ErrorTypes.KEY_NOT_IN_SCHEMA,\n        value: val\n      });\n      return;\n    }\n\n    // For $rename, make sure that the new name is allowed by the schema\n    if (op === '$rename' && !schema.allowsKey(val)) {\n      validationErrors.push({\n        name: val,\n        type: SimpleSchema.ErrorTypes.KEY_NOT_IN_SCHEMA,\n        value: null\n      });\n      return;\n    }\n\n    // Prepare the context object for the validator functions\n    const fieldParentNameWithEndDot = getParentOfKey(affectedKey, true);\n    const fieldParentName = fieldParentNameWithEndDot.slice(0, -1);\n    const fieldValidationErrors = [];\n    const validatorContext = _objectSpread({\n      addValidationErrors(errors) {\n        errors.forEach(error => fieldValidationErrors.push(error));\n      },\n      field(fName) {\n        return getFieldInfo(fName);\n      },\n      genericKey: affectedKeyGeneric,\n      isInArrayItemObject,\n      isInSubObject,\n      isModifier,\n      isSet: val !== undefined,\n      key: affectedKey,\n      obj,\n      operator: op,\n      parentField() {\n        return getFieldInfo(fieldParentName);\n      },\n      siblingField(fName) {\n        return getFieldInfo(fieldParentNameWithEndDot + fName);\n      },\n      validationContext,\n      value: val,\n      // Value checks are not necessary for null or undefined values, except\n      // for non-optional null array items, or for $unset or $rename values\n      valueShouldBeChecked: op !== '$unset' && op !== '$rename' && (val !== undefined && val !== null || affectedKeyGeneric.slice(-2) === '.$' && val === null && !def.optional)\n    }, extendedCustomContext || {});\n    const builtInValidators = [requiredValidator, typeValidator, allowedValuesValidator];\n    const validators = builtInValidators.concat(schema._validators).concat(SimpleSchema._validators);\n\n    // Loop through each of the definitions in the SimpleSchemaGroup.\n    // If any return true, we're valid.\n    const fieldIsValid = def.type.some(typeDef => {\n      // If the type is SimpleSchema.Any, then it is valid:\n      if (typeDef === SimpleSchema.Any) return true;\n      const {\n          type\n        } = def,\n        definitionWithoutType = _objectWithoutProperties(def, _excluded); // eslint-disable-line no-unused-vars\n\n      const finalValidatorContext = _objectSpread(_objectSpread({}, validatorContext), {}, {\n        // Take outer definition props like \"optional\" and \"label\"\n        // and add them to inner props like \"type\" and \"min\"\n        definition: _objectSpread(_objectSpread({}, definitionWithoutType), typeDef)\n      });\n\n      // Add custom field validators to the list after the built-in\n      // validators but before the schema and global validators.\n      const fieldValidators = validators.slice(0);\n      if (typeof typeDef.custom === 'function') {\n        fieldValidators.splice(builtInValidators.length, 0, typeDef.custom);\n      }\n\n      // We use _.every just so that we don't continue running more validator\n      // functions after the first one returns false or an error string.\n      return fieldValidators.every(validator => {\n        const result = validator.call(finalValidatorContext);\n\n        // If the validator returns a string, assume it is the\n        // error type.\n        if (typeof result === 'string') {\n          fieldValidationErrors.push({\n            name: affectedKey,\n            type: result,\n            value: val\n          });\n          return false;\n        }\n\n        // If the validator returns an object, assume it is an\n        // error object.\n        if (typeof result === 'object' && result !== null) {\n          fieldValidationErrors.push(_objectSpread({\n            name: affectedKey,\n            value: val\n          }, result));\n          return false;\n        }\n\n        // If the validator returns false, assume they already\n        // called this.addValidationErrors within the function\n        if (result === false) return false;\n\n        // Any other return value we assume means it was valid\n        return true;\n      });\n    });\n    if (!fieldIsValid) {\n      validationErrors = validationErrors.concat(fieldValidationErrors);\n    }\n  }\n\n  // The recursive function\n  function checkObj(_ref2) {\n    let {\n      val,\n      affectedKey,\n      operator,\n      isInArrayItemObject = false,\n      isInSubObject = false\n    } = _ref2;\n    let affectedKeyGeneric;\n    let def;\n    if (affectedKey) {\n      // When we hit a blackbox key, we don't progress any further\n      if (schema.keyIsInBlackBox(affectedKey)) return;\n\n      // Make a generic version of the affected key, and use that\n      // to get the schema for this key.\n      affectedKeyGeneric = MongoObject.makeKeyGeneric(affectedKey);\n      const shouldValidateKey = !keysToValidate || keysToValidate.some(keyToValidate => keyToValidate === affectedKey || keyToValidate === affectedKeyGeneric || affectedKey.startsWith(\"\".concat(keyToValidate, \".\")) || affectedKeyGeneric.startsWith(\"\".concat(keyToValidate, \".\")));\n\n      // Prepare the context object for the rule functions\n      const fieldParentNameWithEndDot = getParentOfKey(affectedKey, true);\n      const fieldParentName = fieldParentNameWithEndDot.slice(0, -1);\n      const functionsContext = _objectSpread({\n        field(fName) {\n          return getFieldInfo(fName);\n        },\n        genericKey: affectedKeyGeneric,\n        isInArrayItemObject,\n        isInSubObject,\n        isModifier,\n        isSet: val !== undefined,\n        key: affectedKey,\n        obj,\n        operator,\n        parentField() {\n          return getFieldInfo(fieldParentName);\n        },\n        siblingField(fName) {\n          return getFieldInfo(fieldParentNameWithEndDot + fName);\n        },\n        validationContext,\n        value: val\n      }, extendedCustomContext || {});\n\n      // Perform validation for this key\n      def = schema.getDefinition(affectedKey, null, functionsContext);\n      if (shouldValidateKey) {\n        validate(val, affectedKey, affectedKeyGeneric, def, operator, isInArrayItemObject, isInSubObject);\n      }\n    }\n\n    // If affectedKeyGeneric is undefined due to this being the first run of this\n    // function, objectKeys will return the top-level keys.\n    const childKeys = schema.objectKeys(affectedKeyGeneric);\n\n    // Temporarily convert missing objects to empty objects\n    // so that the looping code will be called and required\n    // descendent keys can be validated.\n    if ((val === undefined || val === null) && (!def || !def.optional && childKeys && childKeys.length > 0)) {\n      val = {};\n    }\n\n    // Loop through arrays\n    if (Array.isArray(val)) {\n      val.forEach((v, i) => {\n        checkObj({\n          val: v,\n          affectedKey: \"\".concat(affectedKey, \".\").concat(i),\n          operator\n        });\n      });\n    } else if (isObjectWeShouldTraverse(val) && (!def || !schema._blackboxKeys.has(affectedKey))) {\n      // Loop through object keys\n\n      // Get list of present keys\n      const presentKeys = Object.keys(val);\n\n      // If this object is within an array, make sure we check for\n      // required as if it's not a modifier\n      isInArrayItemObject = affectedKeyGeneric && affectedKeyGeneric.slice(-2) === '.$';\n      const checkedKeys = [];\n\n      // Check all present keys plus all keys defined by the schema.\n      // This allows us to detect extra keys not allowed by the schema plus\n      // any missing required keys, and to run any custom functions for other keys.\n      /* eslint-disable no-restricted-syntax */\n      for (const key of [...presentKeys, ...childKeys]) {\n        // `childKeys` and `presentKeys` may contain the same keys, so make\n        // sure we run only once per unique key\n        if (checkedKeys.indexOf(key) !== -1) continue;\n        checkedKeys.push(key);\n        checkObj({\n          val: val[key],\n          affectedKey: appendAffectedKey(affectedKey, key),\n          operator,\n          isInArrayItemObject,\n          isInSubObject: true\n        });\n      }\n      /* eslint-enable no-restricted-syntax */\n    }\n  }\n  function checkModifier(mod) {\n    // Loop through operators\n    Object.keys(mod).forEach(op => {\n      const opObj = mod[op];\n      // If non-operators are mixed in, throw error\n      if (op.slice(0, 1) !== '$') {\n        throw new Error(\"Expected '\".concat(op, \"' to be a modifier operator like '$set'\"));\n      }\n      if (shouldCheck(op)) {\n        // For an upsert, missing props would not be set if an insert is performed,\n        // so we check them all with undefined value to force any 'required' checks to fail\n        if (isUpsert && (op === '$set' || op === '$setOnInsert')) {\n          const presentKeys = Object.keys(opObj);\n          schema.objectKeys().forEach(schemaKey => {\n            if (!presentKeys.includes(schemaKey)) {\n              checkObj({\n                val: undefined,\n                affectedKey: schemaKey,\n                operator: op\n              });\n            }\n          });\n        }\n        // Don't use forEach here because it will not properly handle an\n        // object that has a property named `length`\n        Object.keys(opObj).forEach(k => {\n          let v = opObj[k];\n          if (op === '$push' || op === '$addToSet') {\n            if (typeof v === 'object' && '$each' in v) {\n              v = v.$each;\n            } else {\n              k = \"\".concat(k, \".0\");\n            }\n          }\n          checkObj({\n            val: v,\n            affectedKey: k,\n            operator: op\n          });\n        });\n      }\n    });\n  }\n\n  // Kick off the validation\n  if (isModifier) {\n    checkModifier(obj);\n  } else {\n    checkObj({\n      val: obj\n    });\n  }\n\n  // Custom whole-doc validators\n  const docValidators = schema._docValidators.concat(SimpleSchema._docValidators);\n  const docValidatorContext = _objectSpread({\n    ignoreTypes,\n    isModifier,\n    isUpsert,\n    keysToValidate,\n    mongoObject,\n    obj,\n    schema,\n    validationContext\n  }, extendedCustomContext || {});\n  docValidators.forEach(func => {\n    const errors = func.call(docValidatorContext, obj);\n    if (!Array.isArray(errors)) throw new Error('Custom doc validator must return an array of error objects');\n    if (errors.length) validationErrors = validationErrors.concat(errors);\n  });\n  const addedFieldNames = [];\n  validationErrors = validationErrors.filter(errObj => {\n    // Remove error types the user doesn't care about\n    if (ignoreTypes.includes(errObj.type)) return false;\n    // Make sure there is only one error per fieldName\n    if (addedFieldNames.includes(errObj.name)) return false;\n    addedFieldNames.push(errObj.name);\n    return true;\n  });\n  return validationErrors;\n}\nmodule.exportDefault(doValidation);","map":{"version":3,"names":["_objectWithoutProperties","module","link","default","v","_objectSpread","MongoObject","SimpleSchema","appendAffectedKey","getParentOfKey","looksLikeModifier","isObjectWeShouldTraverse","typeValidator","requiredValidator","allowedValuesValidator","shouldCheck","key","Error","indexOf","doValidation","_ref","extendedCustomContext","ignoreTypes","isModifier","isUpsert","keysToValidate","mongoObject","obj","schema","validationContext","getFieldInfo","blackboxKeys","keyInfo","getInfoForKey","isSet","value","undefined","operator","validationErrors","validate","val","affectedKey","affectedKeyGeneric","def","op","isInArrayItemObject","isInSubObject","endsWith","push","name","type","ErrorTypes","KEY_NOT_IN_SCHEMA","allowsKey","fieldParentNameWithEndDot","fieldParentName","slice","fieldValidationErrors","validatorContext","addValidationErrors","errors","forEach","error","field","fName","genericKey","parentField","siblingField","valueShouldBeChecked","optional","builtInValidators","validators","concat","_validators","fieldIsValid","some","typeDef","Any","definitionWithoutType","_excluded","finalValidatorContext","definition","fieldValidators","custom","splice","length","every","validator","result","call","checkObj","_ref2","keyIsInBlackBox","makeKeyGeneric","shouldValidateKey","keyToValidate","startsWith","functionsContext","getDefinition","childKeys","objectKeys","Array","isArray","i","_blackboxKeys","has","presentKeys","Object","keys","checkedKeys","checkModifier","mod","opObj","schemaKey","includes","k","$each","docValidators","_docValidators","docValidatorContext","func","addedFieldNames","filter","errObj","exportDefault"],"sources":["packages/aldeed:simple-schema/lib/doValidation.js"],"sourcesContent":["import MongoObject from 'mongo-object';\nimport { SimpleSchema } from './SimpleSchema';\nimport {\n  appendAffectedKey,\n  getParentOfKey,\n  looksLikeModifier,\n  isObjectWeShouldTraverse,\n} from './utility';\nimport typeValidator from './validation/typeValidator';\nimport requiredValidator from './validation/requiredValidator';\nimport allowedValuesValidator from './validation/allowedValuesValidator';\n\nfunction shouldCheck(key) {\n  if (key === '$pushAll') throw new Error('$pushAll is not supported; use $push + $each');\n  return ['$pull', '$pullAll', '$pop', '$slice'].indexOf(key) === -1;\n}\n\nfunction doValidation({\n  extendedCustomContext,\n  ignoreTypes,\n  isModifier,\n  isUpsert,\n  keysToValidate,\n  mongoObject,\n  obj,\n  schema,\n  validationContext,\n}) {\n  // First do some basic checks of the object, and throw errors if necessary\n  if (!obj || (typeof obj !== 'object' && typeof obj !== 'function')) {\n    throw new Error('The first argument of validate() must be an object');\n  }\n\n  if (!isModifier && looksLikeModifier(obj)) {\n    throw new Error('When the validation object contains mongo operators, you must set the modifier option to true');\n  }\n\n  function getFieldInfo(key) {\n    // Create mongoObject if necessary, cache for speed\n    if (!mongoObject) mongoObject = new MongoObject(obj, schema.blackboxKeys());\n\n    const keyInfo = mongoObject.getInfoForKey(key) || {};\n    return {\n      isSet: (keyInfo.value !== undefined),\n      value: keyInfo.value,\n      operator: keyInfo.operator || null,\n    };\n  }\n\n  let validationErrors = [];\n\n  // Validation function called for each affected key\n  function validate(val, affectedKey, affectedKeyGeneric, def, op, isInArrayItemObject, isInSubObject) {\n    // Get the schema for this key, marking invalid if there isn't one.\n    if (!def) {\n      // We don't need KEY_NOT_IN_SCHEMA error for $unset and we also don't need to continue\n      if (op === '$unset' || (op === '$currentDate' && affectedKey.endsWith('.$type'))) return;\n\n      validationErrors.push({\n        name: affectedKey,\n        type: SimpleSchema.ErrorTypes.KEY_NOT_IN_SCHEMA,\n        value: val,\n      });\n      return;\n    }\n\n    // For $rename, make sure that the new name is allowed by the schema\n    if (op === '$rename' && !schema.allowsKey(val)) {\n      validationErrors.push({\n        name: val,\n        type: SimpleSchema.ErrorTypes.KEY_NOT_IN_SCHEMA,\n        value: null,\n      });\n      return;\n    }\n\n    // Prepare the context object for the validator functions\n    const fieldParentNameWithEndDot = getParentOfKey(affectedKey, true);\n    const fieldParentName = fieldParentNameWithEndDot.slice(0, -1);\n\n    const fieldValidationErrors = [];\n\n    const validatorContext = {\n      addValidationErrors(errors) {\n        errors.forEach((error) => fieldValidationErrors.push(error));\n      },\n      field(fName) {\n        return getFieldInfo(fName);\n      },\n      genericKey: affectedKeyGeneric,\n      isInArrayItemObject,\n      isInSubObject,\n      isModifier,\n      isSet: (val !== undefined),\n      key: affectedKey,\n      obj,\n      operator: op,\n      parentField() {\n        return getFieldInfo(fieldParentName);\n      },\n      siblingField(fName) {\n        return getFieldInfo(fieldParentNameWithEndDot + fName);\n      },\n      validationContext,\n      value: val,\n      // Value checks are not necessary for null or undefined values, except\n      // for non-optional null array items, or for $unset or $rename values\n      valueShouldBeChecked: (\n        op !== '$unset' && op !== '$rename'\n        && ((val !== undefined && val !== null) || (affectedKeyGeneric.slice(-2) === '.$' && val === null && !def.optional))\n      ),\n      ...(extendedCustomContext || {}),\n    };\n\n    const builtInValidators = [\n      requiredValidator,\n      typeValidator,\n      allowedValuesValidator,\n    ];\n    const validators = builtInValidators\n      .concat(schema._validators)\n      .concat(SimpleSchema._validators);\n\n    // Loop through each of the definitions in the SimpleSchemaGroup.\n    // If any return true, we're valid.\n    const fieldIsValid = def.type.some((typeDef) => {\n      // If the type is SimpleSchema.Any, then it is valid:\n      if (typeDef === SimpleSchema.Any) return true;\n\n      const { type, ...definitionWithoutType } = def; // eslint-disable-line no-unused-vars\n\n      const finalValidatorContext = {\n        ...validatorContext,\n\n        // Take outer definition props like \"optional\" and \"label\"\n        // and add them to inner props like \"type\" and \"min\"\n        definition: {\n          ...definitionWithoutType,\n          ...typeDef,\n        },\n      };\n\n      // Add custom field validators to the list after the built-in\n      // validators but before the schema and global validators.\n      const fieldValidators = validators.slice(0);\n      if (typeof typeDef.custom === 'function') {\n        fieldValidators.splice(builtInValidators.length, 0, typeDef.custom);\n      }\n\n      // We use _.every just so that we don't continue running more validator\n      // functions after the first one returns false or an error string.\n      return fieldValidators.every((validator) => {\n        const result = validator.call(finalValidatorContext);\n\n        // If the validator returns a string, assume it is the\n        // error type.\n        if (typeof result === 'string') {\n          fieldValidationErrors.push({\n            name: affectedKey,\n            type: result,\n            value: val,\n          });\n          return false;\n        }\n\n        // If the validator returns an object, assume it is an\n        // error object.\n        if (typeof result === 'object' && result !== null) {\n          fieldValidationErrors.push({\n            name: affectedKey,\n            value: val,\n            ...result,\n          });\n          return false;\n        }\n\n        // If the validator returns false, assume they already\n        // called this.addValidationErrors within the function\n        if (result === false) return false;\n\n        // Any other return value we assume means it was valid\n        return true;\n      });\n    });\n\n    if (!fieldIsValid) {\n      validationErrors = validationErrors.concat(fieldValidationErrors);\n    }\n  }\n\n  // The recursive function\n  function checkObj({\n    val,\n    affectedKey,\n    operator,\n    isInArrayItemObject = false,\n    isInSubObject = false,\n  }) {\n    let affectedKeyGeneric;\n    let def;\n\n    if (affectedKey) {\n      // When we hit a blackbox key, we don't progress any further\n      if (schema.keyIsInBlackBox(affectedKey)) return;\n\n      // Make a generic version of the affected key, and use that\n      // to get the schema for this key.\n      affectedKeyGeneric = MongoObject.makeKeyGeneric(affectedKey);\n\n      const shouldValidateKey = !keysToValidate || keysToValidate.some((keyToValidate) => (\n        keyToValidate === affectedKey\n        || keyToValidate === affectedKeyGeneric\n        || affectedKey.startsWith(`${keyToValidate}.`)\n        || affectedKeyGeneric.startsWith(`${keyToValidate}.`)\n      ));\n\n      // Prepare the context object for the rule functions\n      const fieldParentNameWithEndDot = getParentOfKey(affectedKey, true);\n      const fieldParentName = fieldParentNameWithEndDot.slice(0, -1);\n\n      const functionsContext = {\n        field(fName) {\n          return getFieldInfo(fName);\n        },\n        genericKey: affectedKeyGeneric,\n        isInArrayItemObject,\n        isInSubObject,\n        isModifier,\n        isSet: (val !== undefined),\n        key: affectedKey,\n        obj,\n        operator,\n        parentField() {\n          return getFieldInfo(fieldParentName);\n        },\n        siblingField(fName) {\n          return getFieldInfo(fieldParentNameWithEndDot + fName);\n        },\n        validationContext,\n        value: val,\n        ...(extendedCustomContext || {}),\n      };\n\n      // Perform validation for this key\n      def = schema.getDefinition(affectedKey, null, functionsContext);\n      if (shouldValidateKey) {\n        validate(val, affectedKey, affectedKeyGeneric, def, operator, isInArrayItemObject, isInSubObject);\n      }\n    }\n\n    // If affectedKeyGeneric is undefined due to this being the first run of this\n    // function, objectKeys will return the top-level keys.\n    const childKeys = schema.objectKeys(affectedKeyGeneric);\n\n    // Temporarily convert missing objects to empty objects\n    // so that the looping code will be called and required\n    // descendent keys can be validated.\n    if ((val === undefined || val === null) && (!def || (!def.optional && childKeys && childKeys.length > 0))) {\n      val = {};\n    }\n\n    // Loop through arrays\n    if (Array.isArray(val)) {\n      val.forEach((v, i) => {\n        checkObj({\n          val: v,\n          affectedKey: `${affectedKey}.${i}`,\n          operator,\n        });\n      });\n    } else if (isObjectWeShouldTraverse(val) && (!def || !schema._blackboxKeys.has(affectedKey))) {\n      // Loop through object keys\n\n      // Get list of present keys\n      const presentKeys = Object.keys(val);\n\n      // If this object is within an array, make sure we check for\n      // required as if it's not a modifier\n      isInArrayItemObject = (affectedKeyGeneric && affectedKeyGeneric.slice(-2) === '.$');\n\n      const checkedKeys = [];\n\n      // Check all present keys plus all keys defined by the schema.\n      // This allows us to detect extra keys not allowed by the schema plus\n      // any missing required keys, and to run any custom functions for other keys.\n      /* eslint-disable no-restricted-syntax */\n      for (const key of [...presentKeys, ...childKeys]) {\n        // `childKeys` and `presentKeys` may contain the same keys, so make\n        // sure we run only once per unique key\n        if (checkedKeys.indexOf(key) !== -1) continue;\n        checkedKeys.push(key);\n\n        checkObj({\n          val: val[key],\n          affectedKey: appendAffectedKey(affectedKey, key),\n          operator,\n          isInArrayItemObject,\n          isInSubObject: true,\n        });\n      }\n      /* eslint-enable no-restricted-syntax */\n    }\n  }\n\n  function checkModifier(mod) {\n    // Loop through operators\n    Object.keys(mod).forEach((op) => {\n      const opObj = mod[op];\n      // If non-operators are mixed in, throw error\n      if (op.slice(0, 1) !== '$') {\n        throw new Error(`Expected '${op}' to be a modifier operator like '$set'`);\n      }\n      if (shouldCheck(op)) {\n        // For an upsert, missing props would not be set if an insert is performed,\n        // so we check them all with undefined value to force any 'required' checks to fail\n        if (isUpsert && (op === '$set' || op === '$setOnInsert')) {\n          const presentKeys = Object.keys(opObj);\n          schema.objectKeys().forEach((schemaKey) => {\n            if (!presentKeys.includes(schemaKey)) {\n              checkObj({\n                val: undefined,\n                affectedKey: schemaKey,\n                operator: op,\n              });\n            }\n          });\n        }\n        // Don't use forEach here because it will not properly handle an\n        // object that has a property named `length`\n        Object.keys(opObj).forEach((k) => {\n          let v = opObj[k];\n          if (op === '$push' || op === '$addToSet') {\n            if (typeof v === 'object' && '$each' in v) {\n              v = v.$each;\n            } else {\n              k = `${k}.0`;\n            }\n          }\n          checkObj({\n            val: v,\n            affectedKey: k,\n            operator: op,\n          });\n        });\n      }\n    });\n  }\n\n  // Kick off the validation\n  if (isModifier) {\n    checkModifier(obj);\n  } else {\n    checkObj({ val: obj });\n  }\n\n  // Custom whole-doc validators\n  const docValidators = schema._docValidators.concat(SimpleSchema._docValidators);\n  const docValidatorContext = {\n    ignoreTypes,\n    isModifier,\n    isUpsert,\n    keysToValidate,\n    mongoObject,\n    obj,\n    schema,\n    validationContext,\n    ...(extendedCustomContext || {}),\n  };\n  docValidators.forEach((func) => {\n    const errors = func.call(docValidatorContext, obj);\n    if (!Array.isArray(errors)) throw new Error('Custom doc validator must return an array of error objects');\n    if (errors.length) validationErrors = validationErrors.concat(errors);\n  });\n\n  const addedFieldNames = [];\n  validationErrors = validationErrors.filter((errObj) => {\n    // Remove error types the user doesn't care about\n    if (ignoreTypes.includes(errObj.type)) return false;\n    // Make sure there is only one error per fieldName\n    if (addedFieldNames.includes(errObj.name)) return false;\n\n    addedFieldNames.push(errObj.name);\n    return true;\n  });\n  return validationErrors;\n}\n\nexport default doValidation;\n"],"mappings":";AAAA,IAAIA,wBAAwB;AAACC,MAAM,CAACC,IAAI,CAAC,gDAAgD,EAAC;EAACC,OAAOA,CAACC,CAAC,EAAC;IAACJ,wBAAwB,GAACI,CAAC;EAAA;AAAC,CAAC,EAAC,CAAC,CAAC;AAAC,IAAIC,aAAa;AAACJ,MAAM,CAACC,IAAI,CAAC,sCAAsC,EAAC;EAACC,OAAOA,CAACC,CAAC,EAAC;IAACC,aAAa,GAACD,CAAC;EAAA;AAAC,CAAC,EAAC,CAAC,CAAC;AAA3O,IAAIE,WAAW;AAACL,MAAM,CAACC,IAAI,CAAC,cAAc,EAAC;EAACC,OAAOA,CAACC,CAAC,EAAC;IAACE,WAAW,GAACF,CAAC;EAAA;AAAC,CAAC,EAAC,CAAC,CAAC;AAAC,IAAIG,YAAY;AAACN,MAAM,CAACC,IAAI,CAAC,gBAAgB,EAAC;EAACK,YAAYA,CAACH,CAAC,EAAC;IAACG,YAAY,GAACH,CAAC;EAAA;AAAC,CAAC,EAAC,CAAC,CAAC;AAAC,IAAII,iBAAiB,EAACC,cAAc,EAACC,iBAAiB,EAACC,wBAAwB;AAACV,MAAM,CAACC,IAAI,CAAC,WAAW,EAAC;EAACM,iBAAiBA,CAACJ,CAAC,EAAC;IAACI,iBAAiB,GAACJ,CAAC;EAAA,CAAC;EAACK,cAAcA,CAACL,CAAC,EAAC;IAACK,cAAc,GAACL,CAAC;EAAA,CAAC;EAACM,iBAAiBA,CAACN,CAAC,EAAC;IAACM,iBAAiB,GAACN,CAAC;EAAA,CAAC;EAACO,wBAAwBA,CAACP,CAAC,EAAC;IAACO,wBAAwB,GAACP,CAAC;EAAA;AAAC,CAAC,EAAC,CAAC,CAAC;AAAC,IAAIQ,aAAa;AAACX,MAAM,CAACC,IAAI,CAAC,4BAA4B,EAAC;EAACC,OAAOA,CAACC,CAAC,EAAC;IAACQ,aAAa,GAACR,CAAC;EAAA;AAAC,CAAC,EAAC,CAAC,CAAC;AAAC,IAAIS,iBAAiB;AAACZ,MAAM,CAACC,IAAI,CAAC,gCAAgC,EAAC;EAACC,OAAOA,CAACC,CAAC,EAAC;IAACS,iBAAiB,GAACT,CAAC;EAAA;AAAC,CAAC,EAAC,CAAC,CAAC;AAAC,IAAIU,sBAAsB;AAACb,MAAM,CAACC,IAAI,CAAC,qCAAqC,EAAC;EAACC,OAAOA,CAACC,CAAC,EAAC;IAACU,sBAAsB,GAACV,CAAC;EAAA;AAAC,CAAC,EAAC,CAAC,CAAC;AAYpvB,SAASW,WAAWA,CAACC,GAAG,EAAE;EACxB,IAAIA,GAAG,KAAK,UAAU,EAAE,MAAM,IAAIC,KAAK,CAAC,8CAA8C,CAAC;EACvF,OAAO,CAAC,OAAO,EAAE,UAAU,EAAE,MAAM,EAAE,QAAQ,CAAC,CAACC,OAAO,CAACF,GAAG,CAAC,KAAK,CAAC,CAAC;AACpE;AAEA,SAASG,YAAYA,CAAAC,IAAA,EAUlB;EAAA,IAVmB;IACpBC,qBAAqB;IACrBC,WAAW;IACXC,UAAU;IACVC,QAAQ;IACRC,cAAc;IACdC,WAAW;IACXC,GAAG;IACHC,MAAM;IACNC;EACF,CAAC,GAAAT,IAAA;EACC;EACA,IAAI,CAACO,GAAG,IAAK,OAAOA,GAAG,KAAK,QAAQ,IAAI,OAAOA,GAAG,KAAK,UAAW,EAAE;IAClE,MAAM,IAAIV,KAAK,CAAC,oDAAoD,CAAC;EACvE;EAEA,IAAI,CAACM,UAAU,IAAIb,iBAAiB,CAACiB,GAAG,CAAC,EAAE;IACzC,MAAM,IAAIV,KAAK,CAAC,+FAA+F,CAAC;EAClH;EAEA,SAASa,YAAYA,CAACd,GAAG,EAAE;IACzB;IACA,IAAI,CAACU,WAAW,EAAEA,WAAW,GAAG,IAAIpB,WAAW,CAACqB,GAAG,EAAEC,MAAM,CAACG,YAAY,CAAC,CAAC,CAAC;IAE3E,MAAMC,OAAO,GAAGN,WAAW,CAACO,aAAa,CAACjB,GAAG,CAAC,IAAI,CAAC,CAAC;IACpD,OAAO;MACLkB,KAAK,EAAGF,OAAO,CAACG,KAAK,KAAKC,SAAU;MACpCD,KAAK,EAAEH,OAAO,CAACG,KAAK;MACpBE,QAAQ,EAAEL,OAAO,CAACK,QAAQ,IAAI;IAChC,CAAC;EACH;EAEA,IAAIC,gBAAgB,GAAG,EAAE;;EAEzB;EACA,SAASC,QAAQA,CAACC,GAAG,EAAEC,WAAW,EAAEC,kBAAkB,EAAEC,GAAG,EAAEC,EAAE,EAAEC,mBAAmB,EAAEC,aAAa,EAAE;IACnG;IACA,IAAI,CAACH,GAAG,EAAE;MACR;MACA,IAAIC,EAAE,KAAK,QAAQ,IAAKA,EAAE,KAAK,cAAc,IAAIH,WAAW,CAACM,QAAQ,CAAC,QAAQ,CAAE,EAAE;MAElFT,gBAAgB,CAACU,IAAI,CAAC;QACpBC,IAAI,EAAER,WAAW;QACjBS,IAAI,EAAE3C,YAAY,CAAC4C,UAAU,CAACC,iBAAiB;QAC/CjB,KAAK,EAAEK;MACT,CAAC,CAAC;MACF;IACF;;IAEA;IACA,IAAII,EAAE,KAAK,SAAS,IAAI,CAAChB,MAAM,CAACyB,SAAS,CAACb,GAAG,CAAC,EAAE;MAC9CF,gBAAgB,CAACU,IAAI,CAAC;QACpBC,IAAI,EAAET,GAAG;QACTU,IAAI,EAAE3C,YAAY,CAAC4C,UAAU,CAACC,iBAAiB;QAC/CjB,KAAK,EAAE;MACT,CAAC,CAAC;MACF;IACF;;IAEA;IACA,MAAMmB,yBAAyB,GAAG7C,cAAc,CAACgC,WAAW,EAAE,IAAI,CAAC;IACnE,MAAMc,eAAe,GAAGD,yBAAyB,CAACE,KAAK,CAAC,CAAC,EAAE,CAAC,CAAC,CAAC;IAE9D,MAAMC,qBAAqB,GAAG,EAAE;IAEhC,MAAMC,gBAAgB,GAAArD,aAAA;MACpBsD,mBAAmBA,CAACC,MAAM,EAAE;QAC1BA,MAAM,CAACC,OAAO,CAAEC,KAAK,IAAKL,qBAAqB,CAACT,IAAI,CAACc,KAAK,CAAC,CAAC;MAC9D,CAAC;MACDC,KAAKA,CAACC,KAAK,EAAE;QACX,OAAOlC,YAAY,CAACkC,KAAK,CAAC;MAC5B,CAAC;MACDC,UAAU,EAAEvB,kBAAkB;MAC9BG,mBAAmB;MACnBC,aAAa;MACbvB,UAAU;MACVW,KAAK,EAAGM,GAAG,KAAKJ,SAAU;MAC1BpB,GAAG,EAAEyB,WAAW;MAChBd,GAAG;MACHU,QAAQ,EAAEO,EAAE;MACZsB,WAAWA,CAAA,EAAG;QACZ,OAAOpC,YAAY,CAACyB,eAAe,CAAC;MACtC,CAAC;MACDY,YAAYA,CAACH,KAAK,EAAE;QAClB,OAAOlC,YAAY,CAACwB,yBAAyB,GAAGU,KAAK,CAAC;MACxD,CAAC;MACDnC,iBAAiB;MACjBM,KAAK,EAAEK,GAAG;MACV;MACA;MACA4B,oBAAoB,EAClBxB,EAAE,KAAK,QAAQ,IAAIA,EAAE,KAAK,SAAS,KAC9BJ,GAAG,KAAKJ,SAAS,IAAII,GAAG,KAAK,IAAI,IAAME,kBAAkB,CAACc,KAAK,CAAC,CAAC,CAAC,CAAC,KAAK,IAAI,IAAIhB,GAAG,KAAK,IAAI,IAAI,CAACG,GAAG,CAAC0B,QAAS;IACpH,GACGhD,qBAAqB,IAAI,CAAC,CAAC,CAChC;IAED,MAAMiD,iBAAiB,GAAG,CACxBzD,iBAAiB,EACjBD,aAAa,EACbE,sBAAsB,CACvB;IACD,MAAMyD,UAAU,GAAGD,iBAAiB,CACjCE,MAAM,CAAC5C,MAAM,CAAC6C,WAAW,CAAC,CAC1BD,MAAM,CAACjE,YAAY,CAACkE,WAAW,CAAC;;IAEnC;IACA;IACA,MAAMC,YAAY,GAAG/B,GAAG,CAACO,IAAI,CAACyB,IAAI,CAAEC,OAAO,IAAK;MAC9C;MACA,IAAIA,OAAO,KAAKrE,YAAY,CAACsE,GAAG,EAAE,OAAO,IAAI;MAE7C,MAAM;UAAE3B;QAA+B,CAAC,GAAGP,GAAG;QAA7BmC,qBAAqB,GAAA9E,wBAAA,CAAK2C,GAAG,EAAAoC,SAAA,EAAC,CAAC;;MAEhD,MAAMC,qBAAqB,GAAA3E,aAAA,CAAAA,aAAA,KACtBqD,gBAAgB;QAEnB;QACA;QACAuB,UAAU,EAAA5E,aAAA,CAAAA,aAAA,KACLyE,qBAAqB,GACrBF,OAAO;MACX,EACF;;MAED;MACA;MACA,MAAMM,eAAe,GAAGX,UAAU,CAACf,KAAK,CAAC,CAAC,CAAC;MAC3C,IAAI,OAAOoB,OAAO,CAACO,MAAM,KAAK,UAAU,EAAE;QACxCD,eAAe,CAACE,MAAM,CAACd,iBAAiB,CAACe,MAAM,EAAE,CAAC,EAAET,OAAO,CAACO,MAAM,CAAC;MACrE;;MAEA;MACA;MACA,OAAOD,eAAe,CAACI,KAAK,CAAEC,SAAS,IAAK;QAC1C,MAAMC,MAAM,GAAGD,SAAS,CAACE,IAAI,CAACT,qBAAqB,CAAC;;QAEpD;QACA;QACA,IAAI,OAAOQ,MAAM,KAAK,QAAQ,EAAE;UAC9B/B,qBAAqB,CAACT,IAAI,CAAC;YACzBC,IAAI,EAAER,WAAW;YACjBS,IAAI,EAAEsC,MAAM;YACZrD,KAAK,EAAEK;UACT,CAAC,CAAC;UACF,OAAO,KAAK;QACd;;QAEA;QACA;QACA,IAAI,OAAOgD,MAAM,KAAK,QAAQ,IAAIA,MAAM,KAAK,IAAI,EAAE;UACjD/B,qBAAqB,CAACT,IAAI,CAAA3C,aAAA;YACxB4C,IAAI,EAAER,WAAW;YACjBN,KAAK,EAAEK;UAAG,GACPgD,MAAM,CACV,CAAC;UACF,OAAO,KAAK;QACd;;QAEA;QACA;QACA,IAAIA,MAAM,KAAK,KAAK,EAAE,OAAO,KAAK;;QAElC;QACA,OAAO,IAAI;MACb,CAAC,CAAC;IACJ,CAAC,CAAC;IAEF,IAAI,CAACd,YAAY,EAAE;MACjBpC,gBAAgB,GAAGA,gBAAgB,CAACkC,MAAM,CAACf,qBAAqB,CAAC;IACnE;EACF;;EAEA;EACA,SAASiC,QAAQA,CAAAC,KAAA,EAMd;IAAA,IANe;MAChBnD,GAAG;MACHC,WAAW;MACXJ,QAAQ;MACRQ,mBAAmB,GAAG,KAAK;MAC3BC,aAAa,GAAG;IAClB,CAAC,GAAA6C,KAAA;IACC,IAAIjD,kBAAkB;IACtB,IAAIC,GAAG;IAEP,IAAIF,WAAW,EAAE;MACf;MACA,IAAIb,MAAM,CAACgE,eAAe,CAACnD,WAAW,CAAC,EAAE;;MAEzC;MACA;MACAC,kBAAkB,GAAGpC,WAAW,CAACuF,cAAc,CAACpD,WAAW,CAAC;MAE5D,MAAMqD,iBAAiB,GAAG,CAACrE,cAAc,IAAIA,cAAc,CAACkD,IAAI,CAAEoB,aAAa,IAC7EA,aAAa,KAAKtD,WAAW,IAC1BsD,aAAa,KAAKrD,kBAAkB,IACpCD,WAAW,CAACuD,UAAU,IAAAxB,MAAA,CAAIuB,aAAa,MAAG,CAAC,IAC3CrD,kBAAkB,CAACsD,UAAU,IAAAxB,MAAA,CAAIuB,aAAa,MAAG,CACrD,CAAC;;MAEF;MACA,MAAMzC,yBAAyB,GAAG7C,cAAc,CAACgC,WAAW,EAAE,IAAI,CAAC;MACnE,MAAMc,eAAe,GAAGD,yBAAyB,CAACE,KAAK,CAAC,CAAC,EAAE,CAAC,CAAC,CAAC;MAE9D,MAAMyC,gBAAgB,GAAA5F,aAAA;QACpB0D,KAAKA,CAACC,KAAK,EAAE;UACX,OAAOlC,YAAY,CAACkC,KAAK,CAAC;QAC5B,CAAC;QACDC,UAAU,EAAEvB,kBAAkB;QAC9BG,mBAAmB;QACnBC,aAAa;QACbvB,UAAU;QACVW,KAAK,EAAGM,GAAG,KAAKJ,SAAU;QAC1BpB,GAAG,EAAEyB,WAAW;QAChBd,GAAG;QACHU,QAAQ;QACR6B,WAAWA,CAAA,EAAG;UACZ,OAAOpC,YAAY,CAACyB,eAAe,CAAC;QACtC,CAAC;QACDY,YAAYA,CAACH,KAAK,EAAE;UAClB,OAAOlC,YAAY,CAACwB,yBAAyB,GAAGU,KAAK,CAAC;QACxD,CAAC;QACDnC,iBAAiB;QACjBM,KAAK,EAAEK;MAAG,GACNnB,qBAAqB,IAAI,CAAC,CAAC,CAChC;;MAED;MACAsB,GAAG,GAAGf,MAAM,CAACsE,aAAa,CAACzD,WAAW,EAAE,IAAI,EAAEwD,gBAAgB,CAAC;MAC/D,IAAIH,iBAAiB,EAAE;QACrBvD,QAAQ,CAACC,GAAG,EAAEC,WAAW,EAAEC,kBAAkB,EAAEC,GAAG,EAAEN,QAAQ,EAAEQ,mBAAmB,EAAEC,aAAa,CAAC;MACnG;IACF;;IAEA;IACA;IACA,MAAMqD,SAAS,GAAGvE,MAAM,CAACwE,UAAU,CAAC1D,kBAAkB,CAAC;;IAEvD;IACA;IACA;IACA,IAAI,CAACF,GAAG,KAAKJ,SAAS,IAAII,GAAG,KAAK,IAAI,MAAM,CAACG,GAAG,IAAK,CAACA,GAAG,CAAC0B,QAAQ,IAAI8B,SAAS,IAAIA,SAAS,CAACd,MAAM,GAAG,CAAE,CAAC,EAAE;MACzG7C,GAAG,GAAG,CAAC,CAAC;IACV;;IAEA;IACA,IAAI6D,KAAK,CAACC,OAAO,CAAC9D,GAAG,CAAC,EAAE;MACtBA,GAAG,CAACqB,OAAO,CAAC,CAACzD,CAAC,EAAEmG,CAAC,KAAK;QACpBb,QAAQ,CAAC;UACPlD,GAAG,EAAEpC,CAAC;UACNqC,WAAW,KAAA+B,MAAA,CAAK/B,WAAW,OAAA+B,MAAA,CAAI+B,CAAC,CAAE;UAClClE;QACF,CAAC,CAAC;MACJ,CAAC,CAAC;IACJ,CAAC,MAAM,IAAI1B,wBAAwB,CAAC6B,GAAG,CAAC,KAAK,CAACG,GAAG,IAAI,CAACf,MAAM,CAAC4E,aAAa,CAACC,GAAG,CAAChE,WAAW,CAAC,CAAC,EAAE;MAC5F;;MAEA;MACA,MAAMiE,WAAW,GAAGC,MAAM,CAACC,IAAI,CAACpE,GAAG,CAAC;;MAEpC;MACA;MACAK,mBAAmB,GAAIH,kBAAkB,IAAIA,kBAAkB,CAACc,KAAK,CAAC,CAAC,CAAC,CAAC,KAAK,IAAK;MAEnF,MAAMqD,WAAW,GAAG,EAAE;;MAEtB;MACA;MACA;MACA;MACA,KAAK,MAAM7F,GAAG,IAAI,CAAC,GAAG0F,WAAW,EAAE,GAAGP,SAAS,CAAC,EAAE;QAChD;QACA;QACA,IAAIU,WAAW,CAAC3F,OAAO,CAACF,GAAG,CAAC,KAAK,CAAC,CAAC,EAAE;QACrC6F,WAAW,CAAC7D,IAAI,CAAChC,GAAG,CAAC;QAErB0E,QAAQ,CAAC;UACPlD,GAAG,EAAEA,GAAG,CAACxB,GAAG,CAAC;UACbyB,WAAW,EAAEjC,iBAAiB,CAACiC,WAAW,EAAEzB,GAAG,CAAC;UAChDqB,QAAQ;UACRQ,mBAAmB;UACnBC,aAAa,EAAE;QACjB,CAAC,CAAC;MACJ;MACA;IACF;EACF;EAEA,SAASgE,aAAaA,CAACC,GAAG,EAAE;IAC1B;IACAJ,MAAM,CAACC,IAAI,CAACG,GAAG,CAAC,CAAClD,OAAO,CAAEjB,EAAE,IAAK;MAC/B,MAAMoE,KAAK,GAAGD,GAAG,CAACnE,EAAE,CAAC;MACrB;MACA,IAAIA,EAAE,CAACY,KAAK,CAAC,CAAC,EAAE,CAAC,CAAC,KAAK,GAAG,EAAE;QAC1B,MAAM,IAAIvC,KAAK,cAAAuD,MAAA,CAAc5B,EAAE,4CAAyC,CAAC;MAC3E;MACA,IAAI7B,WAAW,CAAC6B,EAAE,CAAC,EAAE;QACnB;QACA;QACA,IAAIpB,QAAQ,KAAKoB,EAAE,KAAK,MAAM,IAAIA,EAAE,KAAK,cAAc,CAAC,EAAE;UACxD,MAAM8D,WAAW,GAAGC,MAAM,CAACC,IAAI,CAACI,KAAK,CAAC;UACtCpF,MAAM,CAACwE,UAAU,CAAC,CAAC,CAACvC,OAAO,CAAEoD,SAAS,IAAK;YACzC,IAAI,CAACP,WAAW,CAACQ,QAAQ,CAACD,SAAS,CAAC,EAAE;cACpCvB,QAAQ,CAAC;gBACPlD,GAAG,EAAEJ,SAAS;gBACdK,WAAW,EAAEwE,SAAS;gBACtB5E,QAAQ,EAAEO;cACZ,CAAC,CAAC;YACJ;UACF,CAAC,CAAC;QACJ;QACA;QACA;QACA+D,MAAM,CAACC,IAAI,CAACI,KAAK,CAAC,CAACnD,OAAO,CAAEsD,CAAC,IAAK;UAChC,IAAI/G,CAAC,GAAG4G,KAAK,CAACG,CAAC,CAAC;UAChB,IAAIvE,EAAE,KAAK,OAAO,IAAIA,EAAE,KAAK,WAAW,EAAE;YACxC,IAAI,OAAOxC,CAAC,KAAK,QAAQ,IAAI,OAAO,IAAIA,CAAC,EAAE;cACzCA,CAAC,GAAGA,CAAC,CAACgH,KAAK;YACb,CAAC,MAAM;cACLD,CAAC,MAAA3C,MAAA,CAAM2C,CAAC,OAAI;YACd;UACF;UACAzB,QAAQ,CAAC;YACPlD,GAAG,EAAEpC,CAAC;YACNqC,WAAW,EAAE0E,CAAC;YACd9E,QAAQ,EAAEO;UACZ,CAAC,CAAC;QACJ,CAAC,CAAC;MACJ;IACF,CAAC,CAAC;EACJ;;EAEA;EACA,IAAIrB,UAAU,EAAE;IACduF,aAAa,CAACnF,GAAG,CAAC;EACpB,CAAC,MAAM;IACL+D,QAAQ,CAAC;MAAElD,GAAG,EAAEb;IAAI,CAAC,CAAC;EACxB;;EAEA;EACA,MAAM0F,aAAa,GAAGzF,MAAM,CAAC0F,cAAc,CAAC9C,MAAM,CAACjE,YAAY,CAAC+G,cAAc,CAAC;EAC/E,MAAMC,mBAAmB,GAAAlH,aAAA;IACvBiB,WAAW;IACXC,UAAU;IACVC,QAAQ;IACRC,cAAc;IACdC,WAAW;IACXC,GAAG;IACHC,MAAM;IACNC;EAAiB,GACbR,qBAAqB,IAAI,CAAC,CAAC,CAChC;EACDgG,aAAa,CAACxD,OAAO,CAAE2D,IAAI,IAAK;IAC9B,MAAM5D,MAAM,GAAG4D,IAAI,CAAC/B,IAAI,CAAC8B,mBAAmB,EAAE5F,GAAG,CAAC;IAClD,IAAI,CAAC0E,KAAK,CAACC,OAAO,CAAC1C,MAAM,CAAC,EAAE,MAAM,IAAI3C,KAAK,CAAC,4DAA4D,CAAC;IACzG,IAAI2C,MAAM,CAACyB,MAAM,EAAE/C,gBAAgB,GAAGA,gBAAgB,CAACkC,MAAM,CAACZ,MAAM,CAAC;EACvE,CAAC,CAAC;EAEF,MAAM6D,eAAe,GAAG,EAAE;EAC1BnF,gBAAgB,GAAGA,gBAAgB,CAACoF,MAAM,CAAEC,MAAM,IAAK;IACrD;IACA,IAAIrG,WAAW,CAAC4F,QAAQ,CAACS,MAAM,CAACzE,IAAI,CAAC,EAAE,OAAO,KAAK;IACnD;IACA,IAAIuE,eAAe,CAACP,QAAQ,CAACS,MAAM,CAAC1E,IAAI,CAAC,EAAE,OAAO,KAAK;IAEvDwE,eAAe,CAACzE,IAAI,CAAC2E,MAAM,CAAC1E,IAAI,CAAC;IACjC,OAAO,IAAI;EACb,CAAC,CAAC;EACF,OAAOX,gBAAgB;AACzB;AAjYArC,MAAM,CAAC2H,aAAa,CAmYLzG,YAnYS,CAAC"},"sourceType":"module","externalDependencies":{},"hash":"4bee8d90c2321656974a9cff7616b86cdb3ae7d6"}
