{"metadata":{},"options":{"assumptions":{},"compact":false,"sourceMaps":true,"ast":true,"babelrc":false,"configFile":false,"parserOpts":{"sourceType":"module","sourceFileName":"D:\\loan_app\\loan-management\\packages\\random\\main_client.js","plugins":["*","flow","jsx","asyncGenerators","bigInt","classPrivateMethods","classPrivateProperties","classProperties","doExpressions","dynamicImport","exportDefaultFrom","exportExtensions","exportNamespaceFrom","functionBind","functionSent","importMeta","nullishCoalescingOperator","numericSeparator","objectRestSpread","optionalCatchBinding","optionalChaining",["pipelineOperator",{"proposal":"minimal"}],"throwExpressions","classProperties","classPrivateProperties","jsx","nullishCoalescingOperator","nullishCoalescingOperator","optionalChaining","optionalChaining","optionalCatchBinding","optionalCatchBinding","classProperties","classPrivateProperties","classPrivateMethods","classProperties","classPrivateProperties","asyncGenerators","asyncGenerators","objectRestSpread","objectRestSpread","logicalAssignment"],"allowImportExportEverywhere":true,"allowReturnOutsideFunction":true,"allowUndeclaredExports":true,"strictMode":false},"caller":{"name":"meteor","arch":"web.browser"},"sourceFileName":"packages/random/main_client.js","filename":"D:\\loan_app\\loan-management\\packages\\random\\main_client.js","targets":{},"cloneInputAst":true,"browserslistConfigFile":false,"passPerPreset":false,"envName":"development","cwd":"D:\\loan_app\\loan-management","root":"D:\\loan_app\\loan-management","rootMode":"root","plugins":[{"key":"base$0","visitor":{"_exploded":true,"_verified":true},"options":{},"externalDependencies":[]},{"key":"base$0$0","visitor":{"Program":{"enter":[null],"exit":[null]},"_exploded":true,"_verified":true},"options":{"avoidModernSyntax":false,"enforceStrictMode":false,"dynamicImport":true,"generateLetDeclarations":true},"externalDependencies":[]},{"key":"transform-runtime","visitor":{"MemberExpression":{"enter":[null]},"ObjectPattern":{"enter":[null]},"BinaryExpression":{"enter":[null]},"Identifier":{"enter":[null]},"JSXIdentifier":{"enter":[null]},"_exploded":true,"_verified":true},"options":{"version":"7.17.2","helpers":true,"useESModules":false,"corejs":false},"externalDependencies":[]},{"key":"proposal-class-properties","visitor":{"ExportDefaultDeclaration":{"enter":[null]},"_exploded":true,"_verified":true,"ClassExpression":{"enter":[null]},"ClassDeclaration":{"enter":[null]}},"options":{"loose":true},"externalDependencies":[]},{"key":"transform-react-jsx","visitor":{"JSXNamespacedName":{"enter":[null]},"JSXSpreadChild":{"enter":[null]},"Program":{"enter":[null]},"JSXFragment":{"exit":[null]},"JSXElement":{"exit":[null]},"JSXAttribute":{"enter":[null]},"_exploded":true,"_verified":true},"options":{"pragma":"React.createElement","pragmaFrag":"React.Fragment","runtime":"classic","throwIfNamespace":true,"useBuiltIns":false},"externalDependencies":[]},{"key":"transform-react-display-name","visitor":{"ExportDefaultDeclaration":{"enter":[null]},"CallExpression":{"enter":[null]},"_exploded":true,"_verified":true},"options":{},"externalDependencies":[]},{"key":"transform-react-pure-annotations","visitor":{"CallExpression":{"enter":[null]},"_exploded":true,"_verified":true},"options":{},"externalDependencies":[]},{"key":"syntax-nullish-coalescing-operator","visitor":{"_exploded":true,"_verified":true},"options":{},"externalDependencies":[]},{"key":"proposal-nullish-coalescing-operator","visitor":{"LogicalExpression":{"enter":[null]},"_exploded":true,"_verified":true},"options":{},"externalDependencies":[]},{"key":"syntax-optional-chaining","visitor":{"_exploded":true,"_verified":true},"options":{},"externalDependencies":[]},{"key":"proposal-optional-chaining","visitor":{"OptionalCallExpression":{"enter":[null]},"OptionalMemberExpression":{"enter":[null]},"_exploded":true,"_verified":true},"options":{},"externalDependencies":[]},{"key":"syntax-optional-catch-binding","visitor":{"_exploded":true,"_verified":true},"options":{},"externalDependencies":[]},{"key":"proposal-optional-catch-binding","visitor":{"CatchClause":{"enter":[null]},"_exploded":true,"_verified":true},"options":{},"externalDependencies":[]},{"key":"syntax-class-properties","visitor":{"_exploded":true,"_verified":true},"options":{},"externalDependencies":[]},{"key":"proposal-class-properties","visitor":{"ExportDefaultDeclaration":{"enter":[null]},"_exploded":true,"_verified":true,"ClassExpression":{"enter":[null]},"ClassDeclaration":{"enter":[null]}},"options":{},"externalDependencies":[]},{"key":"syntax-async-generators","visitor":{"_exploded":true,"_verified":true},"options":{},"externalDependencies":[]},{"key":"proposal-async-generator-functions","visitor":{"Program":{"enter":[null]},"_exploded":true,"_verified":true},"options":{},"externalDependencies":[]},{"key":"syntax-object-rest-spread","visitor":{"_exploded":true,"_verified":true},"options":{},"externalDependencies":[]},{"key":"proposal-object-rest-spread","visitor":{"VariableDeclarator":{"enter":[null]},"ExportNamedDeclaration":{"enter":[null]},"CatchClause":{"enter":[null]},"AssignmentExpression":{"enter":[null]},"ArrayPattern":{"enter":[null]},"ObjectExpression":{"enter":[null]},"FunctionDeclaration":{"enter":[null]},"FunctionExpression":{"enter":[null]},"ObjectMethod":{"enter":[null]},"ArrowFunctionExpression":{"enter":[null]},"ClassMethod":{"enter":[null]},"ClassPrivateMethod":{"enter":[null]},"ForInStatement":{"enter":[null]},"ForOfStatement":{"enter":[null]},"_exploded":true,"_verified":true},"options":{},"externalDependencies":[]},{"key":"proposal-logical-assignment-operators","visitor":{"AssignmentExpression":{"enter":[null]},"_exploded":true,"_verified":true},"options":{},"externalDependencies":[]},{"key":"transform-literals","visitor":{"NumericLiteral":{"enter":[null]},"StringLiteral":{"enter":[null]},"_exploded":true,"_verified":true},"options":{},"externalDependencies":[]},{"key":"transform-template-literals","visitor":{"TaggedTemplateExpression":{"enter":[null]},"TemplateLiteral":{"enter":[null]},"_exploded":true,"_verified":true},"options":{},"externalDependencies":[]},{"key":"transform-parameters","visitor":{"_exploded":true,"_verified":true,"FunctionDeclaration":{"enter":[null]},"FunctionExpression":{"enter":[null]},"ObjectMethod":{"enter":[null]},"ArrowFunctionExpression":{"enter":[null]},"ClassMethod":{"enter":[null]},"ClassPrivateMethod":{"enter":[null]}},"options":{},"externalDependencies":[]},{"key":"transform-exponentiation-operator","visitor":{"AssignmentExpression":{"enter":[null]},"BinaryExpression":{"enter":[null]},"_exploded":true,"_verified":true},"options":{},"externalDependencies":[]}],"presets":[],"generatorOpts":{"filename":"D:\\loan_app\\loan-management\\packages\\random\\main_client.js","comments":true,"compact":false,"sourceMaps":true,"sourceFileName":"packages/random/main_client.js"}},"code":"module.export({\n  Random: () => Random\n});\nlet BrowserRandomGenerator;\nmodule.link(\"./BrowserRandomGenerator\", {\n  default(v) {\n    BrowserRandomGenerator = v;\n  }\n}, 0);\nlet createAleaGeneratorWithGeneratedSeed;\nmodule.link(\"./createAleaGenerator\", {\n  default(v) {\n    createAleaGeneratorWithGeneratedSeed = v;\n  }\n}, 1);\nlet createRandom;\nmodule.link(\"./createRandom\", {\n  default(v) {\n    createRandom = v;\n  }\n}, 2);\nlet generator;\nif (typeof window !== 'undefined' && window.crypto && window.crypto.getRandomValues) {\n  generator = new BrowserRandomGenerator();\n} else {\n  // On IE 10 and below, there's no browser crypto API\n  // available. Fall back to Alea\n  //\n  // XXX looks like at the moment, we use Alea in IE 11 as well,\n  // which has `window.msCrypto` instead of `window.crypto`.\n  generator = createAleaGeneratorWithGeneratedSeed();\n}\nconst Random = createRandom(generator);","map":{"version":3,"names":["module","export","Random","BrowserRandomGenerator","link","default","v","createAleaGeneratorWithGeneratedSeed","createRandom","generator","window","crypto","getRandomValues"],"sources":["packages/random/main_client.js"],"sourcesContent":["// We use cryptographically strong PRNGs (window.crypto.getRandomValues())\n// when available. If these PRNGs fail, we fall back to the Alea PRNG, which is \n// not cryptographically strong, and we seed it with various sources \n// such as the date, Math.random, and window size on the client.\n// When using window.crypto.getRandomValues() or alea, the primitive is fraction \n// and we use that to construct hex string.\n\nimport BrowserRandomGenerator from './BrowserRandomGenerator';\nimport createAleaGeneratorWithGeneratedSeed from './createAleaGenerator';\nimport createRandom from './createRandom';\n\nlet generator;\nif (typeof window !== 'undefined' && window.crypto &&\n  window.crypto.getRandomValues) {\n  generator = new BrowserRandomGenerator();\n} else {\n  // On IE 10 and below, there's no browser crypto API\n  // available. Fall back to Alea\n  //\n  // XXX looks like at the moment, we use Alea in IE 11 as well,\n  // which has `window.msCrypto` instead of `window.crypto`.\n  generator = createAleaGeneratorWithGeneratedSeed();\n}\n\n\nexport const Random = createRandom(generator);\n"],"mappings":"AAAAA,MAAM,CAACC,MAAM,CAAC;EAACC,MAAM,EAACA,CAAA,KAAIA;AAAM,CAAC,CAAC;AAAC,IAAIC,sBAAsB;AAACH,MAAM,CAACI,IAAI,CAAC,0BAA0B,EAAC;EAACC,OAAOA,CAACC,CAAC,EAAC;IAACH,sBAAsB,GAACG,CAAC;EAAA;AAAC,CAAC,EAAC,CAAC,CAAC;AAAC,IAAIC,oCAAoC;AAACP,MAAM,CAACI,IAAI,CAAC,uBAAuB,EAAC;EAACC,OAAOA,CAACC,CAAC,EAAC;IAACC,oCAAoC,GAACD,CAAC;EAAA;AAAC,CAAC,EAAC,CAAC,CAAC;AAAC,IAAIE,YAAY;AAACR,MAAM,CAACI,IAAI,CAAC,gBAAgB,EAAC;EAACC,OAAOA,CAACC,CAAC,EAAC;IAACE,YAAY,GAACF,CAAC;EAAA;AAAC,CAAC,EAAC,CAAC,CAAC;AAWjW,IAAIG,SAAS;AACb,IAAI,OAAOC,MAAM,KAAK,WAAW,IAAIA,MAAM,CAACC,MAAM,IAChDD,MAAM,CAACC,MAAM,CAACC,eAAe,EAAE;EAC/BH,SAAS,GAAG,IAAIN,sBAAsB,CAAC,CAAC;AAC1C,CAAC,MAAM;EACL;EACA;EACA;EACA;EACA;EACAM,SAAS,GAAGF,oCAAoC,CAAC,CAAC;AACpD;AAGO,MAAML,MAAM,GAAGM,YAAY,CAACC,SAAS,CAAC"},"sourceType":"module","externalDependencies":{},"hash":"5026b36000c72e31785408c108e62bc1004bed92"}
