{"metadata":{},"options":{"assumptions":{},"compact":false,"sourceMaps":true,"ast":true,"babelrc":false,"configFile":false,"parserOpts":{"sourceType":"module","sourceFileName":"D:\\loan_app\\loan-management\\packages\\aldeed:simple-schema\\lib\\humanize.js","plugins":["*","flow","jsx","asyncGenerators","bigInt","classPrivateMethods","classPrivateProperties","classProperties","doExpressions","dynamicImport","exportDefaultFrom","exportExtensions","exportNamespaceFrom","functionBind","functionSent","importMeta","nullishCoalescingOperator","numericSeparator","objectRestSpread","optionalCatchBinding","optionalChaining",["pipelineOperator",{"proposal":"minimal"}],"throwExpressions","classProperties","classPrivateProperties","jsx","nullishCoalescingOperator","nullishCoalescingOperator","optionalChaining","optionalChaining","optionalCatchBinding","optionalCatchBinding","classProperties","classPrivateProperties","classPrivateMethods","classProperties","classPrivateProperties","asyncGenerators","asyncGenerators","objectRestSpread","objectRestSpread","logicalAssignment"],"allowImportExportEverywhere":true,"allowReturnOutsideFunction":true,"allowUndeclaredExports":true,"strictMode":false},"caller":{"name":"meteor","arch":"web.browser"},"sourceFileName":"packages/aldeed:simple-schema/lib/humanize.js","filename":"D:\\loan_app\\loan-management\\packages\\aldeed:simple-schema\\lib\\humanize.js","targets":{},"cloneInputAst":true,"browserslistConfigFile":false,"passPerPreset":false,"envName":"development","cwd":"D:\\loan_app\\loan-management","root":"D:\\loan_app\\loan-management","rootMode":"root","plugins":[{"key":"base$0","visitor":{"_exploded":true,"_verified":true},"options":{},"externalDependencies":[]},{"key":"base$0$0","visitor":{"Program":{"enter":[null],"exit":[null]},"_exploded":true,"_verified":true},"options":{"avoidModernSyntax":false,"enforceStrictMode":false,"dynamicImport":true,"generateLetDeclarations":true},"externalDependencies":[]},{"key":"transform-runtime","visitor":{"MemberExpression":{"enter":[null]},"ObjectPattern":{"enter":[null]},"BinaryExpression":{"enter":[null]},"Identifier":{"enter":[null]},"JSXIdentifier":{"enter":[null]},"_exploded":true,"_verified":true},"options":{"version":"7.17.2","helpers":true,"useESModules":false,"corejs":false},"externalDependencies":[]},{"key":"proposal-class-properties","visitor":{"ExportDefaultDeclaration":{"enter":[null]},"_exploded":true,"_verified":true,"ClassExpression":{"enter":[null]},"ClassDeclaration":{"enter":[null]}},"options":{"loose":true},"externalDependencies":[]},{"key":"transform-react-jsx","visitor":{"JSXNamespacedName":{"enter":[null]},"JSXSpreadChild":{"enter":[null]},"Program":{"enter":[null]},"JSXFragment":{"exit":[null]},"JSXElement":{"exit":[null]},"JSXAttribute":{"enter":[null]},"_exploded":true,"_verified":true},"options":{"pragma":"React.createElement","pragmaFrag":"React.Fragment","runtime":"classic","throwIfNamespace":true,"useBuiltIns":false},"externalDependencies":[]},{"key":"transform-react-display-name","visitor":{"ExportDefaultDeclaration":{"enter":[null]},"CallExpression":{"enter":[null]},"_exploded":true,"_verified":true},"options":{},"externalDependencies":[]},{"key":"transform-react-pure-annotations","visitor":{"CallExpression":{"enter":[null]},"_exploded":true,"_verified":true},"options":{},"externalDependencies":[]},{"key":"syntax-nullish-coalescing-operator","visitor":{"_exploded":true,"_verified":true},"options":{},"externalDependencies":[]},{"key":"proposal-nullish-coalescing-operator","visitor":{"LogicalExpression":{"enter":[null]},"_exploded":true,"_verified":true},"options":{},"externalDependencies":[]},{"key":"syntax-optional-chaining","visitor":{"_exploded":true,"_verified":true},"options":{},"externalDependencies":[]},{"key":"proposal-optional-chaining","visitor":{"OptionalCallExpression":{"enter":[null]},"OptionalMemberExpression":{"enter":[null]},"_exploded":true,"_verified":true},"options":{},"externalDependencies":[]},{"key":"syntax-optional-catch-binding","visitor":{"_exploded":true,"_verified":true},"options":{},"externalDependencies":[]},{"key":"proposal-optional-catch-binding","visitor":{"CatchClause":{"enter":[null]},"_exploded":true,"_verified":true},"options":{},"externalDependencies":[]},{"key":"syntax-class-properties","visitor":{"_exploded":true,"_verified":true},"options":{},"externalDependencies":[]},{"key":"proposal-class-properties","visitor":{"ExportDefaultDeclaration":{"enter":[null]},"_exploded":true,"_verified":true,"ClassExpression":{"enter":[null]},"ClassDeclaration":{"enter":[null]}},"options":{},"externalDependencies":[]},{"key":"syntax-async-generators","visitor":{"_exploded":true,"_verified":true},"options":{},"externalDependencies":[]},{"key":"proposal-async-generator-functions","visitor":{"Program":{"enter":[null]},"_exploded":true,"_verified":true},"options":{},"externalDependencies":[]},{"key":"syntax-object-rest-spread","visitor":{"_exploded":true,"_verified":true},"options":{},"externalDependencies":[]},{"key":"proposal-object-rest-spread","visitor":{"VariableDeclarator":{"enter":[null]},"ExportNamedDeclaration":{"enter":[null]},"CatchClause":{"enter":[null]},"AssignmentExpression":{"enter":[null]},"ArrayPattern":{"enter":[null]},"ObjectExpression":{"enter":[null]},"FunctionDeclaration":{"enter":[null]},"FunctionExpression":{"enter":[null]},"ObjectMethod":{"enter":[null]},"ArrowFunctionExpression":{"enter":[null]},"ClassMethod":{"enter":[null]},"ClassPrivateMethod":{"enter":[null]},"ForInStatement":{"enter":[null]},"ForOfStatement":{"enter":[null]},"_exploded":true,"_verified":true},"options":{},"externalDependencies":[]},{"key":"proposal-logical-assignment-operators","visitor":{"AssignmentExpression":{"enter":[null]},"_exploded":true,"_verified":true},"options":{},"externalDependencies":[]},{"key":"transform-literals","visitor":{"NumericLiteral":{"enter":[null]},"StringLiteral":{"enter":[null]},"_exploded":true,"_verified":true},"options":{},"externalDependencies":[]},{"key":"transform-template-literals","visitor":{"TaggedTemplateExpression":{"enter":[null]},"TemplateLiteral":{"enter":[null]},"_exploded":true,"_verified":true},"options":{},"externalDependencies":[]},{"key":"transform-parameters","visitor":{"_exploded":true,"_verified":true,"FunctionDeclaration":{"enter":[null]},"FunctionExpression":{"enter":[null]},"ObjectMethod":{"enter":[null]},"ArrowFunctionExpression":{"enter":[null]},"ClassMethod":{"enter":[null]},"ClassPrivateMethod":{"enter":[null]}},"options":{},"externalDependencies":[]},{"key":"transform-exponentiation-operator","visitor":{"AssignmentExpression":{"enter":[null]},"BinaryExpression":{"enter":[null]},"_exploded":true,"_verified":true},"options":{},"externalDependencies":[]}],"presets":[],"generatorOpts":{"filename":"D:\\loan_app\\loan-management\\packages\\aldeed:simple-schema\\lib\\humanize.js","comments":true,"compact":false,"sourceMaps":true,"sourceFileName":"packages/aldeed:simple-schema/lib/humanize.js"}},"code":"/*\n  Code source:\n    https://github.com/jxson/string-humanize\n    https://github.com/jxson/string-capitalize\n */\n\nfunction capitalize(text) {\n  text = text || '';\n  text = text.trim();\n  if (text[0]) {\n    text = text[0].toUpperCase() + text.substr(1).toLowerCase();\n  }\n\n  // Do \"ID\" instead of \"id\" or \"Id\"\n  text = text.replace(/\\bid\\b/g, 'ID');\n  text = text.replace(/\\bId\\b/g, 'ID');\n  return text;\n}\nfunction underscore(text) {\n  text = text || '';\n  text = text.toString(); // might be a number\n  text = text.trim();\n  text = text.replace(/([a-z\\d])([A-Z]+)/g, '$1_$2');\n  text = text.replace(/[-\\s]+/g, '_').toLowerCase();\n  return text;\n}\nfunction extname(text) {\n  const index = text.lastIndexOf('.');\n  const ext = text.substring(index, text.length);\n  return index === -1 ? '' : ext;\n}\nfunction humanize(text) {\n  text = text || '';\n  text = text.toString(); // might be a number\n  text = text.trim();\n  text = text.replace(extname(text), '');\n  text = underscore(text);\n  text = text.replace(/[\\W_]+/g, ' ');\n  return capitalize(text);\n}\nmodule.exportDefault(humanize);","map":{"version":3,"names":["capitalize","text","trim","toUpperCase","substr","toLowerCase","replace","underscore","toString","extname","index","lastIndexOf","ext","substring","length","humanize","module","exportDefault"],"sources":["packages/aldeed:simple-schema/lib/humanize.js"],"sourcesContent":["/*\n  Code source:\n    https://github.com/jxson/string-humanize\n    https://github.com/jxson/string-capitalize\n */\n\nfunction capitalize(text) {\n  text = text || '';\n  text = text.trim();\n\n  if (text[0]) {\n    text = text[0].toUpperCase() + text.substr(1).toLowerCase();\n  }\n\n  // Do \"ID\" instead of \"id\" or \"Id\"\n  text = text.replace(/\\bid\\b/g, 'ID');\n  text = text.replace(/\\bId\\b/g, 'ID');\n\n  return text;\n}\n\nfunction underscore(text) {\n  text = text || '';\n  text = text.toString(); // might be a number\n  text = text.trim();\n  text = text.replace(/([a-z\\d])([A-Z]+)/g, '$1_$2');\n  text = text.replace(/[-\\s]+/g, '_').toLowerCase();\n\n  return text;\n}\n\nfunction extname(text) {\n  const index = text.lastIndexOf('.');\n  const ext = text.substring(index, text.length);\n\n  return (index === -1) ? '' : ext;\n}\n\nfunction humanize(text) {\n  text = text || '';\n  text = text.toString(); // might be a number\n  text = text.trim();\n  text = text.replace(extname(text), '');\n  text = underscore(text);\n  text = text.replace(/[\\W_]+/g, ' ');\n\n  return capitalize(text);\n}\n\nexport default humanize;\n"],"mappings":"AAAA;AACA;AACA;AACA;AACA;;AAEA,SAASA,UAAUA,CAACC,IAAI,EAAE;EACxBA,IAAI,GAAGA,IAAI,IAAI,EAAE;EACjBA,IAAI,GAAGA,IAAI,CAACC,IAAI,CAAC,CAAC;EAElB,IAAID,IAAI,CAAC,CAAC,CAAC,EAAE;IACXA,IAAI,GAAGA,IAAI,CAAC,CAAC,CAAC,CAACE,WAAW,CAAC,CAAC,GAAGF,IAAI,CAACG,MAAM,CAAC,CAAC,CAAC,CAACC,WAAW,CAAC,CAAC;EAC7D;;EAEA;EACAJ,IAAI,GAAGA,IAAI,CAACK,OAAO,CAAC,SAAS,EAAE,IAAI,CAAC;EACpCL,IAAI,GAAGA,IAAI,CAACK,OAAO,CAAC,SAAS,EAAE,IAAI,CAAC;EAEpC,OAAOL,IAAI;AACb;AAEA,SAASM,UAAUA,CAACN,IAAI,EAAE;EACxBA,IAAI,GAAGA,IAAI,IAAI,EAAE;EACjBA,IAAI,GAAGA,IAAI,CAACO,QAAQ,CAAC,CAAC,CAAC,CAAC;EACxBP,IAAI,GAAGA,IAAI,CAACC,IAAI,CAAC,CAAC;EAClBD,IAAI,GAAGA,IAAI,CAACK,OAAO,CAAC,oBAAoB,EAAE,OAAO,CAAC;EAClDL,IAAI,GAAGA,IAAI,CAACK,OAAO,CAAC,SAAS,EAAE,GAAG,CAAC,CAACD,WAAW,CAAC,CAAC;EAEjD,OAAOJ,IAAI;AACb;AAEA,SAASQ,OAAOA,CAACR,IAAI,EAAE;EACrB,MAAMS,KAAK,GAAGT,IAAI,CAACU,WAAW,CAAC,GAAG,CAAC;EACnC,MAAMC,GAAG,GAAGX,IAAI,CAACY,SAAS,CAACH,KAAK,EAAET,IAAI,CAACa,MAAM,CAAC;EAE9C,OAAQJ,KAAK,KAAK,CAAC,CAAC,GAAI,EAAE,GAAGE,GAAG;AAClC;AAEA,SAASG,QAAQA,CAACd,IAAI,EAAE;EACtBA,IAAI,GAAGA,IAAI,IAAI,EAAE;EACjBA,IAAI,GAAGA,IAAI,CAACO,QAAQ,CAAC,CAAC,CAAC,CAAC;EACxBP,IAAI,GAAGA,IAAI,CAACC,IAAI,CAAC,CAAC;EAClBD,IAAI,GAAGA,IAAI,CAACK,OAAO,CAACG,OAAO,CAACR,IAAI,CAAC,EAAE,EAAE,CAAC;EACtCA,IAAI,GAAGM,UAAU,CAACN,IAAI,CAAC;EACvBA,IAAI,GAAGA,IAAI,CAACK,OAAO,CAAC,SAAS,EAAE,GAAG,CAAC;EAEnC,OAAON,UAAU,CAACC,IAAI,CAAC;AACzB;AA/CAe,MAAM,CAACC,aAAa,CAiDLF,QAjDS,CAAC"},"sourceType":"module","externalDependencies":{},"hash":"5dec5757a98efb259a852c28bb25527a5a7ec9be"}
