{"metadata":{},"options":{"assumptions":{},"compact":false,"sourceMaps":true,"ast":true,"babelrc":false,"configFile":false,"parserOpts":{"sourceType":"module","sourceFileName":"D:\\loan_app\\loan-management\\packages\\aldeed:simple-schema\\lib\\clean.js","plugins":["*","flow","jsx","asyncGenerators","bigInt","classPrivateMethods","classPrivateProperties","classProperties","doExpressions","dynamicImport","exportDefaultFrom","exportExtensions","exportNamespaceFrom","functionBind","functionSent","importMeta","nullishCoalescingOperator","numericSeparator","objectRestSpread","optionalCatchBinding","optionalChaining",["pipelineOperator",{"proposal":"minimal"}],"throwExpressions","classProperties","classPrivateProperties","jsx","nullishCoalescingOperator","nullishCoalescingOperator","optionalChaining","optionalChaining","optionalCatchBinding","optionalCatchBinding","classProperties","classPrivateProperties","classPrivateMethods","classProperties","classPrivateProperties","asyncGenerators","asyncGenerators","objectRestSpread","objectRestSpread","logicalAssignment"],"allowImportExportEverywhere":true,"allowReturnOutsideFunction":true,"allowUndeclaredExports":true,"strictMode":false},"caller":{"name":"meteor","arch":"web.browser.legacy"},"sourceFileName":"packages/aldeed:simple-schema/lib/clean.js","filename":"D:\\loan_app\\loan-management\\packages\\aldeed:simple-schema\\lib\\clean.js","targets":{},"cloneInputAst":true,"browserslistConfigFile":false,"passPerPreset":false,"envName":"development","cwd":"D:\\loan_app\\loan-management","root":"D:\\loan_app\\loan-management","rootMode":"root","plugins":[{"key":"base$0","visitor":{"_exploded":true,"_verified":true},"options":{},"externalDependencies":[]},{"key":"base$0$0","visitor":{"Program":{"enter":[null],"exit":[null]},"_exploded":true,"_verified":true},"options":{"avoidModernSyntax":true,"enforceStrictMode":false,"dynamicImport":true},"externalDependencies":[]},{"key":"transform-runtime","visitor":{"MemberExpression":{"enter":[null]},"ObjectPattern":{"enter":[null]},"BinaryExpression":{"enter":[null]},"Identifier":{"enter":[null]},"JSXIdentifier":{"enter":[null]},"_exploded":true,"_verified":true},"options":{"version":"7.17.2","helpers":true,"useESModules":false,"corejs":false},"externalDependencies":[]},{"key":"proposal-class-properties","visitor":{"ExportDefaultDeclaration":{"enter":[null]},"_exploded":true,"_verified":true,"ClassExpression":{"enter":[null]},"ClassDeclaration":{"enter":[null]}},"options":{"loose":true},"externalDependencies":[]},{"key":"base$0$3","visitor":{"FunctionExpression":{"exit":[null]},"_exploded":true,"_verified":true},"options":{},"externalDependencies":[]},{"key":"base$0$4","visitor":{"ForInStatement":{"enter":[null]},"_exploded":true,"_verified":true},"options":{},"externalDependencies":[]},{"key":"transform-react-jsx","visitor":{"JSXNamespacedName":{"enter":[null]},"JSXSpreadChild":{"enter":[null]},"Program":{"enter":[null]},"JSXFragment":{"exit":[null]},"JSXElement":{"exit":[null]},"JSXAttribute":{"enter":[null]},"_exploded":true,"_verified":true},"options":{"pragma":"React.createElement","pragmaFrag":"React.Fragment","runtime":"classic","throwIfNamespace":true,"useBuiltIns":false},"externalDependencies":[]},{"key":"transform-react-display-name","visitor":{"ExportDefaultDeclaration":{"enter":[null]},"CallExpression":{"enter":[null]},"_exploded":true,"_verified":true},"options":{},"externalDependencies":[]},{"key":"transform-react-pure-annotations","visitor":{"CallExpression":{"enter":[null]},"_exploded":true,"_verified":true},"options":{},"externalDependencies":[]},{"key":"syntax-nullish-coalescing-operator","visitor":{"_exploded":true,"_verified":true},"options":{},"externalDependencies":[]},{"key":"proposal-nullish-coalescing-operator","visitor":{"LogicalExpression":{"enter":[null]},"_exploded":true,"_verified":true},"options":{},"externalDependencies":[]},{"key":"syntax-optional-chaining","visitor":{"_exploded":true,"_verified":true},"options":{},"externalDependencies":[]},{"key":"proposal-optional-chaining","visitor":{"OptionalCallExpression":{"enter":[null]},"OptionalMemberExpression":{"enter":[null]},"_exploded":true,"_verified":true},"options":{},"externalDependencies":[]},{"key":"syntax-optional-catch-binding","visitor":{"_exploded":true,"_verified":true},"options":{},"externalDependencies":[]},{"key":"proposal-optional-catch-binding","visitor":{"CatchClause":{"enter":[null]},"_exploded":true,"_verified":true},"options":{},"externalDependencies":[]},{"key":"syntax-class-properties","visitor":{"_exploded":true,"_verified":true},"options":{},"externalDependencies":[]},{"key":"proposal-class-properties","visitor":{"ExportDefaultDeclaration":{"enter":[null]},"_exploded":true,"_verified":true,"ClassExpression":{"enter":[null]},"ClassDeclaration":{"enter":[null]}},"options":{},"externalDependencies":[]},{"key":"syntax-async-generators","visitor":{"_exploded":true,"_verified":true},"options":{},"externalDependencies":[]},{"key":"proposal-async-generator-functions","visitor":{"Program":{"enter":[null]},"_exploded":true,"_verified":true},"options":{},"externalDependencies":[]},{"key":"syntax-object-rest-spread","visitor":{"_exploded":true,"_verified":true},"options":{},"externalDependencies":[]},{"key":"proposal-object-rest-spread","visitor":{"VariableDeclarator":{"enter":[null]},"ExportNamedDeclaration":{"enter":[null]},"CatchClause":{"enter":[null]},"AssignmentExpression":{"enter":[null]},"ArrayPattern":{"enter":[null]},"ObjectExpression":{"enter":[null]},"FunctionDeclaration":{"enter":[null]},"FunctionExpression":{"enter":[null]},"ObjectMethod":{"enter":[null]},"ArrowFunctionExpression":{"enter":[null]},"ClassMethod":{"enter":[null]},"ClassPrivateMethod":{"enter":[null]},"ForInStatement":{"enter":[null]},"ForOfStatement":{"enter":[null]},"_exploded":true,"_verified":true},"options":{},"externalDependencies":[]},{"key":"proposal-logical-assignment-operators","visitor":{"AssignmentExpression":{"enter":[null]},"_exploded":true,"_verified":true},"options":{},"externalDependencies":[]},{"key":"transform-arrow-functions","visitor":{"ArrowFunctionExpression":{"enter":[null]},"_exploded":true,"_verified":true},"options":{},"externalDependencies":[]},{"key":"transform-block-scoped-functions","visitor":{"BlockStatement":{"enter":[null]},"SwitchCase":{"enter":[null]},"_exploded":true,"_verified":true},"options":{},"externalDependencies":[]},{"key":"transform-block-scoping","visitor":{"VariableDeclaration":{"enter":[null,null]},"BlockStatement":{"enter":[null]},"SwitchCase":{"enter":[null]},"ClassDeclaration":{"enter":[null]},"DoWhileStatement":{"enter":[null]},"ForInStatement":{"enter":[null]},"ForStatement":{"enter":[null]},"WhileStatement":{"enter":[null]},"ForOfStatement":{"enter":[null]},"_exploded":true,"_verified":true},"options":{},"externalDependencies":[]},{"key":"transform-classes","visitor":{"ExportDefaultDeclaration":{"enter":[null]},"ClassDeclaration":{"enter":[null]},"ClassExpression":{"enter":[null]},"_exploded":true,"_verified":true},"options":{"loose":true},"externalDependencies":[]},{"key":"transform-computed-properties","visitor":{"ObjectExpression":{"exit":[null]},"_exploded":true,"_verified":true},"options":{"loose":true},"externalDependencies":[]},{"key":"transform-destructuring","visitor":{"ExportNamedDeclaration":{"enter":[null]},"CatchClause":{"enter":[null]},"AssignmentExpression":{"enter":[null]},"VariableDeclaration":{"enter":[null]},"_exploded":true,"_verified":true,"ForInStatement":{"enter":[null]},"ForOfStatement":{"enter":[null]}},"options":{},"externalDependencies":[]},{"key":"transform-for-of","visitor":{"ForOfStatement":{"enter":[null]},"_exploded":true,"_verified":true},"options":{"loose":true},"externalDependencies":[]},{"key":"transform-literals","visitor":{"NumericLiteral":{"enter":[null]},"StringLiteral":{"enter":[null]},"_exploded":true,"_verified":true},"options":{},"externalDependencies":[]},{"key":"transform-object-super","visitor":{"ObjectExpression":{"enter":[null]},"_exploded":true,"_verified":true,"DoWhileStatement":{"exit":[null]},"ForInStatement":{"exit":[null]},"ForStatement":{"exit":[null]},"WhileStatement":{"exit":[null]},"ForOfStatement":{"exit":[null]}},"options":{},"externalDependencies":[]},{"key":"transform-parameters","visitor":{"_exploded":true,"_verified":true,"FunctionDeclaration":{"enter":[null]},"FunctionExpression":{"enter":[null]},"ObjectMethod":{"enter":[null]},"ArrowFunctionExpression":{"enter":[null]},"ClassMethod":{"enter":[null]},"ClassPrivateMethod":{"enter":[null]}},"options":{},"externalDependencies":[]},{"key":"transform-shorthand-properties","visitor":{"ObjectMethod":{"enter":[null]},"ObjectProperty":{"enter":[null]},"_exploded":true,"_verified":true},"options":{},"externalDependencies":[]},{"key":"transform-spread","visitor":{"ArrayExpression":{"enter":[null]},"CallExpression":{"enter":[null]},"NewExpression":{"enter":[null]},"_exploded":true,"_verified":true},"options":{},"externalDependencies":[]},{"key":"transform-sticky-regex","visitor":{"RegExpLiteral":{"enter":[null]},"_exploded":true,"_verified":true},"options":{},"externalDependencies":[]},{"key":"transform-template-literals","visitor":{"TaggedTemplateExpression":{"enter":[null]},"TemplateLiteral":{"enter":[null]},"_exploded":true,"_verified":true},"options":{"loose":true},"externalDependencies":[]},{"key":"transform-typeof-symbol","visitor":{"UnaryExpression":{"enter":[null]},"_exploded":true,"_verified":true,"BlockStatement":{"enter":[null]},"CatchClause":{"enter":[null]},"DoWhileStatement":{"enter":[null]},"ForInStatement":{"enter":[null]},"ForStatement":{"enter":[null]},"FunctionDeclaration":{"enter":[null]},"FunctionExpression":{"enter":[null]},"Program":{"enter":[null]},"ObjectMethod":{"enter":[null]},"SwitchStatement":{"enter":[null]},"WhileStatement":{"enter":[null]},"ArrowFunctionExpression":{"enter":[null]},"ClassExpression":{"enter":[null]},"ClassDeclaration":{"enter":[null]},"ForOfStatement":{"enter":[null]},"ClassMethod":{"enter":[null]},"ClassPrivateMethod":{"enter":[null]},"StaticBlock":{"enter":[null]},"TSModuleBlock":{"enter":[null]},"AssignmentPattern":{"enter":[null]},"ArrayPattern":{"enter":[null]},"ObjectPattern":{"enter":[null]}},"options":{},"externalDependencies":[]},{"key":"transform-unicode-regex","visitor":{"RegExpLiteral":{"enter":[null]},"_exploded":true,"_verified":true},"options":{},"externalDependencies":[]},{"key":"transform-property-literals","visitor":{"ObjectProperty":{"exit":[null]},"_exploded":true,"_verified":true},"options":{},"externalDependencies":[]},{"key":"transform-exponentiation-operator","visitor":{"AssignmentExpression":{"enter":[null]},"BinaryExpression":{"enter":[null]},"_exploded":true,"_verified":true},"options":{},"externalDependencies":[]},{"key":"transform-regenerator","visitor":{"ObjectMethod":{"enter":[null],"exit":[null]},"ClassMethod":{"enter":[null],"exit":[null]},"ClassPrivateMethod":{"enter":[null],"exit":[null]},"FunctionDeclaration":{"exit":[null]},"FunctionExpression":{"exit":[null]},"ArrowFunctionExpression":{"exit":[null]},"MemberExpression":{"enter":[null]},"_exploded":true,"_verified":true},"options":{},"externalDependencies":[]}],"presets":[],"generatorOpts":{"filename":"D:\\loan_app\\loan-management\\packages\\aldeed:simple-schema\\lib\\clean.js","comments":true,"compact":false,"sourceMaps":true,"sourceFileName":"packages/aldeed:simple-schema/lib/clean.js"}},"code":"var _typeof;\nmodule.link(\"@babel/runtime/helpers/typeof\", {\n  default: function (v) {\n    _typeof = v;\n  }\n}, 0);\nvar _objectSpread;\nmodule.link(\"@babel/runtime/helpers/objectSpread2\", {\n  default: function (v) {\n    _objectSpread = v;\n  }\n}, 1);\nvar clone;\nmodule.link(\"clone\", {\n  \"default\": function (v) {\n    clone = v;\n  }\n}, 0);\nvar MongoObject;\nmodule.link(\"mongo-object\", {\n  \"default\": function (v) {\n    MongoObject = v;\n  }\n}, 1);\nvar isEmptyObject, looksLikeModifier;\nmodule.link(\"./utility\", {\n  isEmptyObject: function (v) {\n    isEmptyObject = v;\n  },\n  looksLikeModifier: function (v) {\n    looksLikeModifier = v;\n  }\n}, 2);\nvar SimpleSchema;\nmodule.link(\"./SimpleSchema\", {\n  SimpleSchema: function (v) {\n    SimpleSchema = v;\n  }\n}, 3);\nvar convertToProperType;\nmodule.link(\"./clean/convertToProperType\", {\n  \"default\": function (v) {\n    convertToProperType = v;\n  }\n}, 4);\nvar setAutoValues;\nmodule.link(\"./clean/setAutoValues\", {\n  \"default\": function (v) {\n    setAutoValues = v;\n  }\n}, 5);\nvar typeValidator;\nmodule.link(\"./validation/typeValidator\", {\n  \"default\": function (v) {\n    typeValidator = v;\n  }\n}, 6);\nvar operatorsToIgnoreValue = ['$unset', '$currentDate'];\n\n/**\n * @param {SimpleSchema} ss - A SimpleSchema instance\n * @param {Object} doc - Document or modifier to clean. Referenced object will be modified in place.\n * @param {Object} [options]\n * @param {Boolean} [options.mutate=false] - Mutate doc. Set this to true to improve performance if you don't mind mutating the object you're cleaning.\n * @param {Boolean} [options.filter=true] - Do filtering?\n * @param {Boolean} [options.autoConvert=true] - Do automatic type converting?\n * @param {Boolean} [options.removeEmptyStrings=true] - Remove keys in normal object or $set where the value is an empty string?\n * @param {Boolean} [options.removeNullsFromArrays=false] - Remove all null items from all arrays\n * @param {Boolean} [options.trimStrings=true] - Trim string values?\n * @param {Boolean} [options.getAutoValues=true] - Inject automatic and default values?\n * @param {Boolean} [options.isModifier=false] - Is doc a modifier object?\n * @param {Boolean} [options.isUpsert=false] - Will the modifier object be used to do an upsert? This is used\n *   to determine whether $setOnInsert should be added to it for defaultValues.\n * @param {Boolean} [options.mongoObject] - If you already have the mongoObject instance, pass it to improve performance\n * @param {Object} [options.extendAutoValueContext] - This object will be added to the `this` context of autoValue functions.\n * @returns {Object} The modified doc.\n *\n * Cleans a document or modifier object. By default, will filter, automatically\n * type convert where possible, and inject automatic/default values. Use the options\n * to skip one or more of these.\n */\nfunction clean(ss, doc) {\n  var options = arguments.length > 2 && arguments[2] !== undefined ? arguments[2] : {};\n  // By default, doc will be filtered and autoconverted\n  options = _objectSpread(_objectSpread({\n    isModifier: looksLikeModifier(doc),\n    isUpsert: false\n  }, ss._cleanOptions), options);\n\n  // Clone so we do not mutate\n  var cleanDoc = options.mutate ? doc : clone(doc);\n  var mongoObject = options.mongoObject || new MongoObject(cleanDoc, ss.blackboxKeys());\n\n  // Clean loop\n  if (options.filter || options.autoConvert || options.removeEmptyStrings || options.trimStrings) {\n    var removedPositions = []; // For removing now-empty objects after\n\n    mongoObject.forEachNode(function () {\n      function eachNode() {\n        // The value of a $unset is irrelevant, so no point in cleaning it.\n        // Also we do not care if fields not in the schema are unset.\n        // Other operators also have values that we wouldn't want to clean.\n        if (operatorsToIgnoreValue.includes(this.operator)) return;\n        var gKey = this.genericKey;\n        if (!gKey) return;\n        var val = this.value;\n        if (val === undefined) return;\n        var p;\n\n        // Filter out props if necessary\n        if (options.filter && !ss.allowsKey(gKey) || options.removeNullsFromArrays && this.isArrayItem && val === null) {\n          // XXX Special handling for $each; maybe this could be made nicer\n          if (this.position.slice(-7) === '[$each]') {\n            mongoObject.removeValueForPosition(this.position.slice(0, -7));\n            removedPositions.push(this.position.slice(0, -7));\n          } else {\n            this.remove();\n            removedPositions.push(this.position);\n          }\n          if (SimpleSchema.debug) {\n            console.info(\"SimpleSchema.clean: filtered out value that would have affected key \\\"\" + gKey + \"\\\", which is not allowed by the schema\");\n          }\n          return; // no reason to do more\n        }\n        var outerDef = ss.schema(gKey);\n        var defs = outerDef && outerDef.type.definitions;\n        var def = defs && defs[0];\n\n        // Autoconvert values if requested and if possible\n        if (options.autoConvert && def) {\n          var isValidType = defs.some(function (definition) {\n            var errors = typeValidator.call({\n              valueShouldBeChecked: true,\n              definition: definition,\n              value: val\n            });\n            return errors === undefined;\n          });\n          if (!isValidType) {\n            var newVal = convertToProperType(val, def.type);\n            if (newVal !== undefined && newVal !== val) {\n              SimpleSchema.debug && console.info(\"SimpleSchema.clean: autoconverted value \" + val + \" from \" + _typeof(val) + \" to \" + _typeof(newVal) + \" for \" + gKey);\n              val = newVal;\n              this.updateValue(newVal);\n            }\n          }\n        }\n\n        // Trim strings if\n        // 1. The trimStrings option is `true` AND\n        // 2. The field is not in the schema OR is in the schema with `trim` !== `false` AND\n        // 3. The value is a string.\n        if (options.trimStrings && (!def || def.trim !== false) && typeof val === 'string') {\n          val = val.trim();\n          this.updateValue(val);\n        }\n\n        // Remove empty strings if\n        // 1. The removeEmptyStrings option is `true` AND\n        // 2. The value is in a normal object or in the $set part of a modifier\n        // 3. The value is an empty string.\n        if (options.removeEmptyStrings && (!this.operator || this.operator === '$set') && typeof val === 'string' && !val.length) {\n          // For a document, we remove any fields that are being set to an empty string\n          this.remove();\n          // For a modifier, we $unset any fields that are being set to an empty string.\n          // But only if we're not already within an entire object that is being set.\n          if (this.operator === '$set' && this.position.match(/\\[/g).length < 2) {\n            p = this.position.replace('$set', '$unset');\n            mongoObject.setValueForPosition(p, '');\n          }\n        }\n      }\n      return eachNode;\n    }(), {\n      endPointsOnly: false\n    });\n\n    // Remove any objects that are now empty after filtering\n    removedPositions.forEach(function (removedPosition) {\n      var lastBrace = removedPosition.lastIndexOf('[');\n      if (lastBrace !== -1) {\n        var removedPositionParent = removedPosition.slice(0, lastBrace);\n        var value = mongoObject.getValueForPosition(removedPositionParent);\n        if (isEmptyObject(value)) mongoObject.removeValueForPosition(removedPositionParent);\n      }\n    });\n    mongoObject.removeArrayItems();\n  }\n\n  // Set automatic values\n  options.getAutoValues && setAutoValues(ss.autoValueFunctions(), mongoObject, options.isModifier, options.isUpsert, options.extendAutoValueContext);\n\n  // Ensure we don't have any operators set to an empty object\n  // since MongoDB 2.6+ will throw errors.\n  if (options.isModifier) {\n    Object.keys(cleanDoc || {}).forEach(function (op) {\n      var operatorValue = cleanDoc[op];\n      if (_typeof(operatorValue) === 'object' && operatorValue !== null && isEmptyObject(operatorValue)) {\n        delete cleanDoc[op];\n      }\n    });\n  }\n  return cleanDoc;\n}\nmodule.exportDefault(clean);","map":{"version":3,"names":["_typeof","module","link","default","v","_objectSpread","clone","MongoObject","isEmptyObject","looksLikeModifier","SimpleSchema","convertToProperType","setAutoValues","typeValidator","operatorsToIgnoreValue","clean","ss","doc","options","arguments","length","undefined","isModifier","isUpsert","_cleanOptions","cleanDoc","mutate","mongoObject","blackboxKeys","filter","autoConvert","removeEmptyStrings","trimStrings","removedPositions","forEachNode","eachNode","includes","operator","gKey","genericKey","val","value","p","allowsKey","removeNullsFromArrays","isArrayItem","position","slice","removeValueForPosition","push","remove","debug","console","info","outerDef","schema","defs","type","definitions","def","isValidType","some","definition","errors","call","valueShouldBeChecked","newVal","updateValue","trim","match","replace","setValueForPosition","endPointsOnly","forEach","removedPosition","lastBrace","lastIndexOf","removedPositionParent","getValueForPosition","removeArrayItems","getAutoValues","autoValueFunctions","extendAutoValueContext","Object","keys","op","operatorValue","exportDefault"],"sources":["packages/aldeed:simple-schema/lib/clean.js"],"sourcesContent":["import clone from 'clone';\nimport MongoObject from 'mongo-object';\nimport { isEmptyObject, looksLikeModifier } from './utility';\nimport { SimpleSchema } from './SimpleSchema';\nimport convertToProperType from './clean/convertToProperType';\nimport setAutoValues from './clean/setAutoValues';\nimport typeValidator from './validation/typeValidator';\n\nconst operatorsToIgnoreValue = ['$unset', '$currentDate'];\n\n/**\n * @param {SimpleSchema} ss - A SimpleSchema instance\n * @param {Object} doc - Document or modifier to clean. Referenced object will be modified in place.\n * @param {Object} [options]\n * @param {Boolean} [options.mutate=false] - Mutate doc. Set this to true to improve performance if you don't mind mutating the object you're cleaning.\n * @param {Boolean} [options.filter=true] - Do filtering?\n * @param {Boolean} [options.autoConvert=true] - Do automatic type converting?\n * @param {Boolean} [options.removeEmptyStrings=true] - Remove keys in normal object or $set where the value is an empty string?\n * @param {Boolean} [options.removeNullsFromArrays=false] - Remove all null items from all arrays\n * @param {Boolean} [options.trimStrings=true] - Trim string values?\n * @param {Boolean} [options.getAutoValues=true] - Inject automatic and default values?\n * @param {Boolean} [options.isModifier=false] - Is doc a modifier object?\n * @param {Boolean} [options.isUpsert=false] - Will the modifier object be used to do an upsert? This is used\n *   to determine whether $setOnInsert should be added to it for defaultValues.\n * @param {Boolean} [options.mongoObject] - If you already have the mongoObject instance, pass it to improve performance\n * @param {Object} [options.extendAutoValueContext] - This object will be added to the `this` context of autoValue functions.\n * @returns {Object} The modified doc.\n *\n * Cleans a document or modifier object. By default, will filter, automatically\n * type convert where possible, and inject automatic/default values. Use the options\n * to skip one or more of these.\n */\nfunction clean(ss, doc, options = {}) {\n  // By default, doc will be filtered and autoconverted\n  options = {\n    isModifier: looksLikeModifier(doc),\n    isUpsert: false,\n    ...ss._cleanOptions,\n    ...options,\n  };\n\n  // Clone so we do not mutate\n  const cleanDoc = options.mutate ? doc : clone(doc);\n\n  const mongoObject = options.mongoObject || new MongoObject(cleanDoc, ss.blackboxKeys());\n\n  // Clean loop\n  if (\n    options.filter\n    || options.autoConvert\n    || options.removeEmptyStrings\n    || options.trimStrings\n  ) {\n    const removedPositions = []; // For removing now-empty objects after\n\n    mongoObject.forEachNode(\n      function eachNode() {\n        // The value of a $unset is irrelevant, so no point in cleaning it.\n        // Also we do not care if fields not in the schema are unset.\n        // Other operators also have values that we wouldn't want to clean.\n        if (operatorsToIgnoreValue.includes(this.operator)) return;\n\n        const gKey = this.genericKey;\n        if (!gKey) return;\n\n        let val = this.value;\n        if (val === undefined) return;\n\n        let p;\n\n        // Filter out props if necessary\n        if (\n          (options.filter && !ss.allowsKey(gKey))\n          || (options.removeNullsFromArrays && this.isArrayItem && val === null)\n        ) {\n          // XXX Special handling for $each; maybe this could be made nicer\n          if (this.position.slice(-7) === '[$each]') {\n            mongoObject.removeValueForPosition(this.position.slice(0, -7));\n            removedPositions.push(this.position.slice(0, -7));\n          } else {\n            this.remove();\n            removedPositions.push(this.position);\n          }\n          if (SimpleSchema.debug) {\n            console.info(\n              `SimpleSchema.clean: filtered out value that would have affected key \"${gKey}\", which is not allowed by the schema`,\n            );\n          }\n          return; // no reason to do more\n        }\n\n        const outerDef = ss.schema(gKey);\n        const defs = outerDef && outerDef.type.definitions;\n        const def = defs && defs[0];\n\n        // Autoconvert values if requested and if possible\n        if (options.autoConvert && def) {\n          const isValidType = defs.some((definition) => {\n            const errors = typeValidator.call({\n              valueShouldBeChecked: true,\n              definition,\n              value: val,\n            });\n            return errors === undefined;\n          });\n\n          if (!isValidType) {\n            const newVal = convertToProperType(val, def.type);\n            if (newVal !== undefined && newVal !== val) {\n              SimpleSchema.debug\n                && console.info(\n                  `SimpleSchema.clean: autoconverted value ${val} from ${typeof val} to ${typeof newVal} for ${gKey}`,\n                );\n              val = newVal;\n              this.updateValue(newVal);\n            }\n          }\n        }\n\n        // Trim strings if\n        // 1. The trimStrings option is `true` AND\n        // 2. The field is not in the schema OR is in the schema with `trim` !== `false` AND\n        // 3. The value is a string.\n        if (\n          options.trimStrings\n          && (!def || def.trim !== false)\n          && typeof val === 'string'\n        ) {\n          val = val.trim();\n          this.updateValue(val);\n        }\n\n        // Remove empty strings if\n        // 1. The removeEmptyStrings option is `true` AND\n        // 2. The value is in a normal object or in the $set part of a modifier\n        // 3. The value is an empty string.\n        if (\n          options.removeEmptyStrings\n          && (!this.operator || this.operator === '$set')\n          && typeof val === 'string'\n          && !val.length\n        ) {\n          // For a document, we remove any fields that are being set to an empty string\n          this.remove();\n          // For a modifier, we $unset any fields that are being set to an empty string.\n          // But only if we're not already within an entire object that is being set.\n          if (\n            this.operator === '$set'\n            && this.position.match(/\\[/g).length < 2\n          ) {\n            p = this.position.replace('$set', '$unset');\n            mongoObject.setValueForPosition(p, '');\n          }\n        }\n      },\n      { endPointsOnly: false },\n    );\n\n    // Remove any objects that are now empty after filtering\n    removedPositions.forEach((removedPosition) => {\n      const lastBrace = removedPosition.lastIndexOf('[');\n      if (lastBrace !== -1) {\n        const removedPositionParent = removedPosition.slice(0, lastBrace);\n        const value = mongoObject.getValueForPosition(removedPositionParent);\n        if (isEmptyObject(value)) mongoObject.removeValueForPosition(removedPositionParent);\n      }\n    });\n\n    mongoObject.removeArrayItems();\n  }\n\n  // Set automatic values\n  options.getAutoValues\n    && setAutoValues(\n      ss.autoValueFunctions(),\n      mongoObject,\n      options.isModifier,\n      options.isUpsert,\n      options.extendAutoValueContext,\n    );\n\n  // Ensure we don't have any operators set to an empty object\n  // since MongoDB 2.6+ will throw errors.\n  if (options.isModifier) {\n    Object.keys(cleanDoc || {}).forEach((op) => {\n      const operatorValue = cleanDoc[op];\n      if (\n        typeof operatorValue === 'object'\n        && operatorValue !== null\n        && isEmptyObject(operatorValue)\n      ) {\n        delete cleanDoc[op];\n      }\n    });\n  }\n\n  return cleanDoc;\n}\n\nexport default clean;\n"],"mappings":"AAAA,IAAIA,OAAO;AAACC,MAAM,CAACC,IAAI,CAAC,+BAA+B,EAAC;EAACC,OAAO,EAAC,SAAAA,CAASC,CAAC,EAAC;IAACJ,OAAO,GAACI,CAAC;EAAA;AAAC,CAAC,EAAC,CAAC,CAAC;AAAC,IAAIC,aAAa;AAACJ,MAAM,CAACC,IAAI,CAAC,sCAAsC,EAAC;EAACC,OAAO,EAAC,SAAAA,CAASC,CAAC,EAAC;IAACC,aAAa,GAACD,CAAC;EAAA;AAAC,CAAC,EAAC,CAAC,CAAC;AAA1M,IAAIE,KAAK;AAACL,MAAM,CAACC,IAAI,CAAC,OAAO,EAAC;EAAC,WAAQ,SAAAC,CAASC,CAAC,EAAC;IAACE,KAAK,GAACF,CAAC;EAAA;AAAC,CAAC,EAAC,CAAC,CAAC;AAAC,IAAIG,WAAW;AAACN,MAAM,CAACC,IAAI,CAAC,cAAc,EAAC;EAAC,WAAQ,SAAAC,CAASC,CAAC,EAAC;IAACG,WAAW,GAACH,CAAC;EAAA;AAAC,CAAC,EAAC,CAAC,CAAC;AAAC,IAAII,aAAa,EAACC,iBAAiB;AAACR,MAAM,CAACC,IAAI,CAAC,WAAW,EAAC;EAACM,aAAa,EAAC,SAAAA,CAASJ,CAAC,EAAC;IAACI,aAAa,GAACJ,CAAC;EAAA,CAAC;EAACK,iBAAiB,EAAC,SAAAA,CAASL,CAAC,EAAC;IAACK,iBAAiB,GAACL,CAAC;EAAA;AAAC,CAAC,EAAC,CAAC,CAAC;AAAC,IAAIM,YAAY;AAACT,MAAM,CAACC,IAAI,CAAC,gBAAgB,EAAC;EAACQ,YAAY,EAAC,SAAAA,CAASN,CAAC,EAAC;IAACM,YAAY,GAACN,CAAC;EAAA;AAAC,CAAC,EAAC,CAAC,CAAC;AAAC,IAAIO,mBAAmB;AAACV,MAAM,CAACC,IAAI,CAAC,6BAA6B,EAAC;EAAC,WAAQ,SAAAC,CAASC,CAAC,EAAC;IAACO,mBAAmB,GAACP,CAAC;EAAA;AAAC,CAAC,EAAC,CAAC,CAAC;AAAC,IAAIQ,aAAa;AAACX,MAAM,CAACC,IAAI,CAAC,uBAAuB,EAAC;EAAC,WAAQ,SAAAC,CAASC,CAAC,EAAC;IAACQ,aAAa,GAACR,CAAC;EAAA;AAAC,CAAC,EAAC,CAAC,CAAC;AAAC,IAAIS,aAAa;AAACZ,MAAM,CAACC,IAAI,CAAC,4BAA4B,EAAC;EAAC,WAAQ,SAAAC,CAASC,CAAC,EAAC;IAACS,aAAa,GAACT,CAAC;EAAA;AAAC,CAAC,EAAC,CAAC,CAAC;AAQpsB,IAAMU,sBAAsB,GAAG,CAAC,QAAQ,EAAE,cAAc,CAAC;;AAEzD;AACA;AACA;AACA;AACA;AACA;AACA;AACA;AACA;AACA;AACA;AACA;AACA;AACA;AACA;AACA;AACA;AACA;AACA;AACA;AACA;AACA;AACA,SAASC,KAAKA,CAACC,EAAE,EAAEC,GAAG,EAAgB;EAAA,IAAdC,OAAO,GAAAC,SAAA,CAAAC,MAAA,QAAAD,SAAA,QAAAE,SAAA,GAAAF,SAAA,MAAG,CAAC,CAAC;EAClC;EACAD,OAAO,GAAAb,aAAA,CAAAA,aAAA;IACLiB,UAAU,EAAEb,iBAAiB,CAACQ,GAAG,CAAC;IAClCM,QAAQ,EAAE;EAAK,GACZP,EAAE,CAACQ,aAAa,GAChBN,OAAO,CACX;;EAED;EACA,IAAMO,QAAQ,GAAGP,OAAO,CAACQ,MAAM,GAAGT,GAAG,GAAGX,KAAK,CAACW,GAAG,CAAC;EAElD,IAAMU,WAAW,GAAGT,OAAO,CAACS,WAAW,IAAI,IAAIpB,WAAW,CAACkB,QAAQ,EAAET,EAAE,CAACY,YAAY,CAAC,CAAC,CAAC;;EAEvF;EACA,IACEV,OAAO,CAACW,MAAM,IACXX,OAAO,CAACY,WAAW,IACnBZ,OAAO,CAACa,kBAAkB,IAC1Bb,OAAO,CAACc,WAAW,EACtB;IACA,IAAMC,gBAAgB,GAAG,EAAE,CAAC,CAAC;;IAE7BN,WAAW,CAACO,WAAW;MACrB,SAASC,QAAQA,CAAA,EAAG;QAClB;QACA;QACA;QACA,IAAIrB,sBAAsB,CAACsB,QAAQ,CAAC,IAAI,CAACC,QAAQ,CAAC,EAAE;QAEpD,IAAMC,IAAI,GAAG,IAAI,CAACC,UAAU;QAC5B,IAAI,CAACD,IAAI,EAAE;QAEX,IAAIE,GAAG,GAAG,IAAI,CAACC,KAAK;QACpB,IAAID,GAAG,KAAKnB,SAAS,EAAE;QAEvB,IAAIqB,CAAC;;QAEL;QACA,IACGxB,OAAO,CAACW,MAAM,IAAI,CAACb,EAAE,CAAC2B,SAAS,CAACL,IAAI,CAAC,IAClCpB,OAAO,CAAC0B,qBAAqB,IAAI,IAAI,CAACC,WAAW,IAAIL,GAAG,KAAK,IAAK,EACtE;UACA;UACA,IAAI,IAAI,CAACM,QAAQ,CAACC,KAAK,CAAC,CAAC,CAAC,CAAC,KAAK,SAAS,EAAE;YACzCpB,WAAW,CAACqB,sBAAsB,CAAC,IAAI,CAACF,QAAQ,CAACC,KAAK,CAAC,CAAC,EAAE,CAAC,CAAC,CAAC,CAAC;YAC9Dd,gBAAgB,CAACgB,IAAI,CAAC,IAAI,CAACH,QAAQ,CAACC,KAAK,CAAC,CAAC,EAAE,CAAC,CAAC,CAAC,CAAC;UACnD,CAAC,MAAM;YACL,IAAI,CAACG,MAAM,CAAC,CAAC;YACbjB,gBAAgB,CAACgB,IAAI,CAAC,IAAI,CAACH,QAAQ,CAAC;UACtC;UACA,IAAIpC,YAAY,CAACyC,KAAK,EAAE;YACtBC,OAAO,CAACC,IAAI,4EAC8Df,IAAI,2CAC9E,CAAC;UACH;UACA,OAAO,CAAC;QACV;QAEA,IAAMgB,QAAQ,GAAGtC,EAAE,CAACuC,MAAM,CAACjB,IAAI,CAAC;QAChC,IAAMkB,IAAI,GAAGF,QAAQ,IAAIA,QAAQ,CAACG,IAAI,CAACC,WAAW;QAClD,IAAMC,GAAG,GAAGH,IAAI,IAAIA,IAAI,CAAC,CAAC,CAAC;;QAE3B;QACA,IAAItC,OAAO,CAACY,WAAW,IAAI6B,GAAG,EAAE;UAC9B,IAAMC,WAAW,GAAGJ,IAAI,CAACK,IAAI,CAAC,UAACC,UAAU,EAAK;YAC5C,IAAMC,MAAM,GAAGlD,aAAa,CAACmD,IAAI,CAAC;cAChCC,oBAAoB,EAAE,IAAI;cAC1BH,UAAU,EAAVA,UAAU;cACVrB,KAAK,EAAED;YACT,CAAC,CAAC;YACF,OAAOuB,MAAM,KAAK1C,SAAS;UAC7B,CAAC,CAAC;UAEF,IAAI,CAACuC,WAAW,EAAE;YAChB,IAAMM,MAAM,GAAGvD,mBAAmB,CAAC6B,GAAG,EAAEmB,GAAG,CAACF,IAAI,CAAC;YACjD,IAAIS,MAAM,KAAK7C,SAAS,IAAI6C,MAAM,KAAK1B,GAAG,EAAE;cAC1C9B,YAAY,CAACyC,KAAK,IACbC,OAAO,CAACC,IAAI,8CAC8Bb,GAAG,cAAAxC,OAAA,CAAgBwC,GAAG,aAAAxC,OAAA,CAAckE,MAAM,cAAQ5B,IAC/F,CAAC;cACHE,GAAG,GAAG0B,MAAM;cACZ,IAAI,CAACC,WAAW,CAACD,MAAM,CAAC;YAC1B;UACF;QACF;;QAEA;QACA;QACA;QACA;QACA,IACEhD,OAAO,CAACc,WAAW,KACf,CAAC2B,GAAG,IAAIA,GAAG,CAACS,IAAI,KAAK,KAAK,CAAC,IAC5B,OAAO5B,GAAG,KAAK,QAAQ,EAC1B;UACAA,GAAG,GAAGA,GAAG,CAAC4B,IAAI,CAAC,CAAC;UAChB,IAAI,CAACD,WAAW,CAAC3B,GAAG,CAAC;QACvB;;QAEA;QACA;QACA;QACA;QACA,IACEtB,OAAO,CAACa,kBAAkB,KACtB,CAAC,IAAI,CAACM,QAAQ,IAAI,IAAI,CAACA,QAAQ,KAAK,MAAM,CAAC,IAC5C,OAAOG,GAAG,KAAK,QAAQ,IACvB,CAACA,GAAG,CAACpB,MAAM,EACd;UACA;UACA,IAAI,CAAC8B,MAAM,CAAC,CAAC;UACb;UACA;UACA,IACE,IAAI,CAACb,QAAQ,KAAK,MAAM,IACrB,IAAI,CAACS,QAAQ,CAACuB,KAAK,CAAC,KAAK,CAAC,CAACjD,MAAM,GAAG,CAAC,EACxC;YACAsB,CAAC,GAAG,IAAI,CAACI,QAAQ,CAACwB,OAAO,CAAC,MAAM,EAAE,QAAQ,CAAC;YAC3C3C,WAAW,CAAC4C,mBAAmB,CAAC7B,CAAC,EAAE,EAAE,CAAC;UACxC;QACF;MACF;MAAC,OAlGQP,QAAQ;IAAA,KAmGjB;MAAEqC,aAAa,EAAE;IAAM,CACzB,CAAC;;IAED;IACAvC,gBAAgB,CAACwC,OAAO,CAAC,UAACC,eAAe,EAAK;MAC5C,IAAMC,SAAS,GAAGD,eAAe,CAACE,WAAW,CAAC,GAAG,CAAC;MAClD,IAAID,SAAS,KAAK,CAAC,CAAC,EAAE;QACpB,IAAME,qBAAqB,GAAGH,eAAe,CAAC3B,KAAK,CAAC,CAAC,EAAE4B,SAAS,CAAC;QACjE,IAAMlC,KAAK,GAAGd,WAAW,CAACmD,mBAAmB,CAACD,qBAAqB,CAAC;QACpE,IAAIrE,aAAa,CAACiC,KAAK,CAAC,EAAEd,WAAW,CAACqB,sBAAsB,CAAC6B,qBAAqB,CAAC;MACrF;IACF,CAAC,CAAC;IAEFlD,WAAW,CAACoD,gBAAgB,CAAC,CAAC;EAChC;;EAEA;EACA7D,OAAO,CAAC8D,aAAa,IAChBpE,aAAa,CACdI,EAAE,CAACiE,kBAAkB,CAAC,CAAC,EACvBtD,WAAW,EACXT,OAAO,CAACI,UAAU,EAClBJ,OAAO,CAACK,QAAQ,EAChBL,OAAO,CAACgE,sBACV,CAAC;;EAEH;EACA;EACA,IAAIhE,OAAO,CAACI,UAAU,EAAE;IACtB6D,MAAM,CAACC,IAAI,CAAC3D,QAAQ,IAAI,CAAC,CAAC,CAAC,CAACgD,OAAO,CAAC,UAACY,EAAE,EAAK;MAC1C,IAAMC,aAAa,GAAG7D,QAAQ,CAAC4D,EAAE,CAAC;MAClC,IACErF,OAAA,CAAOsF,aAAa,MAAK,QAAQ,IAC9BA,aAAa,KAAK,IAAI,IACtB9E,aAAa,CAAC8E,aAAa,CAAC,EAC/B;QACA,OAAO7D,QAAQ,CAAC4D,EAAE,CAAC;MACrB;IACF,CAAC,CAAC;EACJ;EAEA,OAAO5D,QAAQ;AACjB;AArMAxB,MAAM,CAACsF,aAAa,CAuMLxE,KAvMS,CAAC"},"sourceType":"module","externalDependencies":{},"hash":"666d802066bedc1aa07f6cee4d7475b5cefe4e55"}
