{"metadata":{},"options":{"assumptions":{},"compact":false,"sourceMaps":true,"ast":true,"babelrc":false,"configFile":false,"parserOpts":{"sourceType":"module","sourceFileName":"D:\\loan_app\\loan-management\\packages\\ejson\\stringify.js","plugins":["*","flow","jsx","asyncGenerators","bigInt","classPrivateMethods","classPrivateProperties","classProperties","doExpressions","dynamicImport","exportDefaultFrom","exportExtensions","exportNamespaceFrom","functionBind","functionSent","importMeta","nullishCoalescingOperator","numericSeparator","objectRestSpread","optionalCatchBinding","optionalChaining",["pipelineOperator",{"proposal":"minimal"}],"throwExpressions","classProperties","classPrivateProperties","jsx","nullishCoalescingOperator","nullishCoalescingOperator","optionalChaining","optionalChaining","optionalCatchBinding","optionalCatchBinding","classProperties","classPrivateProperties","classPrivateMethods","classProperties","classPrivateProperties","asyncGenerators","asyncGenerators","objectRestSpread","objectRestSpread","logicalAssignment"],"allowImportExportEverywhere":true,"allowReturnOutsideFunction":true,"allowUndeclaredExports":true,"strictMode":false},"caller":{"name":"meteor","arch":"web.browser"},"sourceFileName":"packages/ejson/stringify.js","filename":"D:\\loan_app\\loan-management\\packages\\ejson\\stringify.js","targets":{},"cloneInputAst":true,"browserslistConfigFile":false,"passPerPreset":false,"envName":"development","cwd":"D:\\loan_app\\loan-management","root":"D:\\loan_app\\loan-management","rootMode":"root","plugins":[{"key":"base$0","visitor":{"_exploded":true,"_verified":true},"options":{},"externalDependencies":[]},{"key":"base$0$0","visitor":{"Program":{"enter":[null],"exit":[null]},"_exploded":true,"_verified":true},"options":{"avoidModernSyntax":false,"enforceStrictMode":false,"dynamicImport":true,"generateLetDeclarations":true},"externalDependencies":[]},{"key":"transform-runtime","visitor":{"MemberExpression":{"enter":[null]},"ObjectPattern":{"enter":[null]},"BinaryExpression":{"enter":[null]},"Identifier":{"enter":[null]},"JSXIdentifier":{"enter":[null]},"_exploded":true,"_verified":true},"options":{"version":"7.17.2","helpers":true,"useESModules":false,"corejs":false},"externalDependencies":[]},{"key":"proposal-class-properties","visitor":{"ExportDefaultDeclaration":{"enter":[null]},"_exploded":true,"_verified":true,"ClassExpression":{"enter":[null]},"ClassDeclaration":{"enter":[null]}},"options":{"loose":true},"externalDependencies":[]},{"key":"transform-react-jsx","visitor":{"JSXNamespacedName":{"enter":[null]},"JSXSpreadChild":{"enter":[null]},"Program":{"enter":[null]},"JSXFragment":{"exit":[null]},"JSXElement":{"exit":[null]},"JSXAttribute":{"enter":[null]},"_exploded":true,"_verified":true},"options":{"pragma":"React.createElement","pragmaFrag":"React.Fragment","runtime":"classic","throwIfNamespace":true,"useBuiltIns":false},"externalDependencies":[]},{"key":"transform-react-display-name","visitor":{"ExportDefaultDeclaration":{"enter":[null]},"CallExpression":{"enter":[null]},"_exploded":true,"_verified":true},"options":{},"externalDependencies":[]},{"key":"transform-react-pure-annotations","visitor":{"CallExpression":{"enter":[null]},"_exploded":true,"_verified":true},"options":{},"externalDependencies":[]},{"key":"syntax-nullish-coalescing-operator","visitor":{"_exploded":true,"_verified":true},"options":{},"externalDependencies":[]},{"key":"proposal-nullish-coalescing-operator","visitor":{"LogicalExpression":{"enter":[null]},"_exploded":true,"_verified":true},"options":{},"externalDependencies":[]},{"key":"syntax-optional-chaining","visitor":{"_exploded":true,"_verified":true},"options":{},"externalDependencies":[]},{"key":"proposal-optional-chaining","visitor":{"OptionalCallExpression":{"enter":[null]},"OptionalMemberExpression":{"enter":[null]},"_exploded":true,"_verified":true},"options":{},"externalDependencies":[]},{"key":"syntax-optional-catch-binding","visitor":{"_exploded":true,"_verified":true},"options":{},"externalDependencies":[]},{"key":"proposal-optional-catch-binding","visitor":{"CatchClause":{"enter":[null]},"_exploded":true,"_verified":true},"options":{},"externalDependencies":[]},{"key":"syntax-class-properties","visitor":{"_exploded":true,"_verified":true},"options":{},"externalDependencies":[]},{"key":"proposal-class-properties","visitor":{"ExportDefaultDeclaration":{"enter":[null]},"_exploded":true,"_verified":true,"ClassExpression":{"enter":[null]},"ClassDeclaration":{"enter":[null]}},"options":{},"externalDependencies":[]},{"key":"syntax-async-generators","visitor":{"_exploded":true,"_verified":true},"options":{},"externalDependencies":[]},{"key":"proposal-async-generator-functions","visitor":{"Program":{"enter":[null]},"_exploded":true,"_verified":true},"options":{},"externalDependencies":[]},{"key":"syntax-object-rest-spread","visitor":{"_exploded":true,"_verified":true},"options":{},"externalDependencies":[]},{"key":"proposal-object-rest-spread","visitor":{"VariableDeclarator":{"enter":[null]},"ExportNamedDeclaration":{"enter":[null]},"CatchClause":{"enter":[null]},"AssignmentExpression":{"enter":[null]},"ArrayPattern":{"enter":[null]},"ObjectExpression":{"enter":[null]},"FunctionDeclaration":{"enter":[null]},"FunctionExpression":{"enter":[null]},"ObjectMethod":{"enter":[null]},"ArrowFunctionExpression":{"enter":[null]},"ClassMethod":{"enter":[null]},"ClassPrivateMethod":{"enter":[null]},"ForInStatement":{"enter":[null]},"ForOfStatement":{"enter":[null]},"_exploded":true,"_verified":true},"options":{},"externalDependencies":[]},{"key":"proposal-logical-assignment-operators","visitor":{"AssignmentExpression":{"enter":[null]},"_exploded":true,"_verified":true},"options":{},"externalDependencies":[]},{"key":"transform-literals","visitor":{"NumericLiteral":{"enter":[null]},"StringLiteral":{"enter":[null]},"_exploded":true,"_verified":true},"options":{},"externalDependencies":[]},{"key":"transform-template-literals","visitor":{"TaggedTemplateExpression":{"enter":[null]},"TemplateLiteral":{"enter":[null]},"_exploded":true,"_verified":true},"options":{},"externalDependencies":[]},{"key":"transform-parameters","visitor":{"_exploded":true,"_verified":true,"FunctionDeclaration":{"enter":[null]},"FunctionExpression":{"enter":[null]},"ObjectMethod":{"enter":[null]},"ArrowFunctionExpression":{"enter":[null]},"ClassMethod":{"enter":[null]},"ClassPrivateMethod":{"enter":[null]}},"options":{},"externalDependencies":[]},{"key":"transform-exponentiation-operator","visitor":{"AssignmentExpression":{"enter":[null]},"BinaryExpression":{"enter":[null]},"_exploded":true,"_verified":true},"options":{},"externalDependencies":[]}],"presets":[],"generatorOpts":{"filename":"D:\\loan_app\\loan-management\\packages\\ejson\\stringify.js","comments":true,"compact":false,"sourceMaps":true,"sourceFileName":"packages/ejson/stringify.js"}},"code":"// Based on json2.js from https://github.com/douglascrockford/JSON-js\n//\n//    json2.js\n//    2012-10-08\n//\n//    Public Domain.\n//\n//    NO WARRANTY EXPRESSED OR IMPLIED. USE AT YOUR OWN RISK.\n\nfunction quote(string) {\n  return JSON.stringify(string);\n}\nconst str = (key, holder, singleIndent, outerIndent, canonical) => {\n  const value = holder[key];\n\n  // What happens next depends on the value's type.\n  switch (typeof value) {\n    case 'string':\n      return quote(value);\n    case 'number':\n      // JSON numbers must be finite. Encode non-finite numbers as null.\n      return isFinite(value) ? String(value) : 'null';\n    case 'boolean':\n      return String(value);\n    // If the type is 'object', we might be dealing with an object or an array or\n    // null.\n    case 'object':\n      {\n        // Due to a specification blunder in ECMAScript, typeof null is 'object',\n        // so watch out for that case.\n        if (!value) {\n          return 'null';\n        }\n        // Make an array to hold the partial results of stringifying this object\n        // value.\n        const innerIndent = outerIndent + singleIndent;\n        const partial = [];\n        let v;\n\n        // Is the value an array?\n        if (Array.isArray(value) || {}.hasOwnProperty.call(value, 'callee')) {\n          // The value is an array. Stringify every element. Use null as a\n          // placeholder for non-JSON values.\n          const length = value.length;\n          for (let i = 0; i < length; i += 1) {\n            partial[i] = str(i, value, singleIndent, innerIndent, canonical) || 'null';\n          }\n\n          // Join all of the elements together, separated with commas, and wrap\n          // them in brackets.\n          if (partial.length === 0) {\n            v = '[]';\n          } else if (innerIndent) {\n            v = '[\\n' + innerIndent + partial.join(',\\n' + innerIndent) + '\\n' + outerIndent + ']';\n          } else {\n            v = '[' + partial.join(',') + ']';\n          }\n          return v;\n        }\n\n        // Iterate through all of the keys in the object.\n        let keys = Object.keys(value);\n        if (canonical) {\n          keys = keys.sort();\n        }\n        keys.forEach(k => {\n          v = str(k, value, singleIndent, innerIndent, canonical);\n          if (v) {\n            partial.push(quote(k) + (innerIndent ? ': ' : ':') + v);\n          }\n        });\n\n        // Join all of the member texts together, separated with commas,\n        // and wrap them in braces.\n        if (partial.length === 0) {\n          v = '{}';\n        } else if (innerIndent) {\n          v = '{\\n' + innerIndent + partial.join(',\\n' + innerIndent) + '\\n' + outerIndent + '}';\n        } else {\n          v = '{' + partial.join(',') + '}';\n        }\n        return v;\n      }\n    default: // Do nothing\n  }\n};\n\n// If the JSON object does not yet have a stringify method, give it one.\nconst canonicalStringify = (value, options) => {\n  // Make a fake root object containing our value under the key of ''.\n  // Return the result of stringifying the value.\n  const allOptions = Object.assign({\n    indent: '',\n    canonical: false\n  }, options);\n  if (allOptions.indent === true) {\n    allOptions.indent = '  ';\n  } else if (typeof allOptions.indent === 'number') {\n    let newIndent = '';\n    for (let i = 0; i < allOptions.indent; i++) {\n      newIndent += ' ';\n    }\n    allOptions.indent = newIndent;\n  }\n  return str('', {\n    '': value\n  }, allOptions.indent, '', allOptions.canonical);\n};\nmodule.exportDefault(canonicalStringify);","map":{"version":3,"names":["quote","string","JSON","stringify","str","key","holder","singleIndent","outerIndent","canonical","value","isFinite","String","innerIndent","partial","v","Array","isArray","hasOwnProperty","call","length","i","join","keys","Object","sort","forEach","k","push","canonicalStringify","options","allOptions","assign","indent","newIndent","module","exportDefault"],"sources":["packages/ejson/stringify.js"],"sourcesContent":["// Based on json2.js from https://github.com/douglascrockford/JSON-js\n//\n//    json2.js\n//    2012-10-08\n//\n//    Public Domain.\n//\n//    NO WARRANTY EXPRESSED OR IMPLIED. USE AT YOUR OWN RISK.\n\nfunction quote(string) {\n  return JSON.stringify(string);\n}\n\nconst str = (key, holder, singleIndent, outerIndent, canonical) => {\n  const value = holder[key];\n\n  // What happens next depends on the value's type.\n  switch (typeof value) {\n  case 'string':\n    return quote(value);\n  case 'number':\n    // JSON numbers must be finite. Encode non-finite numbers as null.\n    return isFinite(value) ? String(value) : 'null';\n  case 'boolean':\n    return String(value);\n  // If the type is 'object', we might be dealing with an object or an array or\n  // null.\n  case 'object': {\n    // Due to a specification blunder in ECMAScript, typeof null is 'object',\n    // so watch out for that case.\n    if (!value) {\n      return 'null';\n    }\n    // Make an array to hold the partial results of stringifying this object\n    // value.\n    const innerIndent = outerIndent + singleIndent;\n    const partial = [];\n    let v;\n\n    // Is the value an array?\n    if (Array.isArray(value) || ({}).hasOwnProperty.call(value, 'callee')) {\n      // The value is an array. Stringify every element. Use null as a\n      // placeholder for non-JSON values.\n      const length = value.length;\n      for (let i = 0; i < length; i += 1) {\n        partial[i] =\n          str(i, value, singleIndent, innerIndent, canonical) || 'null';\n      }\n\n      // Join all of the elements together, separated with commas, and wrap\n      // them in brackets.\n      if (partial.length === 0) {\n        v = '[]';\n      } else if (innerIndent) {\n        v = '[\\n' +\n          innerIndent +\n          partial.join(',\\n' +\n          innerIndent) +\n          '\\n' +\n          outerIndent +\n          ']';\n      } else {\n        v = '[' + partial.join(',') + ']';\n      }\n      return v;\n    }\n\n    // Iterate through all of the keys in the object.\n    let keys = Object.keys(value);\n    if (canonical) {\n      keys = keys.sort();\n    }\n    keys.forEach(k => {\n      v = str(k, value, singleIndent, innerIndent, canonical);\n      if (v) {\n        partial.push(quote(k) + (innerIndent ? ': ' : ':') + v);\n      }\n    });\n\n    // Join all of the member texts together, separated with commas,\n    // and wrap them in braces.\n    if (partial.length === 0) {\n      v = '{}';\n    } else if (innerIndent) {\n      v = '{\\n' +\n        innerIndent +\n        partial.join(',\\n' +\n        innerIndent) +\n        '\\n' +\n        outerIndent +\n        '}';\n    } else {\n      v = '{' + partial.join(',') + '}';\n    }\n    return v;\n  }\n\n  default: // Do nothing\n  }\n};\n\n// If the JSON object does not yet have a stringify method, give it one.\nconst canonicalStringify = (value, options) => {\n  // Make a fake root object containing our value under the key of ''.\n  // Return the result of stringifying the value.\n  const allOptions = Object.assign({\n    indent: '',\n    canonical: false,\n  }, options);\n  if (allOptions.indent === true) {\n    allOptions.indent = '  ';\n  } else if (typeof allOptions.indent === 'number') {\n    let newIndent = '';\n    for (let i = 0; i < allOptions.indent; i++) {\n      newIndent += ' ';\n    }\n    allOptions.indent = newIndent;\n  }\n  return str('', {'': value}, allOptions.indent, '', allOptions.canonical);\n};\n\nexport default canonicalStringify;\n"],"mappings":"AAAA;AACA;AACA;AACA;AACA;AACA;AACA;AACA;;AAEA,SAASA,KAAKA,CAACC,MAAM,EAAE;EACrB,OAAOC,IAAI,CAACC,SAAS,CAACF,MAAM,CAAC;AAC/B;AAEA,MAAMG,GAAG,GAAGA,CAACC,GAAG,EAAEC,MAAM,EAAEC,YAAY,EAAEC,WAAW,EAAEC,SAAS,KAAK;EACjE,MAAMC,KAAK,GAAGJ,MAAM,CAACD,GAAG,CAAC;;EAEzB;EACA,QAAQ,OAAOK,KAAK;IACpB,KAAK,QAAQ;MACX,OAAOV,KAAK,CAACU,KAAK,CAAC;IACrB,KAAK,QAAQ;MACX;MACA,OAAOC,QAAQ,CAACD,KAAK,CAAC,GAAGE,MAAM,CAACF,KAAK,CAAC,GAAG,MAAM;IACjD,KAAK,SAAS;MACZ,OAAOE,MAAM,CAACF,KAAK,CAAC;IACtB;IACA;IACA,KAAK,QAAQ;MAAE;QACb;QACA;QACA,IAAI,CAACA,KAAK,EAAE;UACV,OAAO,MAAM;QACf;QACA;QACA;QACA,MAAMG,WAAW,GAAGL,WAAW,GAAGD,YAAY;QAC9C,MAAMO,OAAO,GAAG,EAAE;QAClB,IAAIC,CAAC;;QAEL;QACA,IAAIC,KAAK,CAACC,OAAO,CAACP,KAAK,CAAC,IAAK,CAAC,CAAC,CAAEQ,cAAc,CAACC,IAAI,CAACT,KAAK,EAAE,QAAQ,CAAC,EAAE;UACrE;UACA;UACA,MAAMU,MAAM,GAAGV,KAAK,CAACU,MAAM;UAC3B,KAAK,IAAIC,CAAC,GAAG,CAAC,EAAEA,CAAC,GAAGD,MAAM,EAAEC,CAAC,IAAI,CAAC,EAAE;YAClCP,OAAO,CAACO,CAAC,CAAC,GACRjB,GAAG,CAACiB,CAAC,EAAEX,KAAK,EAAEH,YAAY,EAAEM,WAAW,EAAEJ,SAAS,CAAC,IAAI,MAAM;UACjE;;UAEA;UACA;UACA,IAAIK,OAAO,CAACM,MAAM,KAAK,CAAC,EAAE;YACxBL,CAAC,GAAG,IAAI;UACV,CAAC,MAAM,IAAIF,WAAW,EAAE;YACtBE,CAAC,GAAG,KAAK,GACPF,WAAW,GACXC,OAAO,CAACQ,IAAI,CAAC,KAAK,GAClBT,WAAW,CAAC,GACZ,IAAI,GACJL,WAAW,GACX,GAAG;UACP,CAAC,MAAM;YACLO,CAAC,GAAG,GAAG,GAAGD,OAAO,CAACQ,IAAI,CAAC,GAAG,CAAC,GAAG,GAAG;UACnC;UACA,OAAOP,CAAC;QACV;;QAEA;QACA,IAAIQ,IAAI,GAAGC,MAAM,CAACD,IAAI,CAACb,KAAK,CAAC;QAC7B,IAAID,SAAS,EAAE;UACbc,IAAI,GAAGA,IAAI,CAACE,IAAI,CAAC,CAAC;QACpB;QACAF,IAAI,CAACG,OAAO,CAACC,CAAC,IAAI;UAChBZ,CAAC,GAAGX,GAAG,CAACuB,CAAC,EAAEjB,KAAK,EAAEH,YAAY,EAAEM,WAAW,EAAEJ,SAAS,CAAC;UACvD,IAAIM,CAAC,EAAE;YACLD,OAAO,CAACc,IAAI,CAAC5B,KAAK,CAAC2B,CAAC,CAAC,IAAId,WAAW,GAAG,IAAI,GAAG,GAAG,CAAC,GAAGE,CAAC,CAAC;UACzD;QACF,CAAC,CAAC;;QAEF;QACA;QACA,IAAID,OAAO,CAACM,MAAM,KAAK,CAAC,EAAE;UACxBL,CAAC,GAAG,IAAI;QACV,CAAC,MAAM,IAAIF,WAAW,EAAE;UACtBE,CAAC,GAAG,KAAK,GACPF,WAAW,GACXC,OAAO,CAACQ,IAAI,CAAC,KAAK,GAClBT,WAAW,CAAC,GACZ,IAAI,GACJL,WAAW,GACX,GAAG;QACP,CAAC,MAAM;UACLO,CAAC,GAAG,GAAG,GAAGD,OAAO,CAACQ,IAAI,CAAC,GAAG,CAAC,GAAG,GAAG;QACnC;QACA,OAAOP,CAAC;MACV;IAEA,QAAQ,CAAC;EACT;AACF,CAAC;;AAED;AACA,MAAMc,kBAAkB,GAAGA,CAACnB,KAAK,EAAEoB,OAAO,KAAK;EAC7C;EACA;EACA,MAAMC,UAAU,GAAGP,MAAM,CAACQ,MAAM,CAAC;IAC/BC,MAAM,EAAE,EAAE;IACVxB,SAAS,EAAE;EACb,CAAC,EAAEqB,OAAO,CAAC;EACX,IAAIC,UAAU,CAACE,MAAM,KAAK,IAAI,EAAE;IAC9BF,UAAU,CAACE,MAAM,GAAG,IAAI;EAC1B,CAAC,MAAM,IAAI,OAAOF,UAAU,CAACE,MAAM,KAAK,QAAQ,EAAE;IAChD,IAAIC,SAAS,GAAG,EAAE;IAClB,KAAK,IAAIb,CAAC,GAAG,CAAC,EAAEA,CAAC,GAAGU,UAAU,CAACE,MAAM,EAAEZ,CAAC,EAAE,EAAE;MAC1Ca,SAAS,IAAI,GAAG;IAClB;IACAH,UAAU,CAACE,MAAM,GAAGC,SAAS;EAC/B;EACA,OAAO9B,GAAG,CAAC,EAAE,EAAE;IAAC,EAAE,EAAEM;EAAK,CAAC,EAAEqB,UAAU,CAACE,MAAM,EAAE,EAAE,EAAEF,UAAU,CAACtB,SAAS,CAAC;AAC1E,CAAC;AAvHD0B,MAAM,CAACC,aAAa,CAyHLP,kBAzHS,CAAC"},"sourceType":"module","externalDependencies":{},"hash":"78d84c654a38f6793e72ec5da0a2293fbbb16a48"}
