{"metadata":{},"options":{"assumptions":{},"compact":false,"sourceMaps":true,"ast":true,"babelrc":false,"configFile":false,"parserOpts":{"sourceType":"module","sourceFileName":"D:\\loan_app\\loan-management\\packages\\autoupdate\\autoupdate_server.js","plugins":["*","flow","jsx","asyncGenerators","bigInt","classPrivateMethods","classPrivateProperties","classProperties","doExpressions","dynamicImport","exportDefaultFrom","exportExtensions","exportNamespaceFrom","functionBind","functionSent","importMeta","nullishCoalescingOperator","numericSeparator","objectRestSpread","optionalCatchBinding","optionalChaining",["pipelineOperator",{"proposal":"minimal"}],"throwExpressions","objectRestSpread","objectRestSpread","asyncGenerators","classProperties","classPrivateProperties","jsx","nullishCoalescingOperator","nullishCoalescingOperator","optionalChaining","optionalChaining","optionalCatchBinding","optionalCatchBinding","classProperties","classPrivateProperties","classPrivateMethods","classProperties","classPrivateProperties","asyncGenerators","asyncGenerators","objectRestSpread","objectRestSpread","logicalAssignment"],"allowImportExportEverywhere":true,"allowReturnOutsideFunction":true,"allowUndeclaredExports":true,"strictMode":false},"caller":{"name":"meteor","arch":"os.windows.x86_64"},"sourceFileName":"packages/autoupdate/autoupdate_server.js","filename":"D:\\loan_app\\loan-management\\packages\\autoupdate\\autoupdate_server.js","targets":{},"cloneInputAst":true,"browserslistConfigFile":false,"passPerPreset":false,"envName":"development","cwd":"D:\\loan_app\\loan-management","root":"D:\\loan_app\\loan-management","rootMode":"root","plugins":[{"key":"base$0","visitor":{"_exploded":true,"_verified":true},"options":{},"externalDependencies":[]},{"key":"base$0$0","visitor":{"Program":{"enter":[null],"exit":[null]},"_exploded":true,"_verified":true},"options":{"avoidModernSyntax":false,"enforceStrictMode":false,"dynamicImport":true,"generateLetDeclarations":true},"externalDependencies":[]},{"key":"transform-runtime","visitor":{"MemberExpression":{"enter":[null]},"ObjectPattern":{"enter":[null]},"BinaryExpression":{"enter":[null]},"Identifier":{"enter":[null]},"JSXIdentifier":{"enter":[null]},"_exploded":true,"_verified":true},"options":{"version":"7.17.2","helpers":true,"useESModules":false,"corejs":false},"externalDependencies":[]},{"key":"syntax-object-rest-spread","visitor":{"_exploded":true,"_verified":true},"options":{},"externalDependencies":[]},{"key":"proposal-object-rest-spread","visitor":{"VariableDeclarator":{"enter":[null]},"ExportNamedDeclaration":{"enter":[null]},"CatchClause":{"enter":[null]},"AssignmentExpression":{"enter":[null]},"ArrayPattern":{"enter":[null]},"ObjectExpression":{"enter":[null]},"FunctionDeclaration":{"enter":[null]},"FunctionExpression":{"enter":[null]},"ObjectMethod":{"enter":[null]},"ArrowFunctionExpression":{"enter":[null]},"ClassMethod":{"enter":[null]},"ClassPrivateMethod":{"enter":[null]},"ForInStatement":{"enter":[null]},"ForOfStatement":{"enter":[null]},"_exploded":true,"_verified":true},"options":{},"externalDependencies":[]},{"key":"transform-meteor-async-await","visitor":{"AwaitExpression":{"enter":[null]},"_exploded":true,"_verified":true,"FunctionDeclaration":{"exit":[null]},"FunctionExpression":{"exit":[null]},"ObjectMethod":{"exit":[null]},"ArrowFunctionExpression":{"exit":[null]},"ClassMethod":{"exit":[null]},"ClassPrivateMethod":{"exit":[null]}},"options":{"useNativeAsyncAwait":false},"externalDependencies":[]},{"key":"proposal-async-generator-functions","visitor":{"Program":{"enter":[null]},"_exploded":true,"_verified":true},"options":{},"externalDependencies":[]},{"key":"proposal-class-properties","visitor":{"ExportDefaultDeclaration":{"enter":[null]},"_exploded":true,"_verified":true,"ClassExpression":{"enter":[null]},"ClassDeclaration":{"enter":[null]}},"options":{"loose":true},"externalDependencies":[]},{"key":"transform-react-jsx","visitor":{"JSXNamespacedName":{"enter":[null]},"JSXSpreadChild":{"enter":[null]},"Program":{"enter":[null]},"JSXFragment":{"exit":[null]},"JSXElement":{"exit":[null]},"JSXAttribute":{"enter":[null]},"_exploded":true,"_verified":true},"options":{"pragma":"React.createElement","pragmaFrag":"React.Fragment","runtime":"classic","throwIfNamespace":true,"useBuiltIns":false},"externalDependencies":[]},{"key":"transform-react-display-name","visitor":{"ExportDefaultDeclaration":{"enter":[null]},"CallExpression":{"enter":[null]},"_exploded":true,"_verified":true},"options":{},"externalDependencies":[]},{"key":"transform-react-pure-annotations","visitor":{"CallExpression":{"enter":[null]},"_exploded":true,"_verified":true},"options":{},"externalDependencies":[]},{"key":"syntax-nullish-coalescing-operator","visitor":{"_exploded":true,"_verified":true},"options":{},"externalDependencies":[]},{"key":"proposal-nullish-coalescing-operator","visitor":{"LogicalExpression":{"enter":[null]},"_exploded":true,"_verified":true},"options":{},"externalDependencies":[]},{"key":"syntax-optional-chaining","visitor":{"_exploded":true,"_verified":true},"options":{},"externalDependencies":[]},{"key":"proposal-optional-chaining","visitor":{"OptionalCallExpression":{"enter":[null]},"OptionalMemberExpression":{"enter":[null]},"_exploded":true,"_verified":true},"options":{},"externalDependencies":[]},{"key":"syntax-optional-catch-binding","visitor":{"_exploded":true,"_verified":true},"options":{},"externalDependencies":[]},{"key":"proposal-optional-catch-binding","visitor":{"CatchClause":{"enter":[null]},"_exploded":true,"_verified":true},"options":{},"externalDependencies":[]},{"key":"syntax-class-properties","visitor":{"_exploded":true,"_verified":true},"options":{},"externalDependencies":[]},{"key":"proposal-class-properties","visitor":{"ExportDefaultDeclaration":{"enter":[null]},"_exploded":true,"_verified":true,"ClassExpression":{"enter":[null]},"ClassDeclaration":{"enter":[null]}},"options":{},"externalDependencies":[]},{"key":"syntax-async-generators","visitor":{"_exploded":true,"_verified":true},"options":{},"externalDependencies":[]},{"key":"proposal-async-generator-functions","visitor":{"Program":{"enter":[null]},"_exploded":true,"_verified":true},"options":{},"externalDependencies":[]},{"key":"syntax-object-rest-spread","visitor":{"_exploded":true,"_verified":true},"options":{},"externalDependencies":[]},{"key":"proposal-object-rest-spread","visitor":{"VariableDeclarator":{"enter":[null]},"ExportNamedDeclaration":{"enter":[null]},"CatchClause":{"enter":[null]},"AssignmentExpression":{"enter":[null]},"ArrayPattern":{"enter":[null]},"ObjectExpression":{"enter":[null]},"FunctionDeclaration":{"enter":[null]},"FunctionExpression":{"enter":[null]},"ObjectMethod":{"enter":[null]},"ArrowFunctionExpression":{"enter":[null]},"ClassMethod":{"enter":[null]},"ClassPrivateMethod":{"enter":[null]},"ForInStatement":{"enter":[null]},"ForOfStatement":{"enter":[null]},"_exploded":true,"_verified":true},"options":{},"externalDependencies":[]},{"key":"proposal-logical-assignment-operators","visitor":{"AssignmentExpression":{"enter":[null]},"_exploded":true,"_verified":true},"options":{},"externalDependencies":[]},{"key":"transform-literals","visitor":{"NumericLiteral":{"enter":[null]},"StringLiteral":{"enter":[null]},"_exploded":true,"_verified":true},"options":{},"externalDependencies":[]},{"key":"transform-template-literals","visitor":{"TaggedTemplateExpression":{"enter":[null]},"TemplateLiteral":{"enter":[null]},"_exploded":true,"_verified":true},"options":{},"externalDependencies":[]},{"key":"transform-parameters","visitor":{"_exploded":true,"_verified":true,"FunctionDeclaration":{"enter":[null]},"FunctionExpression":{"enter":[null]},"ObjectMethod":{"enter":[null]},"ArrowFunctionExpression":{"enter":[null]},"ClassMethod":{"enter":[null]},"ClassPrivateMethod":{"enter":[null]}},"options":{},"externalDependencies":[]},{"key":"transform-exponentiation-operator","visitor":{"AssignmentExpression":{"enter":[null]},"BinaryExpression":{"enter":[null]},"_exploded":true,"_verified":true},"options":{},"externalDependencies":[]}],"presets":[],"generatorOpts":{"filename":"D:\\loan_app\\loan-management\\packages\\autoupdate\\autoupdate_server.js","comments":true,"compact":false,"sourceMaps":true,"sourceFileName":"packages/autoupdate/autoupdate_server.js"}},"code":"!function (module1) {\n  let _objectSpread;\n  module1.link(\"@babel/runtime/helpers/objectSpread2\", {\n    default(v) {\n      _objectSpread = v;\n    }\n  }, 0);\n  module1.export({\n    Autoupdate: () => Autoupdate\n  });\n  let ClientVersions;\n  module1.link(\"./client_versions.js\", {\n    ClientVersions(v) {\n      ClientVersions = v;\n    }\n  }, 0);\n  let onMessage;\n  module1.link(\"meteor/inter-process-messaging\", {\n    onMessage(v) {\n      onMessage = v;\n    }\n  }, 1);\n  var Future = Npm.require(\"fibers/future\");\n  const Autoupdate = __meteor_runtime_config__.autoupdate = {\n    // Map from client architectures (web.browser, web.browser.legacy,\n    // web.cordova) to version fields { version, versionRefreshable,\n    // versionNonRefreshable, refreshable } that will be stored in\n    // ClientVersions documents (whose IDs are client architectures). This\n    // data gets serialized into the boilerplate because it's stored in\n    // __meteor_runtime_config__.autoupdate.versions.\n    versions: {}\n  };\n  // Stores acceptable client versions.\n  const clientVersions = new ClientVersions();\n\n  // The client hash includes __meteor_runtime_config__, so wait until\n  // all packages have loaded and have had a chance to populate the\n  // runtime config before using the client hash as our default auto\n  // update version id.\n\n  // Note: Tests allow people to override Autoupdate.autoupdateVersion before\n  // startup.\n  Autoupdate.autoupdateVersion = null;\n  Autoupdate.autoupdateVersionRefreshable = null;\n  Autoupdate.autoupdateVersionCordova = null;\n  Autoupdate.appId = __meteor_runtime_config__.appId = process.env.APP_ID;\n  var syncQueue = new Meteor._SynchronousQueue();\n  function updateVersions(shouldReloadClientProgram) {\n    // Step 1: load the current client program on the server\n    if (shouldReloadClientProgram) {\n      WebAppInternals.reloadClientPrograms();\n    }\n    const {\n      // If the AUTOUPDATE_VERSION environment variable is defined, it takes\n      // precedence, but Autoupdate.autoupdateVersion is still supported as\n      // a fallback. In most cases neither of these values will be defined.\n      AUTOUPDATE_VERSION = Autoupdate.autoupdateVersion\n    } = process.env;\n\n    // Step 2: update __meteor_runtime_config__.autoupdate.versions.\n    const clientArchs = Object.keys(WebApp.clientPrograms);\n    clientArchs.forEach(arch => {\n      Autoupdate.versions[arch] = {\n        version: AUTOUPDATE_VERSION || WebApp.calculateClientHash(arch),\n        versionRefreshable: AUTOUPDATE_VERSION || WebApp.calculateClientHashRefreshable(arch),\n        versionNonRefreshable: AUTOUPDATE_VERSION || WebApp.calculateClientHashNonRefreshable(arch),\n        versionReplaceable: AUTOUPDATE_VERSION || WebApp.calculateClientHashReplaceable(arch),\n        versionHmr: WebApp.clientPrograms[arch].hmrVersion\n      };\n    });\n\n    // Step 3: form the new client boilerplate which contains the updated\n    // assets and __meteor_runtime_config__.\n    if (shouldReloadClientProgram) {\n      WebAppInternals.generateBoilerplate();\n    }\n\n    // Step 4: update the ClientVersions collection.\n    // We use `onListening` here because we need to use\n    // `WebApp.getRefreshableAssets`, which is only set after\n    // `WebApp.generateBoilerplate` is called by `main` in webapp.\n    WebApp.onListening(() => {\n      clientArchs.forEach(arch => {\n        const payload = _objectSpread(_objectSpread({}, Autoupdate.versions[arch]), {}, {\n          assets: WebApp.getRefreshableAssets(arch)\n        });\n        clientVersions.set(arch, payload);\n      });\n    });\n  }\n  Meteor.publish(\"meteor_autoupdate_clientVersions\", function (appId) {\n    // `null` happens when a client doesn't have an appId and passes\n    // `undefined` to `Meteor.subscribe`. `undefined` is translated to\n    // `null` as JSON doesn't have `undefined.\n    check(appId, Match.OneOf(String, undefined, null));\n\n    // Don't notify clients using wrong appId such as mobile apps built with a\n    // different server but pointing at the same local url\n    if (Autoupdate.appId && appId && Autoupdate.appId !== appId) return [];\n    const stop = clientVersions.watch((version, isNew) => {\n      (isNew ? this.added : this.changed).call(this, \"meteor_autoupdate_clientVersions\", version._id, version);\n    });\n    this.onStop(() => stop());\n    this.ready();\n  }, {\n    is_auto: true\n  });\n  Meteor.startup(function () {\n    updateVersions(false);\n\n    // Force any connected clients that are still looking for these older\n    // document IDs to reload.\n    [\"version\", \"version-refreshable\", \"version-cordova\"].forEach(_id => {\n      clientVersions.set(_id, {\n        version: \"outdated\"\n      });\n    });\n  });\n  var fut = new Future();\n\n  // We only want 'refresh' to trigger 'updateVersions' AFTER onListen,\n  // so we add a queued task that waits for onListen before 'refresh' can queue\n  // tasks. Note that the `onListening` callbacks do not fire until after\n  // Meteor.startup, so there is no concern that the 'updateVersions' calls from\n  // 'refresh' will overlap with the `updateVersions` call from Meteor.startup.\n\n  syncQueue.queueTask(function () {\n    fut.wait();\n  });\n  WebApp.onListening(function () {\n    fut.return();\n  });\n  function enqueueVersionsRefresh() {\n    syncQueue.queueTask(function () {\n      updateVersions(true);\n    });\n  }\n\n  // Listen for messages pertaining to the client-refresh topic.\n\n  onMessage(\"client-refresh\", enqueueVersionsRefresh);\n\n  // Another way to tell the process to refresh: send SIGHUP signal\n  process.on('SIGHUP', Meteor.bindEnvironment(function () {\n    enqueueVersionsRefresh();\n  }, \"handling SIGHUP signal for refresh\"));\n}.call(this, module);","map":{"version":3,"names":["_objectSpread","module1","link","default","v","export","Autoupdate","ClientVersions","onMessage","Future","Npm","require","__meteor_runtime_config__","autoupdate","versions","clientVersions","autoupdateVersion","autoupdateVersionRefreshable","autoupdateVersionCordova","appId","process","env","APP_ID","syncQueue","Meteor","_SynchronousQueue","updateVersions","shouldReloadClientProgram","WebAppInternals","reloadClientPrograms","AUTOUPDATE_VERSION","clientArchs","Object","keys","WebApp","clientPrograms","forEach","arch","version","calculateClientHash","versionRefreshable","calculateClientHashRefreshable","versionNonRefreshable","calculateClientHashNonRefreshable","versionReplaceable","calculateClientHashReplaceable","versionHmr","hmrVersion","generateBoilerplate","onListening","payload","assets","getRefreshableAssets","set","publish","check","Match","OneOf","String","undefined","stop","watch","isNew","added","changed","call","_id","onStop","ready","is_auto","startup","fut","queueTask","wait","return","enqueueVersionsRefresh","on","bindEnvironment","module"],"sources":["packages/autoupdate/autoupdate_server.js"],"sourcesContent":["// Publish the current client versions for each client architecture\n// (web.browser, web.browser.legacy, web.cordova). When a client observes\n// a change in the versions associated with its client architecture,\n// it will refresh itself, either by swapping out CSS assets or by\n// reloading the page. Changes to the replaceable version are ignored\n// and handled by the hot-module-replacement package.\n//\n// There are four versions for any given client architecture: `version`,\n// `versionRefreshable`, `versionNonRefreshable`, and\n// `versionReplaceable`. The refreshable version is a hash of just the\n// client resources that are refreshable, such as CSS. The replaceable\n// version is a hash of files that can be updated with HMR. The\n// non-refreshable version is a hash of the rest of the client assets,\n// excluding the refreshable ones: HTML, JS that is not replaceable, and\n// static files in the `public` directory. The `version` version is a\n// combined hash of everything.\n//\n// If the environment variable `AUTOUPDATE_VERSION` is set, it will be\n// used in place of all client versions. You can use this variable to\n// control when the client reloads. For example, if you want to force a\n// reload only after major changes, use a custom AUTOUPDATE_VERSION and\n// change it only when something worth pushing to clients happens.\n//\n// The server publishes a `meteor_autoupdate_clientVersions` collection.\n// The ID of each document is the client architecture, and the fields of\n// the document are the versions described above.\n\nimport { ClientVersions } from \"./client_versions.js\";\nvar Future = Npm.require(\"fibers/future\");\n\nexport const Autoupdate = __meteor_runtime_config__.autoupdate = {\n  // Map from client architectures (web.browser, web.browser.legacy,\n  // web.cordova) to version fields { version, versionRefreshable,\n  // versionNonRefreshable, refreshable } that will be stored in\n  // ClientVersions documents (whose IDs are client architectures). This\n  // data gets serialized into the boilerplate because it's stored in\n  // __meteor_runtime_config__.autoupdate.versions.\n  versions: {}\n};\n\n// Stores acceptable client versions.\nconst clientVersions = new ClientVersions();\n\n// The client hash includes __meteor_runtime_config__, so wait until\n// all packages have loaded and have had a chance to populate the\n// runtime config before using the client hash as our default auto\n// update version id.\n\n// Note: Tests allow people to override Autoupdate.autoupdateVersion before\n// startup.\nAutoupdate.autoupdateVersion = null;\nAutoupdate.autoupdateVersionRefreshable = null;\nAutoupdate.autoupdateVersionCordova = null;\nAutoupdate.appId = __meteor_runtime_config__.appId = process.env.APP_ID;\n\nvar syncQueue = new Meteor._SynchronousQueue();\n\nfunction updateVersions(shouldReloadClientProgram) {\n  // Step 1: load the current client program on the server\n  if (shouldReloadClientProgram) {\n    WebAppInternals.reloadClientPrograms();\n  }\n\n  const {\n    // If the AUTOUPDATE_VERSION environment variable is defined, it takes\n    // precedence, but Autoupdate.autoupdateVersion is still supported as\n    // a fallback. In most cases neither of these values will be defined.\n    AUTOUPDATE_VERSION = Autoupdate.autoupdateVersion\n  } = process.env;\n\n  // Step 2: update __meteor_runtime_config__.autoupdate.versions.\n  const clientArchs = Object.keys(WebApp.clientPrograms);\n  clientArchs.forEach(arch => {\n    Autoupdate.versions[arch] = {\n      version: AUTOUPDATE_VERSION ||\n        WebApp.calculateClientHash(arch),\n      versionRefreshable: AUTOUPDATE_VERSION ||\n        WebApp.calculateClientHashRefreshable(arch),\n      versionNonRefreshable: AUTOUPDATE_VERSION ||\n        WebApp.calculateClientHashNonRefreshable(arch),\n      versionReplaceable: AUTOUPDATE_VERSION ||\n        WebApp.calculateClientHashReplaceable(arch),\n      versionHmr: WebApp.clientPrograms[arch].hmrVersion\n    };\n  });\n\n  // Step 3: form the new client boilerplate which contains the updated\n  // assets and __meteor_runtime_config__.\n  if (shouldReloadClientProgram) {\n    WebAppInternals.generateBoilerplate();\n  }\n\n  // Step 4: update the ClientVersions collection.\n  // We use `onListening` here because we need to use\n  // `WebApp.getRefreshableAssets`, which is only set after\n  // `WebApp.generateBoilerplate` is called by `main` in webapp.\n  WebApp.onListening(() => {\n    clientArchs.forEach(arch => {\n      const payload = {\n        ...Autoupdate.versions[arch],\n        assets: WebApp.getRefreshableAssets(arch),\n      };\n\n      clientVersions.set(arch, payload);\n    });\n  });\n}\n\nMeteor.publish(\n  \"meteor_autoupdate_clientVersions\",\n  function (appId) {\n    // `null` happens when a client doesn't have an appId and passes\n    // `undefined` to `Meteor.subscribe`. `undefined` is translated to\n    // `null` as JSON doesn't have `undefined.\n    check(appId, Match.OneOf(String, undefined, null));\n\n    // Don't notify clients using wrong appId such as mobile apps built with a\n    // different server but pointing at the same local url\n    if (Autoupdate.appId && appId && Autoupdate.appId !== appId)\n      return [];\n\n    const stop = clientVersions.watch((version, isNew) => {\n      (isNew ? this.added : this.changed)\n        .call(this, \"meteor_autoupdate_clientVersions\", version._id, version);\n    });\n\n    this.onStop(() => stop());\n    this.ready();\n  },\n  {is_auto: true}\n);\n\nMeteor.startup(function () {\n  updateVersions(false);\n\n  // Force any connected clients that are still looking for these older\n  // document IDs to reload.\n  [\"version\",\n   \"version-refreshable\",\n   \"version-cordova\",\n  ].forEach(_id => {\n    clientVersions.set(_id, {\n      version: \"outdated\"\n    });\n  });\n});\n\nvar fut = new Future();\n\n// We only want 'refresh' to trigger 'updateVersions' AFTER onListen,\n// so we add a queued task that waits for onListen before 'refresh' can queue\n// tasks. Note that the `onListening` callbacks do not fire until after\n// Meteor.startup, so there is no concern that the 'updateVersions' calls from\n// 'refresh' will overlap with the `updateVersions` call from Meteor.startup.\n\nsyncQueue.queueTask(function () {\n  fut.wait();\n});\n\nWebApp.onListening(function () {\n  fut.return();\n});\n\nfunction enqueueVersionsRefresh() {\n  syncQueue.queueTask(function () {\n    updateVersions(true);\n  });\n}\n\n// Listen for messages pertaining to the client-refresh topic.\nimport { onMessage } from \"meteor/inter-process-messaging\";\nonMessage(\"client-refresh\", enqueueVersionsRefresh);\n\n// Another way to tell the process to refresh: send SIGHUP signal\nprocess.on('SIGHUP', Meteor.bindEnvironment(function () {\n  enqueueVersionsRefresh();\n}, \"handling SIGHUP signal for refresh\"));\n"],"mappings":";EAAA,IAAIA,aAAa;EAACC,OAAO,CAACC,IAAI,CAAC,sCAAsC,EAAC;IAACC,OAAOA,CAACC,CAAC,EAAC;MAACJ,aAAa,GAACI,CAAC;IAAA;EAAC,CAAC,EAAC,CAAC,CAAC;EAAtGH,OAAO,CAACI,MAAM,CAAC;IAACC,UAAU,EAACA,CAAA,KAAIA;EAAU,CAAC,CAAC;EAAC,IAAIC,cAAc;EAACN,OAAO,CAACC,IAAI,CAAC,sBAAsB,EAAC;IAACK,cAAcA,CAACH,CAAC,EAAC;MAACG,cAAc,GAACH,CAAC;IAAA;EAAC,CAAC,EAAC,CAAC,CAAC;EAAC,IAAII,SAAS;EAACP,OAAO,CAACC,IAAI,CAAC,gCAAgC,EAAC;IAACM,SAASA,CAACJ,CAAC,EAAC;MAACI,SAAS,GAACJ,CAAC;IAAA;EAAC,CAAC,EAAC,CAAC,CAAC;EA4BtO,IAAIK,MAAM,GAAGC,GAAG,CAACC,OAAO,CAAC,eAAe,CAAC;EAElC,MAAML,UAAU,GAAGM,yBAAyB,CAACC,UAAU,GAAG;IAC/D;IACA;IACA;IACA;IACA;IACA;IACAC,QAAQ,EAAE,CAAC;EACb,CAAC;EAED;EACA,MAAMC,cAAc,GAAG,IAAIR,cAAc,CAAC,CAAC;;EAE3C;EACA;EACA;EACA;;EAEA;EACA;EACAD,UAAU,CAACU,iBAAiB,GAAG,IAAI;EACnCV,UAAU,CAACW,4BAA4B,GAAG,IAAI;EAC9CX,UAAU,CAACY,wBAAwB,GAAG,IAAI;EAC1CZ,UAAU,CAACa,KAAK,GAAGP,yBAAyB,CAACO,KAAK,GAAGC,OAAO,CAACC,GAAG,CAACC,MAAM;EAEvE,IAAIC,SAAS,GAAG,IAAIC,MAAM,CAACC,iBAAiB,CAAC,CAAC;EAE9C,SAASC,cAAcA,CAACC,yBAAyB,EAAE;IACjD;IACA,IAAIA,yBAAyB,EAAE;MAC7BC,eAAe,CAACC,oBAAoB,CAAC,CAAC;IACxC;IAEA,MAAM;MACJ;MACA;MACA;MACAC,kBAAkB,GAAGxB,UAAU,CAACU;IAClC,CAAC,GAAGI,OAAO,CAACC,GAAG;;IAEf;IACA,MAAMU,WAAW,GAAGC,MAAM,CAACC,IAAI,CAACC,MAAM,CAACC,cAAc,CAAC;IACtDJ,WAAW,CAACK,OAAO,CAACC,IAAI,IAAI;MAC1B/B,UAAU,CAACQ,QAAQ,CAACuB,IAAI,CAAC,GAAG;QAC1BC,OAAO,EAAER,kBAAkB,IACzBI,MAAM,CAACK,mBAAmB,CAACF,IAAI,CAAC;QAClCG,kBAAkB,EAAEV,kBAAkB,IACpCI,MAAM,CAACO,8BAA8B,CAACJ,IAAI,CAAC;QAC7CK,qBAAqB,EAAEZ,kBAAkB,IACvCI,MAAM,CAACS,iCAAiC,CAACN,IAAI,CAAC;QAChDO,kBAAkB,EAAEd,kBAAkB,IACpCI,MAAM,CAACW,8BAA8B,CAACR,IAAI,CAAC;QAC7CS,UAAU,EAAEZ,MAAM,CAACC,cAAc,CAACE,IAAI,CAAC,CAACU;MAC1C,CAAC;IACH,CAAC,CAAC;;IAEF;IACA;IACA,IAAIpB,yBAAyB,EAAE;MAC7BC,eAAe,CAACoB,mBAAmB,CAAC,CAAC;IACvC;;IAEA;IACA;IACA;IACA;IACAd,MAAM,CAACe,WAAW,CAAC,MAAM;MACvBlB,WAAW,CAACK,OAAO,CAACC,IAAI,IAAI;QAC1B,MAAMa,OAAO,GAAAlD,aAAA,CAAAA,aAAA,KACRM,UAAU,CAACQ,QAAQ,CAACuB,IAAI,CAAC;UAC5Bc,MAAM,EAAEjB,MAAM,CAACkB,oBAAoB,CAACf,IAAI;QAAC,EAC1C;QAEDtB,cAAc,CAACsC,GAAG,CAAChB,IAAI,EAAEa,OAAO,CAAC;MACnC,CAAC,CAAC;IACJ,CAAC,CAAC;EACJ;EAEA1B,MAAM,CAAC8B,OAAO,CACZ,kCAAkC,EAClC,UAAUnC,KAAK,EAAE;IACf;IACA;IACA;IACAoC,KAAK,CAACpC,KAAK,EAAEqC,KAAK,CAACC,KAAK,CAACC,MAAM,EAAEC,SAAS,EAAE,IAAI,CAAC,CAAC;;IAElD;IACA;IACA,IAAIrD,UAAU,CAACa,KAAK,IAAIA,KAAK,IAAIb,UAAU,CAACa,KAAK,KAAKA,KAAK,EACzD,OAAO,EAAE;IAEX,MAAMyC,IAAI,GAAG7C,cAAc,CAAC8C,KAAK,CAAC,CAACvB,OAAO,EAAEwB,KAAK,KAAK;MACpD,CAACA,KAAK,GAAG,IAAI,CAACC,KAAK,GAAG,IAAI,CAACC,OAAO,EAC/BC,IAAI,CAAC,IAAI,EAAE,kCAAkC,EAAE3B,OAAO,CAAC4B,GAAG,EAAE5B,OAAO,CAAC;IACzE,CAAC,CAAC;IAEF,IAAI,CAAC6B,MAAM,CAAC,MAAMP,IAAI,CAAC,CAAC,CAAC;IACzB,IAAI,CAACQ,KAAK,CAAC,CAAC;EACd,CAAC,EACD;IAACC,OAAO,EAAE;EAAI,CAChB,CAAC;EAED7C,MAAM,CAAC8C,OAAO,CAAC,YAAY;IACzB5C,cAAc,CAAC,KAAK,CAAC;;IAErB;IACA;IACA,CAAC,SAAS,EACT,qBAAqB,EACrB,iBAAiB,CACjB,CAACU,OAAO,CAAC8B,GAAG,IAAI;MACfnD,cAAc,CAACsC,GAAG,CAACa,GAAG,EAAE;QACtB5B,OAAO,EAAE;MACX,CAAC,CAAC;IACJ,CAAC,CAAC;EACJ,CAAC,CAAC;EAEF,IAAIiC,GAAG,GAAG,IAAI9D,MAAM,CAAC,CAAC;;EAEtB;EACA;EACA;EACA;EACA;;EAEAc,SAAS,CAACiD,SAAS,CAAC,YAAY;IAC9BD,GAAG,CAACE,IAAI,CAAC,CAAC;EACZ,CAAC,CAAC;EAEFvC,MAAM,CAACe,WAAW,CAAC,YAAY;IAC7BsB,GAAG,CAACG,MAAM,CAAC,CAAC;EACd,CAAC,CAAC;EAEF,SAASC,sBAAsBA,CAAA,EAAG;IAChCpD,SAAS,CAACiD,SAAS,CAAC,YAAY;MAC9B9C,cAAc,CAAC,IAAI,CAAC;IACtB,CAAC,CAAC;EACJ;;EAEA;;EAEAlB,SAAS,CAAC,gBAAgB,EAAEmE,sBAAsB,CAAC;;EAEnD;EACAvD,OAAO,CAACwD,EAAE,CAAC,QAAQ,EAAEpD,MAAM,CAACqD,eAAe,CAAC,YAAY;IACtDF,sBAAsB,CAAC,CAAC;EAC1B,CAAC,EAAE,oCAAoC,CAAC,CAAC;AAAC,EAAAV,IAAA,OAAAa,MAAA"},"sourceType":"module","externalDependencies":{},"hash":"7e5ebdfe5979d875d636fcddf304e1df3e24f5e6"}
