{"metadata":{},"options":{"assumptions":{},"compact":false,"sourceMaps":true,"ast":true,"babelrc":false,"configFile":false,"parserOpts":{"sourceType":"module","sourceFileName":"D:\\loan_app\\loan-management\\packages\\aldeed:simple-schema\\lib\\validation\\typeValidator\\doStringChecks.js","plugins":["*","flow","jsx","asyncGenerators","bigInt","classPrivateMethods","classPrivateProperties","classProperties","doExpressions","dynamicImport","exportDefaultFrom","exportExtensions","exportNamespaceFrom","functionBind","functionSent","importMeta","nullishCoalescingOperator","numericSeparator","objectRestSpread","optionalCatchBinding","optionalChaining",["pipelineOperator",{"proposal":"minimal"}],"throwExpressions","objectRestSpread","objectRestSpread","asyncGenerators","classProperties","classPrivateProperties","jsx","nullishCoalescingOperator","nullishCoalescingOperator","optionalChaining","optionalChaining","optionalCatchBinding","optionalCatchBinding","classProperties","classPrivateProperties","classPrivateMethods","classProperties","classPrivateProperties","asyncGenerators","asyncGenerators","objectRestSpread","objectRestSpread","logicalAssignment"],"allowImportExportEverywhere":true,"allowReturnOutsideFunction":true,"allowUndeclaredExports":true,"strictMode":false},"caller":{"name":"meteor","arch":"os.windows.x86_64"},"sourceFileName":"packages/aldeed:simple-schema/lib/validation/typeValidator/doStringChecks.js","filename":"D:\\loan_app\\loan-management\\packages\\aldeed:simple-schema\\lib\\validation\\typeValidator\\doStringChecks.js","targets":{},"cloneInputAst":true,"browserslistConfigFile":false,"passPerPreset":false,"envName":"development","cwd":"D:\\loan_app\\loan-management","root":"D:\\loan_app\\loan-management","rootMode":"root","plugins":[{"key":"base$0","visitor":{"_exploded":true,"_verified":true},"options":{},"externalDependencies":[]},{"key":"base$0$0","visitor":{"Program":{"enter":[null],"exit":[null]},"_exploded":true,"_verified":true},"options":{"avoidModernSyntax":false,"enforceStrictMode":false,"dynamicImport":true,"generateLetDeclarations":true},"externalDependencies":[]},{"key":"transform-runtime","visitor":{"MemberExpression":{"enter":[null]},"ObjectPattern":{"enter":[null]},"BinaryExpression":{"enter":[null]},"Identifier":{"enter":[null]},"JSXIdentifier":{"enter":[null]},"_exploded":true,"_verified":true},"options":{"version":"7.17.2","helpers":true,"useESModules":false,"corejs":false},"externalDependencies":[]},{"key":"syntax-object-rest-spread","visitor":{"_exploded":true,"_verified":true},"options":{},"externalDependencies":[]},{"key":"proposal-object-rest-spread","visitor":{"VariableDeclarator":{"enter":[null]},"ExportNamedDeclaration":{"enter":[null]},"CatchClause":{"enter":[null]},"AssignmentExpression":{"enter":[null]},"ArrayPattern":{"enter":[null]},"ObjectExpression":{"enter":[null]},"FunctionDeclaration":{"enter":[null]},"FunctionExpression":{"enter":[null]},"ObjectMethod":{"enter":[null]},"ArrowFunctionExpression":{"enter":[null]},"ClassMethod":{"enter":[null]},"ClassPrivateMethod":{"enter":[null]},"ForInStatement":{"enter":[null]},"ForOfStatement":{"enter":[null]},"_exploded":true,"_verified":true},"options":{},"externalDependencies":[]},{"key":"transform-meteor-async-await","visitor":{"AwaitExpression":{"enter":[null]},"_exploded":true,"_verified":true,"FunctionDeclaration":{"exit":[null]},"FunctionExpression":{"exit":[null]},"ObjectMethod":{"exit":[null]},"ArrowFunctionExpression":{"exit":[null]},"ClassMethod":{"exit":[null]},"ClassPrivateMethod":{"exit":[null]}},"options":{"useNativeAsyncAwait":false},"externalDependencies":[]},{"key":"proposal-async-generator-functions","visitor":{"Program":{"enter":[null]},"_exploded":true,"_verified":true},"options":{},"externalDependencies":[]},{"key":"proposal-class-properties","visitor":{"ExportDefaultDeclaration":{"enter":[null]},"_exploded":true,"_verified":true,"ClassExpression":{"enter":[null]},"ClassDeclaration":{"enter":[null]}},"options":{"loose":true},"externalDependencies":[]},{"key":"transform-react-jsx","visitor":{"JSXNamespacedName":{"enter":[null]},"JSXSpreadChild":{"enter":[null]},"Program":{"enter":[null]},"JSXFragment":{"exit":[null]},"JSXElement":{"exit":[null]},"JSXAttribute":{"enter":[null]},"_exploded":true,"_verified":true},"options":{"pragma":"React.createElement","pragmaFrag":"React.Fragment","runtime":"classic","throwIfNamespace":true,"useBuiltIns":false},"externalDependencies":[]},{"key":"transform-react-display-name","visitor":{"ExportDefaultDeclaration":{"enter":[null]},"CallExpression":{"enter":[null]},"_exploded":true,"_verified":true},"options":{},"externalDependencies":[]},{"key":"transform-react-pure-annotations","visitor":{"CallExpression":{"enter":[null]},"_exploded":true,"_verified":true},"options":{},"externalDependencies":[]},{"key":"syntax-nullish-coalescing-operator","visitor":{"_exploded":true,"_verified":true},"options":{},"externalDependencies":[]},{"key":"proposal-nullish-coalescing-operator","visitor":{"LogicalExpression":{"enter":[null]},"_exploded":true,"_verified":true},"options":{},"externalDependencies":[]},{"key":"syntax-optional-chaining","visitor":{"_exploded":true,"_verified":true},"options":{},"externalDependencies":[]},{"key":"proposal-optional-chaining","visitor":{"OptionalCallExpression":{"enter":[null]},"OptionalMemberExpression":{"enter":[null]},"_exploded":true,"_verified":true},"options":{},"externalDependencies":[]},{"key":"syntax-optional-catch-binding","visitor":{"_exploded":true,"_verified":true},"options":{},"externalDependencies":[]},{"key":"proposal-optional-catch-binding","visitor":{"CatchClause":{"enter":[null]},"_exploded":true,"_verified":true},"options":{},"externalDependencies":[]},{"key":"syntax-class-properties","visitor":{"_exploded":true,"_verified":true},"options":{},"externalDependencies":[]},{"key":"proposal-class-properties","visitor":{"ExportDefaultDeclaration":{"enter":[null]},"_exploded":true,"_verified":true,"ClassExpression":{"enter":[null]},"ClassDeclaration":{"enter":[null]}},"options":{},"externalDependencies":[]},{"key":"syntax-async-generators","visitor":{"_exploded":true,"_verified":true},"options":{},"externalDependencies":[]},{"key":"proposal-async-generator-functions","visitor":{"Program":{"enter":[null]},"_exploded":true,"_verified":true},"options":{},"externalDependencies":[]},{"key":"syntax-object-rest-spread","visitor":{"_exploded":true,"_verified":true},"options":{},"externalDependencies":[]},{"key":"proposal-object-rest-spread","visitor":{"VariableDeclarator":{"enter":[null]},"ExportNamedDeclaration":{"enter":[null]},"CatchClause":{"enter":[null]},"AssignmentExpression":{"enter":[null]},"ArrayPattern":{"enter":[null]},"ObjectExpression":{"enter":[null]},"FunctionDeclaration":{"enter":[null]},"FunctionExpression":{"enter":[null]},"ObjectMethod":{"enter":[null]},"ArrowFunctionExpression":{"enter":[null]},"ClassMethod":{"enter":[null]},"ClassPrivateMethod":{"enter":[null]},"ForInStatement":{"enter":[null]},"ForOfStatement":{"enter":[null]},"_exploded":true,"_verified":true},"options":{},"externalDependencies":[]},{"key":"proposal-logical-assignment-operators","visitor":{"AssignmentExpression":{"enter":[null]},"_exploded":true,"_verified":true},"options":{},"externalDependencies":[]},{"key":"transform-literals","visitor":{"NumericLiteral":{"enter":[null]},"StringLiteral":{"enter":[null]},"_exploded":true,"_verified":true},"options":{},"externalDependencies":[]},{"key":"transform-template-literals","visitor":{"TaggedTemplateExpression":{"enter":[null]},"TemplateLiteral":{"enter":[null]},"_exploded":true,"_verified":true},"options":{},"externalDependencies":[]},{"key":"transform-parameters","visitor":{"_exploded":true,"_verified":true,"FunctionDeclaration":{"enter":[null]},"FunctionExpression":{"enter":[null]},"ObjectMethod":{"enter":[null]},"ArrowFunctionExpression":{"enter":[null]},"ClassMethod":{"enter":[null]},"ClassPrivateMethod":{"enter":[null]}},"options":{},"externalDependencies":[]},{"key":"transform-exponentiation-operator","visitor":{"AssignmentExpression":{"enter":[null]},"BinaryExpression":{"enter":[null]},"_exploded":true,"_verified":true},"options":{},"externalDependencies":[]}],"presets":[],"generatorOpts":{"filename":"D:\\loan_app\\loan-management\\packages\\aldeed:simple-schema\\lib\\validation\\typeValidator\\doStringChecks.js","comments":true,"compact":false,"sourceMaps":true,"sourceFileName":"packages/aldeed:simple-schema/lib/validation/typeValidator/doStringChecks.js"}},"code":"module.export({\n  default: () => doStringChecks\n});\nlet SimpleSchema;\nmodule.link(\"../../SimpleSchema\", {\n  SimpleSchema(v) {\n    SimpleSchema = v;\n  }\n}, 0);\nfunction doStringChecks(def, keyValue) {\n  // Is it a String?\n  if (typeof keyValue !== 'string') {\n    return {\n      type: SimpleSchema.ErrorTypes.EXPECTED_TYPE,\n      dataType: 'String'\n    };\n  }\n\n  // Is the string too long?\n  if (def.max !== null && def.max < keyValue.length) {\n    return {\n      type: SimpleSchema.ErrorTypes.MAX_STRING,\n      max: def.max\n    };\n  }\n\n  // Is the string too short?\n  if (def.min !== null && def.min > keyValue.length) {\n    return {\n      type: SimpleSchema.ErrorTypes.MIN_STRING,\n      min: def.min\n    };\n  }\n\n  // Does the string match the regular expression?\n  if ((def.skipRegExCheckForEmptyStrings !== true || keyValue !== '') && def.regEx instanceof RegExp && !def.regEx.test(keyValue)) {\n    return {\n      type: SimpleSchema.ErrorTypes.FAILED_REGULAR_EXPRESSION,\n      regExp: def.regEx.toString()\n    };\n  }\n\n  // If regEx is an array of regular expressions, does the string match all of them?\n  if (Array.isArray(def.regEx)) {\n    let regExError;\n    def.regEx.every(re => {\n      if (!re.test(keyValue)) {\n        regExError = {\n          type: SimpleSchema.ErrorTypes.FAILED_REGULAR_EXPRESSION,\n          regExp: re.toString()\n        };\n        return false;\n      }\n      return true;\n    });\n    if (regExError) return regExError;\n  }\n}","map":{"version":3,"names":["module","export","default","doStringChecks","SimpleSchema","link","v","def","keyValue","type","ErrorTypes","EXPECTED_TYPE","dataType","max","length","MAX_STRING","min","MIN_STRING","skipRegExCheckForEmptyStrings","regEx","RegExp","test","FAILED_REGULAR_EXPRESSION","regExp","toString","Array","isArray","regExError","every","re"],"sources":["packages/aldeed:simple-schema/lib/validation/typeValidator/doStringChecks.js"],"sourcesContent":["import { SimpleSchema } from '../../SimpleSchema';\n\nexport default function doStringChecks(def, keyValue) {\n  // Is it a String?\n  if (typeof keyValue !== 'string') {\n    return { type: SimpleSchema.ErrorTypes.EXPECTED_TYPE, dataType: 'String' };\n  }\n\n  // Is the string too long?\n  if (def.max !== null && def.max < keyValue.length) {\n    return { type: SimpleSchema.ErrorTypes.MAX_STRING, max: def.max };\n  }\n\n  // Is the string too short?\n  if (def.min !== null && def.min > keyValue.length) {\n    return { type: SimpleSchema.ErrorTypes.MIN_STRING, min: def.min };\n  }\n\n  // Does the string match the regular expression?\n  if (\n    (def.skipRegExCheckForEmptyStrings !== true || keyValue !== '')\n    && def.regEx instanceof RegExp && !def.regEx.test(keyValue)\n  ) {\n    return { type: SimpleSchema.ErrorTypes.FAILED_REGULAR_EXPRESSION, regExp: def.regEx.toString() };\n  }\n\n  // If regEx is an array of regular expressions, does the string match all of them?\n  if (Array.isArray(def.regEx)) {\n    let regExError;\n    def.regEx.every((re) => {\n      if (!re.test(keyValue)) {\n        regExError = { type: SimpleSchema.ErrorTypes.FAILED_REGULAR_EXPRESSION, regExp: re.toString() };\n        return false;\n      }\n      return true;\n    });\n    if (regExError) return regExError;\n  }\n}\n"],"mappings":"AAAAA,MAAM,CAACC,MAAM,CAAC;EAACC,OAAO,EAACA,CAAA,KAAIC;AAAc,CAAC,CAAC;AAAC,IAAIC,YAAY;AAACJ,MAAM,CAACK,IAAI,CAAC,oBAAoB,EAAC;EAACD,YAAYA,CAACE,CAAC,EAAC;IAACF,YAAY,GAACE,CAAC;EAAA;AAAC,CAAC,EAAC,CAAC,CAAC;AAEnH,SAASH,cAAcA,CAACI,GAAG,EAAEC,QAAQ,EAAE;EACpD;EACA,IAAI,OAAOA,QAAQ,KAAK,QAAQ,EAAE;IAChC,OAAO;MAAEC,IAAI,EAAEL,YAAY,CAACM,UAAU,CAACC,aAAa;MAAEC,QAAQ,EAAE;IAAS,CAAC;EAC5E;;EAEA;EACA,IAAIL,GAAG,CAACM,GAAG,KAAK,IAAI,IAAIN,GAAG,CAACM,GAAG,GAAGL,QAAQ,CAACM,MAAM,EAAE;IACjD,OAAO;MAAEL,IAAI,EAAEL,YAAY,CAACM,UAAU,CAACK,UAAU;MAAEF,GAAG,EAAEN,GAAG,CAACM;IAAI,CAAC;EACnE;;EAEA;EACA,IAAIN,GAAG,CAACS,GAAG,KAAK,IAAI,IAAIT,GAAG,CAACS,GAAG,GAAGR,QAAQ,CAACM,MAAM,EAAE;IACjD,OAAO;MAAEL,IAAI,EAAEL,YAAY,CAACM,UAAU,CAACO,UAAU;MAAED,GAAG,EAAET,GAAG,CAACS;IAAI,CAAC;EACnE;;EAEA;EACA,IACE,CAACT,GAAG,CAACW,6BAA6B,KAAK,IAAI,IAAIV,QAAQ,KAAK,EAAE,KAC3DD,GAAG,CAACY,KAAK,YAAYC,MAAM,IAAI,CAACb,GAAG,CAACY,KAAK,CAACE,IAAI,CAACb,QAAQ,CAAC,EAC3D;IACA,OAAO;MAAEC,IAAI,EAAEL,YAAY,CAACM,UAAU,CAACY,yBAAyB;MAAEC,MAAM,EAAEhB,GAAG,CAACY,KAAK,CAACK,QAAQ,CAAC;IAAE,CAAC;EAClG;;EAEA;EACA,IAAIC,KAAK,CAACC,OAAO,CAACnB,GAAG,CAACY,KAAK,CAAC,EAAE;IAC5B,IAAIQ,UAAU;IACdpB,GAAG,CAACY,KAAK,CAACS,KAAK,CAAEC,EAAE,IAAK;MACtB,IAAI,CAACA,EAAE,CAACR,IAAI,CAACb,QAAQ,CAAC,EAAE;QACtBmB,UAAU,GAAG;UAAElB,IAAI,EAAEL,YAAY,CAACM,UAAU,CAACY,yBAAyB;UAAEC,MAAM,EAAEM,EAAE,CAACL,QAAQ,CAAC;QAAE,CAAC;QAC/F,OAAO,KAAK;MACd;MACA,OAAO,IAAI;IACb,CAAC,CAAC;IACF,IAAIG,UAAU,EAAE,OAAOA,UAAU;EACnC;AACF"},"sourceType":"module","externalDependencies":{},"hash":"7f0de45a23ccdeaafeab36287cf203b582a439f6"}
