{"metadata":{},"options":{"assumptions":{},"compact":false,"sourceMaps":true,"ast":true,"babelrc":false,"configFile":false,"parserOpts":{"sourceType":"module","sourceFileName":"D:\\loan_app\\loan-management\\packages\\aldeed:simple-schema\\lib\\utility\\merge.js","plugins":["*","flow","jsx","asyncGenerators","bigInt","classPrivateMethods","classPrivateProperties","classProperties","doExpressions","dynamicImport","exportDefaultFrom","exportExtensions","exportNamespaceFrom","functionBind","functionSent","importMeta","nullishCoalescingOperator","numericSeparator","objectRestSpread","optionalCatchBinding","optionalChaining",["pipelineOperator",{"proposal":"minimal"}],"throwExpressions","classProperties","classPrivateProperties","jsx","nullishCoalescingOperator","nullishCoalescingOperator","optionalChaining","optionalChaining","optionalCatchBinding","optionalCatchBinding","classProperties","classPrivateProperties","classPrivateMethods","classProperties","classPrivateProperties","asyncGenerators","asyncGenerators","objectRestSpread","objectRestSpread","logicalAssignment"],"allowImportExportEverywhere":true,"allowReturnOutsideFunction":true,"allowUndeclaredExports":true,"strictMode":false},"caller":{"name":"meteor","arch":"web.browser"},"sourceFileName":"packages/aldeed:simple-schema/lib/utility/merge.js","filename":"D:\\loan_app\\loan-management\\packages\\aldeed:simple-schema\\lib\\utility\\merge.js","targets":{},"cloneInputAst":true,"browserslistConfigFile":false,"passPerPreset":false,"envName":"development","cwd":"D:\\loan_app\\loan-management","root":"D:\\loan_app\\loan-management","rootMode":"root","plugins":[{"key":"base$0","visitor":{"_exploded":true,"_verified":true},"options":{},"externalDependencies":[]},{"key":"base$0$0","visitor":{"Program":{"enter":[null],"exit":[null]},"_exploded":true,"_verified":true},"options":{"avoidModernSyntax":false,"enforceStrictMode":false,"dynamicImport":true,"generateLetDeclarations":true},"externalDependencies":[]},{"key":"transform-runtime","visitor":{"MemberExpression":{"enter":[null]},"ObjectPattern":{"enter":[null]},"BinaryExpression":{"enter":[null]},"Identifier":{"enter":[null]},"JSXIdentifier":{"enter":[null]},"_exploded":true,"_verified":true},"options":{"version":"7.17.2","helpers":true,"useESModules":false,"corejs":false},"externalDependencies":[]},{"key":"proposal-class-properties","visitor":{"ExportDefaultDeclaration":{"enter":[null]},"_exploded":true,"_verified":true,"ClassExpression":{"enter":[null]},"ClassDeclaration":{"enter":[null]}},"options":{"loose":true},"externalDependencies":[]},{"key":"transform-react-jsx","visitor":{"JSXNamespacedName":{"enter":[null]},"JSXSpreadChild":{"enter":[null]},"Program":{"enter":[null]},"JSXFragment":{"exit":[null]},"JSXElement":{"exit":[null]},"JSXAttribute":{"enter":[null]},"_exploded":true,"_verified":true},"options":{"pragma":"React.createElement","pragmaFrag":"React.Fragment","runtime":"classic","throwIfNamespace":true,"useBuiltIns":false},"externalDependencies":[]},{"key":"transform-react-display-name","visitor":{"ExportDefaultDeclaration":{"enter":[null]},"CallExpression":{"enter":[null]},"_exploded":true,"_verified":true},"options":{},"externalDependencies":[]},{"key":"transform-react-pure-annotations","visitor":{"CallExpression":{"enter":[null]},"_exploded":true,"_verified":true},"options":{},"externalDependencies":[]},{"key":"syntax-nullish-coalescing-operator","visitor":{"_exploded":true,"_verified":true},"options":{},"externalDependencies":[]},{"key":"proposal-nullish-coalescing-operator","visitor":{"LogicalExpression":{"enter":[null]},"_exploded":true,"_verified":true},"options":{},"externalDependencies":[]},{"key":"syntax-optional-chaining","visitor":{"_exploded":true,"_verified":true},"options":{},"externalDependencies":[]},{"key":"proposal-optional-chaining","visitor":{"OptionalCallExpression":{"enter":[null]},"OptionalMemberExpression":{"enter":[null]},"_exploded":true,"_verified":true},"options":{},"externalDependencies":[]},{"key":"syntax-optional-catch-binding","visitor":{"_exploded":true,"_verified":true},"options":{},"externalDependencies":[]},{"key":"proposal-optional-catch-binding","visitor":{"CatchClause":{"enter":[null]},"_exploded":true,"_verified":true},"options":{},"externalDependencies":[]},{"key":"syntax-class-properties","visitor":{"_exploded":true,"_verified":true},"options":{},"externalDependencies":[]},{"key":"proposal-class-properties","visitor":{"ExportDefaultDeclaration":{"enter":[null]},"_exploded":true,"_verified":true,"ClassExpression":{"enter":[null]},"ClassDeclaration":{"enter":[null]}},"options":{},"externalDependencies":[]},{"key":"syntax-async-generators","visitor":{"_exploded":true,"_verified":true},"options":{},"externalDependencies":[]},{"key":"proposal-async-generator-functions","visitor":{"Program":{"enter":[null]},"_exploded":true,"_verified":true},"options":{},"externalDependencies":[]},{"key":"syntax-object-rest-spread","visitor":{"_exploded":true,"_verified":true},"options":{},"externalDependencies":[]},{"key":"proposal-object-rest-spread","visitor":{"VariableDeclarator":{"enter":[null]},"ExportNamedDeclaration":{"enter":[null]},"CatchClause":{"enter":[null]},"AssignmentExpression":{"enter":[null]},"ArrayPattern":{"enter":[null]},"ObjectExpression":{"enter":[null]},"FunctionDeclaration":{"enter":[null]},"FunctionExpression":{"enter":[null]},"ObjectMethod":{"enter":[null]},"ArrowFunctionExpression":{"enter":[null]},"ClassMethod":{"enter":[null]},"ClassPrivateMethod":{"enter":[null]},"ForInStatement":{"enter":[null]},"ForOfStatement":{"enter":[null]},"_exploded":true,"_verified":true},"options":{},"externalDependencies":[]},{"key":"proposal-logical-assignment-operators","visitor":{"AssignmentExpression":{"enter":[null]},"_exploded":true,"_verified":true},"options":{},"externalDependencies":[]},{"key":"transform-literals","visitor":{"NumericLiteral":{"enter":[null]},"StringLiteral":{"enter":[null]},"_exploded":true,"_verified":true},"options":{},"externalDependencies":[]},{"key":"transform-template-literals","visitor":{"TaggedTemplateExpression":{"enter":[null]},"TemplateLiteral":{"enter":[null]},"_exploded":true,"_verified":true},"options":{},"externalDependencies":[]},{"key":"transform-parameters","visitor":{"_exploded":true,"_verified":true,"FunctionDeclaration":{"enter":[null]},"FunctionExpression":{"enter":[null]},"ObjectMethod":{"enter":[null]},"ArrowFunctionExpression":{"enter":[null]},"ClassMethod":{"enter":[null]},"ClassPrivateMethod":{"enter":[null]}},"options":{},"externalDependencies":[]},{"key":"transform-exponentiation-operator","visitor":{"AssignmentExpression":{"enter":[null]},"BinaryExpression":{"enter":[null]},"_exploded":true,"_verified":true},"options":{},"externalDependencies":[]}],"presets":[],"generatorOpts":{"filename":"D:\\loan_app\\loan-management\\packages\\aldeed:simple-schema\\lib\\utility\\merge.js","comments":true,"compact":false,"sourceMaps":true,"sourceFileName":"packages/aldeed:simple-schema/lib/utility/merge.js"}},"code":"module.export({\n  default: () => merge\n});\nfunction merge(destination) {\n  for (var _len = arguments.length, sources = new Array(_len > 1 ? _len - 1 : 0), _key = 1; _key < _len; _key++) {\n    sources[_key - 1] = arguments[_key];\n  }\n  sources.forEach(source => {\n    Object.keys(source).forEach(prop => {\n      if (prop === '__proto__') return; // protect against prototype pollution\n      if (source[prop] && source[prop].constructor && source[prop].constructor === Object) {\n        if (!destination[prop] || !destination[prop].constructor || destination[prop].constructor !== Object) {\n          destination[prop] = {};\n        }\n        merge(destination[prop], source[prop]);\n      } else {\n        destination[prop] = source[prop];\n      }\n    });\n  });\n  return destination;\n}","map":{"version":3,"names":["module","export","default","merge","destination","_len","arguments","length","sources","Array","_key","forEach","source","Object","keys","prop","constructor"],"sources":["packages/aldeed:simple-schema/lib/utility/merge.js"],"sourcesContent":["/**\n * We have relatively simple deep merging requirements in this package.\n * We are only ever merging messages config, so we know the structure,\n * we know there are no arrays, and we know there are no constructors\n * or weirdly defined properties.\n *\n * Thus, we can write a very simplistic deep merge function to avoid\n * pulling in a large dependency.\n */\n\nexport default function merge(destination, ...sources) {\n  sources.forEach((source) => {\n    Object.keys(source).forEach((prop) => {\n      if (prop === '__proto__') return; // protect against prototype pollution\n      if (\n        source[prop]\n        && source[prop].constructor\n        && source[prop].constructor === Object\n      ) {\n        if (!destination[prop] || !destination[prop].constructor || destination[prop].constructor !== Object) {\n          destination[prop] = {};\n        }\n        merge(destination[prop], source[prop]);\n      } else {\n        destination[prop] = source[prop];\n      }\n    });\n  });\n\n  return destination;\n}\n"],"mappings":"AAAAA,MAAM,CAACC,MAAM,CAAC;EAACC,OAAO,EAACA,CAAA,KAAIC;AAAK,CAAC,CAAC;AAUnB,SAASA,KAAKA,CAACC,WAAW,EAAc;EAAA,SAAAC,IAAA,GAAAC,SAAA,CAAAC,MAAA,EAATC,OAAO,OAAAC,KAAA,CAAAJ,IAAA,OAAAA,IAAA,WAAAK,IAAA,MAAAA,IAAA,GAAAL,IAAA,EAAAK,IAAA;IAAPF,OAAO,CAAAE,IAAA,QAAAJ,SAAA,CAAAI,IAAA;EAAA;EACnDF,OAAO,CAACG,OAAO,CAAEC,MAAM,IAAK;IAC1BC,MAAM,CAACC,IAAI,CAACF,MAAM,CAAC,CAACD,OAAO,CAAEI,IAAI,IAAK;MACpC,IAAIA,IAAI,KAAK,WAAW,EAAE,OAAO,CAAC;MAClC,IACEH,MAAM,CAACG,IAAI,CAAC,IACTH,MAAM,CAACG,IAAI,CAAC,CAACC,WAAW,IACxBJ,MAAM,CAACG,IAAI,CAAC,CAACC,WAAW,KAAKH,MAAM,EACtC;QACA,IAAI,CAACT,WAAW,CAACW,IAAI,CAAC,IAAI,CAACX,WAAW,CAACW,IAAI,CAAC,CAACC,WAAW,IAAIZ,WAAW,CAACW,IAAI,CAAC,CAACC,WAAW,KAAKH,MAAM,EAAE;UACpGT,WAAW,CAACW,IAAI,CAAC,GAAG,CAAC,CAAC;QACxB;QACAZ,KAAK,CAACC,WAAW,CAACW,IAAI,CAAC,EAAEH,MAAM,CAACG,IAAI,CAAC,CAAC;MACxC,CAAC,MAAM;QACLX,WAAW,CAACW,IAAI,CAAC,GAAGH,MAAM,CAACG,IAAI,CAAC;MAClC;IACF,CAAC,CAAC;EACJ,CAAC,CAAC;EAEF,OAAOX,WAAW;AACpB"},"sourceType":"module","externalDependencies":{},"hash":"8768731badfaa6ee49b8c0970d1d2816e06e1a23"}
