{"metadata":{},"options":{"assumptions":{},"compact":false,"sourceMaps":true,"ast":true,"babelrc":false,"configFile":false,"parserOpts":{"sourceType":"module","sourceFileName":"D:\\loan_app\\loan-management\\packages\\aldeed:simple-schema\\lib\\validation\\typeValidator\\index.js","plugins":["*","flow","jsx","asyncGenerators","bigInt","classPrivateMethods","classPrivateProperties","classProperties","doExpressions","dynamicImport","exportDefaultFrom","exportExtensions","exportNamespaceFrom","functionBind","functionSent","importMeta","nullishCoalescingOperator","numericSeparator","objectRestSpread","optionalCatchBinding","optionalChaining",["pipelineOperator",{"proposal":"minimal"}],"throwExpressions","objectRestSpread","objectRestSpread","asyncGenerators","classProperties","classPrivateProperties","jsx","nullishCoalescingOperator","nullishCoalescingOperator","optionalChaining","optionalChaining","optionalCatchBinding","optionalCatchBinding","classProperties","classPrivateProperties","classPrivateMethods","classProperties","classPrivateProperties","asyncGenerators","asyncGenerators","objectRestSpread","objectRestSpread","logicalAssignment"],"allowImportExportEverywhere":true,"allowReturnOutsideFunction":true,"allowUndeclaredExports":true,"strictMode":false},"caller":{"name":"meteor","arch":"os.windows.x86_64"},"sourceFileName":"packages/aldeed:simple-schema/lib/validation/typeValidator/index.js","filename":"D:\\loan_app\\loan-management\\packages\\aldeed:simple-schema\\lib\\validation\\typeValidator\\index.js","targets":{},"cloneInputAst":true,"browserslistConfigFile":false,"passPerPreset":false,"envName":"development","cwd":"D:\\loan_app\\loan-management","root":"D:\\loan_app\\loan-management","rootMode":"root","plugins":[{"key":"base$0","visitor":{"_exploded":true,"_verified":true},"options":{},"externalDependencies":[]},{"key":"base$0$0","visitor":{"Program":{"enter":[null],"exit":[null]},"_exploded":true,"_verified":true},"options":{"avoidModernSyntax":false,"enforceStrictMode":false,"dynamicImport":true,"generateLetDeclarations":true},"externalDependencies":[]},{"key":"transform-runtime","visitor":{"MemberExpression":{"enter":[null]},"ObjectPattern":{"enter":[null]},"BinaryExpression":{"enter":[null]},"Identifier":{"enter":[null]},"JSXIdentifier":{"enter":[null]},"_exploded":true,"_verified":true},"options":{"version":"7.17.2","helpers":true,"useESModules":false,"corejs":false},"externalDependencies":[]},{"key":"syntax-object-rest-spread","visitor":{"_exploded":true,"_verified":true},"options":{},"externalDependencies":[]},{"key":"proposal-object-rest-spread","visitor":{"VariableDeclarator":{"enter":[null]},"ExportNamedDeclaration":{"enter":[null]},"CatchClause":{"enter":[null]},"AssignmentExpression":{"enter":[null]},"ArrayPattern":{"enter":[null]},"ObjectExpression":{"enter":[null]},"FunctionDeclaration":{"enter":[null]},"FunctionExpression":{"enter":[null]},"ObjectMethod":{"enter":[null]},"ArrowFunctionExpression":{"enter":[null]},"ClassMethod":{"enter":[null]},"ClassPrivateMethod":{"enter":[null]},"ForInStatement":{"enter":[null]},"ForOfStatement":{"enter":[null]},"_exploded":true,"_verified":true},"options":{},"externalDependencies":[]},{"key":"transform-meteor-async-await","visitor":{"AwaitExpression":{"enter":[null]},"_exploded":true,"_verified":true,"FunctionDeclaration":{"exit":[null]},"FunctionExpression":{"exit":[null]},"ObjectMethod":{"exit":[null]},"ArrowFunctionExpression":{"exit":[null]},"ClassMethod":{"exit":[null]},"ClassPrivateMethod":{"exit":[null]}},"options":{"useNativeAsyncAwait":false},"externalDependencies":[]},{"key":"proposal-async-generator-functions","visitor":{"Program":{"enter":[null]},"_exploded":true,"_verified":true},"options":{},"externalDependencies":[]},{"key":"proposal-class-properties","visitor":{"ExportDefaultDeclaration":{"enter":[null]},"_exploded":true,"_verified":true,"ClassExpression":{"enter":[null]},"ClassDeclaration":{"enter":[null]}},"options":{"loose":true},"externalDependencies":[]},{"key":"transform-react-jsx","visitor":{"JSXNamespacedName":{"enter":[null]},"JSXSpreadChild":{"enter":[null]},"Program":{"enter":[null]},"JSXFragment":{"exit":[null]},"JSXElement":{"exit":[null]},"JSXAttribute":{"enter":[null]},"_exploded":true,"_verified":true},"options":{"pragma":"React.createElement","pragmaFrag":"React.Fragment","runtime":"classic","throwIfNamespace":true,"useBuiltIns":false},"externalDependencies":[]},{"key":"transform-react-display-name","visitor":{"ExportDefaultDeclaration":{"enter":[null]},"CallExpression":{"enter":[null]},"_exploded":true,"_verified":true},"options":{},"externalDependencies":[]},{"key":"transform-react-pure-annotations","visitor":{"CallExpression":{"enter":[null]},"_exploded":true,"_verified":true},"options":{},"externalDependencies":[]},{"key":"syntax-nullish-coalescing-operator","visitor":{"_exploded":true,"_verified":true},"options":{},"externalDependencies":[]},{"key":"proposal-nullish-coalescing-operator","visitor":{"LogicalExpression":{"enter":[null]},"_exploded":true,"_verified":true},"options":{},"externalDependencies":[]},{"key":"syntax-optional-chaining","visitor":{"_exploded":true,"_verified":true},"options":{},"externalDependencies":[]},{"key":"proposal-optional-chaining","visitor":{"OptionalCallExpression":{"enter":[null]},"OptionalMemberExpression":{"enter":[null]},"_exploded":true,"_verified":true},"options":{},"externalDependencies":[]},{"key":"syntax-optional-catch-binding","visitor":{"_exploded":true,"_verified":true},"options":{},"externalDependencies":[]},{"key":"proposal-optional-catch-binding","visitor":{"CatchClause":{"enter":[null]},"_exploded":true,"_verified":true},"options":{},"externalDependencies":[]},{"key":"syntax-class-properties","visitor":{"_exploded":true,"_verified":true},"options":{},"externalDependencies":[]},{"key":"proposal-class-properties","visitor":{"ExportDefaultDeclaration":{"enter":[null]},"_exploded":true,"_verified":true,"ClassExpression":{"enter":[null]},"ClassDeclaration":{"enter":[null]}},"options":{},"externalDependencies":[]},{"key":"syntax-async-generators","visitor":{"_exploded":true,"_verified":true},"options":{},"externalDependencies":[]},{"key":"proposal-async-generator-functions","visitor":{"Program":{"enter":[null]},"_exploded":true,"_verified":true},"options":{},"externalDependencies":[]},{"key":"syntax-object-rest-spread","visitor":{"_exploded":true,"_verified":true},"options":{},"externalDependencies":[]},{"key":"proposal-object-rest-spread","visitor":{"VariableDeclarator":{"enter":[null]},"ExportNamedDeclaration":{"enter":[null]},"CatchClause":{"enter":[null]},"AssignmentExpression":{"enter":[null]},"ArrayPattern":{"enter":[null]},"ObjectExpression":{"enter":[null]},"FunctionDeclaration":{"enter":[null]},"FunctionExpression":{"enter":[null]},"ObjectMethod":{"enter":[null]},"ArrowFunctionExpression":{"enter":[null]},"ClassMethod":{"enter":[null]},"ClassPrivateMethod":{"enter":[null]},"ForInStatement":{"enter":[null]},"ForOfStatement":{"enter":[null]},"_exploded":true,"_verified":true},"options":{},"externalDependencies":[]},{"key":"proposal-logical-assignment-operators","visitor":{"AssignmentExpression":{"enter":[null]},"_exploded":true,"_verified":true},"options":{},"externalDependencies":[]},{"key":"transform-literals","visitor":{"NumericLiteral":{"enter":[null]},"StringLiteral":{"enter":[null]},"_exploded":true,"_verified":true},"options":{},"externalDependencies":[]},{"key":"transform-template-literals","visitor":{"TaggedTemplateExpression":{"enter":[null]},"TemplateLiteral":{"enter":[null]},"_exploded":true,"_verified":true},"options":{},"externalDependencies":[]},{"key":"transform-parameters","visitor":{"_exploded":true,"_verified":true,"FunctionDeclaration":{"enter":[null]},"FunctionExpression":{"enter":[null]},"ObjectMethod":{"enter":[null]},"ArrowFunctionExpression":{"enter":[null]},"ClassMethod":{"enter":[null]},"ClassPrivateMethod":{"enter":[null]}},"options":{},"externalDependencies":[]},{"key":"transform-exponentiation-operator","visitor":{"AssignmentExpression":{"enter":[null]},"BinaryExpression":{"enter":[null]},"_exploded":true,"_verified":true},"options":{},"externalDependencies":[]}],"presets":[],"generatorOpts":{"filename":"D:\\loan_app\\loan-management\\packages\\aldeed:simple-schema\\lib\\validation\\typeValidator\\index.js","comments":true,"compact":false,"sourceMaps":true,"sourceFileName":"packages/aldeed:simple-schema/lib/validation/typeValidator/index.js"}},"code":"module.export({\n  default: () => typeValidator\n});\nlet SimpleSchema;\nmodule.link(\"../../SimpleSchema\", {\n  SimpleSchema(v) {\n    SimpleSchema = v;\n  }\n}, 0);\nlet doDateChecks;\nmodule.link(\"./doDateChecks\", {\n  default(v) {\n    doDateChecks = v;\n  }\n}, 1);\nlet doNumberChecks;\nmodule.link(\"./doNumberChecks\", {\n  default(v) {\n    doNumberChecks = v;\n  }\n}, 2);\nlet doStringChecks;\nmodule.link(\"./doStringChecks\", {\n  default(v) {\n    doStringChecks = v;\n  }\n}, 3);\nlet doArrayChecks;\nmodule.link(\"./doArrayChecks\", {\n  default(v) {\n    doArrayChecks = v;\n  }\n}, 4);\nfunction typeValidator() {\n  if (!this.valueShouldBeChecked) return;\n  const def = this.definition;\n  const expectedType = def.type;\n  const keyValue = this.value;\n  const op = this.operator;\n  if (expectedType === String) return doStringChecks(def, keyValue);\n  if (expectedType === Number) return doNumberChecks(def, keyValue, op, false);\n  if (expectedType === SimpleSchema.Integer) return doNumberChecks(def, keyValue, op, true);\n  if (expectedType === Boolean) {\n    // Is it a boolean?\n    if (typeof keyValue === 'boolean') return;\n    return {\n      type: SimpleSchema.ErrorTypes.EXPECTED_TYPE,\n      dataType: 'Boolean'\n    };\n  }\n  if (expectedType === Object || SimpleSchema.isSimpleSchema(expectedType)) {\n    // Is it an object?\n    if (keyValue === Object(keyValue) && typeof keyValue[Symbol.iterator] !== 'function' && !(keyValue instanceof Date)) return;\n    return {\n      type: SimpleSchema.ErrorTypes.EXPECTED_TYPE,\n      dataType: 'Object'\n    };\n  }\n  if (expectedType === Array) return doArrayChecks(def, keyValue);\n  if (expectedType instanceof Function) {\n    // Generic constructor checks\n    if (!(keyValue instanceof expectedType)) {\n      // https://docs.mongodb.com/manual/reference/operator/update/currentDate/\n      const dateTypeIsOkay = expectedType === Date && op === '$currentDate' && (keyValue === true || JSON.stringify(keyValue) === '{\"$type\":\"date\"}');\n      if (expectedType !== Date || !dateTypeIsOkay) {\n        return {\n          type: SimpleSchema.ErrorTypes.EXPECTED_TYPE,\n          dataType: expectedType.name\n        };\n      }\n    }\n\n    // Date checks\n    if (expectedType === Date) {\n      // https://docs.mongodb.com/manual/reference/operator/update/currentDate/\n      if (op === '$currentDate') {\n        return doDateChecks(def, new Date());\n      }\n      return doDateChecks(def, keyValue);\n    }\n  }\n}","map":{"version":3,"names":["module","export","default","typeValidator","SimpleSchema","link","v","doDateChecks","doNumberChecks","doStringChecks","doArrayChecks","valueShouldBeChecked","def","definition","expectedType","type","keyValue","value","op","operator","String","Number","Integer","Boolean","ErrorTypes","EXPECTED_TYPE","dataType","Object","isSimpleSchema","Symbol","iterator","Date","Array","Function","dateTypeIsOkay","JSON","stringify","name"],"sources":["packages/aldeed:simple-schema/lib/validation/typeValidator/index.js"],"sourcesContent":["import { SimpleSchema } from '../../SimpleSchema';\nimport doDateChecks from './doDateChecks';\nimport doNumberChecks from './doNumberChecks';\nimport doStringChecks from './doStringChecks';\nimport doArrayChecks from './doArrayChecks';\n\nexport default function typeValidator() {\n  if (!this.valueShouldBeChecked) return;\n\n  const def = this.definition;\n  const expectedType = def.type;\n  const keyValue = this.value;\n  const op = this.operator;\n\n  if (expectedType === String) return doStringChecks(def, keyValue);\n  if (expectedType === Number) return doNumberChecks(def, keyValue, op, false);\n  if (expectedType === SimpleSchema.Integer) return doNumberChecks(def, keyValue, op, true);\n\n  if (expectedType === Boolean) {\n    // Is it a boolean?\n    if (typeof keyValue === 'boolean') return;\n    return { type: SimpleSchema.ErrorTypes.EXPECTED_TYPE, dataType: 'Boolean' };\n  }\n\n  if (expectedType === Object || SimpleSchema.isSimpleSchema(expectedType)) {\n    // Is it an object?\n    if (\n      keyValue === Object(keyValue)\n      && typeof keyValue[Symbol.iterator] !== 'function'\n      && !(keyValue instanceof Date)\n    ) return;\n    return { type: SimpleSchema.ErrorTypes.EXPECTED_TYPE, dataType: 'Object' };\n  }\n\n  if (expectedType === Array) return doArrayChecks(def, keyValue);\n\n  if (expectedType instanceof Function) {\n    // Generic constructor checks\n    if (!(keyValue instanceof expectedType)) {\n      // https://docs.mongodb.com/manual/reference/operator/update/currentDate/\n      const dateTypeIsOkay = expectedType === Date\n        && op === '$currentDate'\n        && (keyValue === true || JSON.stringify(keyValue) === '{\"$type\":\"date\"}');\n\n      if (expectedType !== Date || !dateTypeIsOkay) {\n        return {\n          type: SimpleSchema.ErrorTypes.EXPECTED_TYPE,\n          dataType: expectedType.name,\n        };\n      }\n    }\n\n    // Date checks\n    if (expectedType === Date) {\n      // https://docs.mongodb.com/manual/reference/operator/update/currentDate/\n      if (op === '$currentDate') {\n        return doDateChecks(def, new Date());\n      }\n      return doDateChecks(def, keyValue);\n    }\n  }\n}\n"],"mappings":"AAAAA,MAAM,CAACC,MAAM,CAAC;EAACC,OAAO,EAACA,CAAA,KAAIC;AAAa,CAAC,CAAC;AAAC,IAAIC,YAAY;AAACJ,MAAM,CAACK,IAAI,CAAC,oBAAoB,EAAC;EAACD,YAAYA,CAACE,CAAC,EAAC;IAACF,YAAY,GAACE,CAAC;EAAA;AAAC,CAAC,EAAC,CAAC,CAAC;AAAC,IAAIC,YAAY;AAACP,MAAM,CAACK,IAAI,CAAC,gBAAgB,EAAC;EAACH,OAAOA,CAACI,CAAC,EAAC;IAACC,YAAY,GAACD,CAAC;EAAA;AAAC,CAAC,EAAC,CAAC,CAAC;AAAC,IAAIE,cAAc;AAACR,MAAM,CAACK,IAAI,CAAC,kBAAkB,EAAC;EAACH,OAAOA,CAACI,CAAC,EAAC;IAACE,cAAc,GAACF,CAAC;EAAA;AAAC,CAAC,EAAC,CAAC,CAAC;AAAC,IAAIG,cAAc;AAACT,MAAM,CAACK,IAAI,CAAC,kBAAkB,EAAC;EAACH,OAAOA,CAACI,CAAC,EAAC;IAACG,cAAc,GAACH,CAAC;EAAA;AAAC,CAAC,EAAC,CAAC,CAAC;AAAC,IAAII,aAAa;AAACV,MAAM,CAACK,IAAI,CAAC,iBAAiB,EAAC;EAACH,OAAOA,CAACI,CAAC,EAAC;IAACI,aAAa,GAACJ,CAAC;EAAA;AAAC,CAAC,EAAC,CAAC,CAAC;AAMzb,SAASH,aAAaA,CAAA,EAAG;EACtC,IAAI,CAAC,IAAI,CAACQ,oBAAoB,EAAE;EAEhC,MAAMC,GAAG,GAAG,IAAI,CAACC,UAAU;EAC3B,MAAMC,YAAY,GAAGF,GAAG,CAACG,IAAI;EAC7B,MAAMC,QAAQ,GAAG,IAAI,CAACC,KAAK;EAC3B,MAAMC,EAAE,GAAG,IAAI,CAACC,QAAQ;EAExB,IAAIL,YAAY,KAAKM,MAAM,EAAE,OAAOX,cAAc,CAACG,GAAG,EAAEI,QAAQ,CAAC;EACjE,IAAIF,YAAY,KAAKO,MAAM,EAAE,OAAOb,cAAc,CAACI,GAAG,EAAEI,QAAQ,EAAEE,EAAE,EAAE,KAAK,CAAC;EAC5E,IAAIJ,YAAY,KAAKV,YAAY,CAACkB,OAAO,EAAE,OAAOd,cAAc,CAACI,GAAG,EAAEI,QAAQ,EAAEE,EAAE,EAAE,IAAI,CAAC;EAEzF,IAAIJ,YAAY,KAAKS,OAAO,EAAE;IAC5B;IACA,IAAI,OAAOP,QAAQ,KAAK,SAAS,EAAE;IACnC,OAAO;MAAED,IAAI,EAAEX,YAAY,CAACoB,UAAU,CAACC,aAAa;MAAEC,QAAQ,EAAE;IAAU,CAAC;EAC7E;EAEA,IAAIZ,YAAY,KAAKa,MAAM,IAAIvB,YAAY,CAACwB,cAAc,CAACd,YAAY,CAAC,EAAE;IACxE;IACA,IACEE,QAAQ,KAAKW,MAAM,CAACX,QAAQ,CAAC,IAC1B,OAAOA,QAAQ,CAACa,MAAM,CAACC,QAAQ,CAAC,KAAK,UAAU,IAC/C,EAAEd,QAAQ,YAAYe,IAAI,CAAC,EAC9B;IACF,OAAO;MAAEhB,IAAI,EAAEX,YAAY,CAACoB,UAAU,CAACC,aAAa;MAAEC,QAAQ,EAAE;IAAS,CAAC;EAC5E;EAEA,IAAIZ,YAAY,KAAKkB,KAAK,EAAE,OAAOtB,aAAa,CAACE,GAAG,EAAEI,QAAQ,CAAC;EAE/D,IAAIF,YAAY,YAAYmB,QAAQ,EAAE;IACpC;IACA,IAAI,EAAEjB,QAAQ,YAAYF,YAAY,CAAC,EAAE;MACvC;MACA,MAAMoB,cAAc,GAAGpB,YAAY,KAAKiB,IAAI,IACvCb,EAAE,KAAK,cAAc,KACpBF,QAAQ,KAAK,IAAI,IAAImB,IAAI,CAACC,SAAS,CAACpB,QAAQ,CAAC,KAAK,kBAAkB,CAAC;MAE3E,IAAIF,YAAY,KAAKiB,IAAI,IAAI,CAACG,cAAc,EAAE;QAC5C,OAAO;UACLnB,IAAI,EAAEX,YAAY,CAACoB,UAAU,CAACC,aAAa;UAC3CC,QAAQ,EAAEZ,YAAY,CAACuB;QACzB,CAAC;MACH;IACF;;IAEA;IACA,IAAIvB,YAAY,KAAKiB,IAAI,EAAE;MACzB;MACA,IAAIb,EAAE,KAAK,cAAc,EAAE;QACzB,OAAOX,YAAY,CAACK,GAAG,EAAE,IAAImB,IAAI,CAAC,CAAC,CAAC;MACtC;MACA,OAAOxB,YAAY,CAACK,GAAG,EAAEI,QAAQ,CAAC;IACpC;EACF;AACF"},"sourceType":"module","externalDependencies":{},"hash":"888e372ab808bf4c40f57063def9ccf72e7a0976"}
