{"metadata":{},"options":{"assumptions":{},"compact":false,"sourceMaps":true,"ast":true,"babelrc":false,"configFile":false,"parserOpts":{"sourceType":"module","sourceFileName":"D:\\loan_app\\loan-management\\packages\\aldeed:simple-schema\\lib\\validation\\requiredValidator.js","plugins":["*","flow","jsx","asyncGenerators","bigInt","classPrivateMethods","classPrivateProperties","classProperties","doExpressions","dynamicImport","exportDefaultFrom","exportExtensions","exportNamespaceFrom","functionBind","functionSent","importMeta","nullishCoalescingOperator","numericSeparator","objectRestSpread","optionalCatchBinding","optionalChaining",["pipelineOperator",{"proposal":"minimal"}],"throwExpressions","objectRestSpread","objectRestSpread","asyncGenerators","classProperties","classPrivateProperties","jsx","nullishCoalescingOperator","nullishCoalescingOperator","optionalChaining","optionalChaining","optionalCatchBinding","optionalCatchBinding","classProperties","classPrivateProperties","classPrivateMethods","classProperties","classPrivateProperties","asyncGenerators","asyncGenerators","objectRestSpread","objectRestSpread","logicalAssignment"],"allowImportExportEverywhere":true,"allowReturnOutsideFunction":true,"allowUndeclaredExports":true,"strictMode":false},"caller":{"name":"meteor","arch":"os.windows.x86_64"},"sourceFileName":"packages/aldeed:simple-schema/lib/validation/requiredValidator.js","filename":"D:\\loan_app\\loan-management\\packages\\aldeed:simple-schema\\lib\\validation\\requiredValidator.js","targets":{},"cloneInputAst":true,"browserslistConfigFile":false,"passPerPreset":false,"envName":"development","cwd":"D:\\loan_app\\loan-management","root":"D:\\loan_app\\loan-management","rootMode":"root","plugins":[{"key":"base$0","visitor":{"_exploded":true,"_verified":true},"options":{},"externalDependencies":[]},{"key":"base$0$0","visitor":{"Program":{"enter":[null],"exit":[null]},"_exploded":true,"_verified":true},"options":{"avoidModernSyntax":false,"enforceStrictMode":false,"dynamicImport":true,"generateLetDeclarations":true},"externalDependencies":[]},{"key":"transform-runtime","visitor":{"MemberExpression":{"enter":[null]},"ObjectPattern":{"enter":[null]},"BinaryExpression":{"enter":[null]},"Identifier":{"enter":[null]},"JSXIdentifier":{"enter":[null]},"_exploded":true,"_verified":true},"options":{"version":"7.17.2","helpers":true,"useESModules":false,"corejs":false},"externalDependencies":[]},{"key":"syntax-object-rest-spread","visitor":{"_exploded":true,"_verified":true},"options":{},"externalDependencies":[]},{"key":"proposal-object-rest-spread","visitor":{"VariableDeclarator":{"enter":[null]},"ExportNamedDeclaration":{"enter":[null]},"CatchClause":{"enter":[null]},"AssignmentExpression":{"enter":[null]},"ArrayPattern":{"enter":[null]},"ObjectExpression":{"enter":[null]},"FunctionDeclaration":{"enter":[null]},"FunctionExpression":{"enter":[null]},"ObjectMethod":{"enter":[null]},"ArrowFunctionExpression":{"enter":[null]},"ClassMethod":{"enter":[null]},"ClassPrivateMethod":{"enter":[null]},"ForInStatement":{"enter":[null]},"ForOfStatement":{"enter":[null]},"_exploded":true,"_verified":true},"options":{},"externalDependencies":[]},{"key":"transform-meteor-async-await","visitor":{"AwaitExpression":{"enter":[null]},"_exploded":true,"_verified":true,"FunctionDeclaration":{"exit":[null]},"FunctionExpression":{"exit":[null]},"ObjectMethod":{"exit":[null]},"ArrowFunctionExpression":{"exit":[null]},"ClassMethod":{"exit":[null]},"ClassPrivateMethod":{"exit":[null]}},"options":{"useNativeAsyncAwait":false},"externalDependencies":[]},{"key":"proposal-async-generator-functions","visitor":{"Program":{"enter":[null]},"_exploded":true,"_verified":true},"options":{},"externalDependencies":[]},{"key":"proposal-class-properties","visitor":{"ExportDefaultDeclaration":{"enter":[null]},"_exploded":true,"_verified":true,"ClassExpression":{"enter":[null]},"ClassDeclaration":{"enter":[null]}},"options":{"loose":true},"externalDependencies":[]},{"key":"transform-react-jsx","visitor":{"JSXNamespacedName":{"enter":[null]},"JSXSpreadChild":{"enter":[null]},"Program":{"enter":[null]},"JSXFragment":{"exit":[null]},"JSXElement":{"exit":[null]},"JSXAttribute":{"enter":[null]},"_exploded":true,"_verified":true},"options":{"pragma":"React.createElement","pragmaFrag":"React.Fragment","runtime":"classic","throwIfNamespace":true,"useBuiltIns":false},"externalDependencies":[]},{"key":"transform-react-display-name","visitor":{"ExportDefaultDeclaration":{"enter":[null]},"CallExpression":{"enter":[null]},"_exploded":true,"_verified":true},"options":{},"externalDependencies":[]},{"key":"transform-react-pure-annotations","visitor":{"CallExpression":{"enter":[null]},"_exploded":true,"_verified":true},"options":{},"externalDependencies":[]},{"key":"syntax-nullish-coalescing-operator","visitor":{"_exploded":true,"_verified":true},"options":{},"externalDependencies":[]},{"key":"proposal-nullish-coalescing-operator","visitor":{"LogicalExpression":{"enter":[null]},"_exploded":true,"_verified":true},"options":{},"externalDependencies":[]},{"key":"syntax-optional-chaining","visitor":{"_exploded":true,"_verified":true},"options":{},"externalDependencies":[]},{"key":"proposal-optional-chaining","visitor":{"OptionalCallExpression":{"enter":[null]},"OptionalMemberExpression":{"enter":[null]},"_exploded":true,"_verified":true},"options":{},"externalDependencies":[]},{"key":"syntax-optional-catch-binding","visitor":{"_exploded":true,"_verified":true},"options":{},"externalDependencies":[]},{"key":"proposal-optional-catch-binding","visitor":{"CatchClause":{"enter":[null]},"_exploded":true,"_verified":true},"options":{},"externalDependencies":[]},{"key":"syntax-class-properties","visitor":{"_exploded":true,"_verified":true},"options":{},"externalDependencies":[]},{"key":"proposal-class-properties","visitor":{"ExportDefaultDeclaration":{"enter":[null]},"_exploded":true,"_verified":true,"ClassExpression":{"enter":[null]},"ClassDeclaration":{"enter":[null]}},"options":{},"externalDependencies":[]},{"key":"syntax-async-generators","visitor":{"_exploded":true,"_verified":true},"options":{},"externalDependencies":[]},{"key":"proposal-async-generator-functions","visitor":{"Program":{"enter":[null]},"_exploded":true,"_verified":true},"options":{},"externalDependencies":[]},{"key":"syntax-object-rest-spread","visitor":{"_exploded":true,"_verified":true},"options":{},"externalDependencies":[]},{"key":"proposal-object-rest-spread","visitor":{"VariableDeclarator":{"enter":[null]},"ExportNamedDeclaration":{"enter":[null]},"CatchClause":{"enter":[null]},"AssignmentExpression":{"enter":[null]},"ArrayPattern":{"enter":[null]},"ObjectExpression":{"enter":[null]},"FunctionDeclaration":{"enter":[null]},"FunctionExpression":{"enter":[null]},"ObjectMethod":{"enter":[null]},"ArrowFunctionExpression":{"enter":[null]},"ClassMethod":{"enter":[null]},"ClassPrivateMethod":{"enter":[null]},"ForInStatement":{"enter":[null]},"ForOfStatement":{"enter":[null]},"_exploded":true,"_verified":true},"options":{},"externalDependencies":[]},{"key":"proposal-logical-assignment-operators","visitor":{"AssignmentExpression":{"enter":[null]},"_exploded":true,"_verified":true},"options":{},"externalDependencies":[]},{"key":"transform-literals","visitor":{"NumericLiteral":{"enter":[null]},"StringLiteral":{"enter":[null]},"_exploded":true,"_verified":true},"options":{},"externalDependencies":[]},{"key":"transform-template-literals","visitor":{"TaggedTemplateExpression":{"enter":[null]},"TemplateLiteral":{"enter":[null]},"_exploded":true,"_verified":true},"options":{},"externalDependencies":[]},{"key":"transform-parameters","visitor":{"_exploded":true,"_verified":true,"FunctionDeclaration":{"enter":[null]},"FunctionExpression":{"enter":[null]},"ObjectMethod":{"enter":[null]},"ArrowFunctionExpression":{"enter":[null]},"ClassMethod":{"enter":[null]},"ClassPrivateMethod":{"enter":[null]}},"options":{},"externalDependencies":[]},{"key":"transform-exponentiation-operator","visitor":{"AssignmentExpression":{"enter":[null]},"BinaryExpression":{"enter":[null]},"_exploded":true,"_verified":true},"options":{},"externalDependencies":[]}],"presets":[],"generatorOpts":{"filename":"D:\\loan_app\\loan-management\\packages\\aldeed:simple-schema\\lib\\validation\\requiredValidator.js","comments":true,"compact":false,"sourceMaps":true,"sourceFileName":"packages/aldeed:simple-schema/lib/validation/requiredValidator.js"}},"code":"module.export({\n  default: () => requiredValidator\n});\nlet SimpleSchema;\nmodule.link(\"../SimpleSchema\", {\n  SimpleSchema(v) {\n    SimpleSchema = v;\n  }\n}, 0);\nlet getKeysWithValueInObj;\nmodule.link(\"../utility\", {\n  getKeysWithValueInObj(v) {\n    getKeysWithValueInObj = v;\n  }\n}, 1);\nfunction requiredValidator() {\n  const {\n    definition,\n    isInArrayItemObject,\n    isInSubObject,\n    key,\n    obj,\n    operator,\n    value\n  } = this;\n  const {\n    optional\n  } = definition;\n  if (optional) return;\n\n  // If value is null, no matter what, we add required\n  if (value === null) return SimpleSchema.ErrorTypes.REQUIRED;\n\n  // If operator would remove, we add required\n  if (operator === '$unset' || operator === '$rename') return SimpleSchema.ErrorTypes.REQUIRED;\n\n  // The rest of these apply only if the value is undefined\n  if (value !== undefined) return;\n\n  // At this point, if it's a normal, non-modifier object, then a missing value is an error\n  if (!operator) return SimpleSchema.ErrorTypes.REQUIRED;\n\n  // Everything beyond this point deals with modifier objects only\n\n  // We can skip the required check for keys that are ancestors of those in $set or\n  // $setOnInsert because they will be created by MongoDB while setting.\n  const keysWithValueInSet = getKeysWithValueInObj(obj.$set, key);\n  if (keysWithValueInSet.length) return;\n  const keysWithValueInSetOnInsert = getKeysWithValueInObj(obj.$setOnInsert, key);\n  if (keysWithValueInSetOnInsert.length) return;\n\n  // In the case of $set and $setOnInsert, the value may be undefined here\n  // but it is set in another operator. So check that first.\n  const fieldInfo = this.field(key);\n  if (fieldInfo.isSet && fieldInfo.value !== null) return;\n\n  // Required if in an array or sub object\n  if (isInArrayItemObject || isInSubObject) return SimpleSchema.ErrorTypes.REQUIRED;\n\n  // If we've got this far with an undefined $set or $setOnInsert value, it's a required error.\n  if (operator === '$set' || operator === '$setOnInsert') return SimpleSchema.ErrorTypes.REQUIRED;\n}","map":{"version":3,"names":["module","export","default","requiredValidator","SimpleSchema","link","v","getKeysWithValueInObj","definition","isInArrayItemObject","isInSubObject","key","obj","operator","value","optional","ErrorTypes","REQUIRED","undefined","keysWithValueInSet","$set","length","keysWithValueInSetOnInsert","$setOnInsert","fieldInfo","field","isSet"],"sources":["packages/aldeed:simple-schema/lib/validation/requiredValidator.js"],"sourcesContent":["import { SimpleSchema } from '../SimpleSchema';\nimport { getKeysWithValueInObj } from '../utility';\n\n// Check for missing required values. The general logic is this:\n// * If the operator is $unset or $rename, it's invalid.\n// * If the value is null, it's invalid.\n// * If the value is undefined and one of the following are true, it's invalid:\n//     * We're validating a key of a sub-object.\n//     * We're validating a key of an object that is an array item.\n//     * We're validating a document (as opposed to a modifier).\n//     * We're validating a key under the $set operator in a modifier, and it's an upsert.\nexport default function requiredValidator() {\n  const {\n    definition, isInArrayItemObject, isInSubObject, key, obj, operator, value,\n  } = this;\n  const { optional } = definition;\n\n  if (optional) return;\n\n  // If value is null, no matter what, we add required\n  if (value === null) return SimpleSchema.ErrorTypes.REQUIRED;\n\n  // If operator would remove, we add required\n  if (operator === '$unset' || operator === '$rename') return SimpleSchema.ErrorTypes.REQUIRED;\n\n  // The rest of these apply only if the value is undefined\n  if (value !== undefined) return;\n\n  // At this point, if it's a normal, non-modifier object, then a missing value is an error\n  if (!operator) return SimpleSchema.ErrorTypes.REQUIRED;\n\n  // Everything beyond this point deals with modifier objects only\n\n  // We can skip the required check for keys that are ancestors of those in $set or\n  // $setOnInsert because they will be created by MongoDB while setting.\n  const keysWithValueInSet = getKeysWithValueInObj(obj.$set, key);\n  if (keysWithValueInSet.length) return;\n  const keysWithValueInSetOnInsert = getKeysWithValueInObj(obj.$setOnInsert, key);\n  if (keysWithValueInSetOnInsert.length) return;\n\n  // In the case of $set and $setOnInsert, the value may be undefined here\n  // but it is set in another operator. So check that first.\n  const fieldInfo = this.field(key);\n  if (fieldInfo.isSet && fieldInfo.value !== null) return;\n\n  // Required if in an array or sub object\n  if (isInArrayItemObject || isInSubObject) return SimpleSchema.ErrorTypes.REQUIRED;\n\n  // If we've got this far with an undefined $set or $setOnInsert value, it's a required error.\n  if (operator === '$set' || operator === '$setOnInsert') return SimpleSchema.ErrorTypes.REQUIRED;\n}\n"],"mappings":"AAAAA,MAAM,CAACC,MAAM,CAAC;EAACC,OAAO,EAACA,CAAA,KAAIC;AAAiB,CAAC,CAAC;AAAC,IAAIC,YAAY;AAACJ,MAAM,CAACK,IAAI,CAAC,iBAAiB,EAAC;EAACD,YAAYA,CAACE,CAAC,EAAC;IAACF,YAAY,GAACE,CAAC;EAAA;AAAC,CAAC,EAAC,CAAC,CAAC;AAAC,IAAIC,qBAAqB;AAACP,MAAM,CAACK,IAAI,CAAC,YAAY,EAAC;EAACE,qBAAqBA,CAACD,CAAC,EAAC;IAACC,qBAAqB,GAACD,CAAC;EAAA;AAAC,CAAC,EAAC,CAAC,CAAC;AAW7N,SAASH,iBAAiBA,CAAA,EAAG;EAC1C,MAAM;IACJK,UAAU;IAAEC,mBAAmB;IAAEC,aAAa;IAAEC,GAAG;IAAEC,GAAG;IAAEC,QAAQ;IAAEC;EACtE,CAAC,GAAG,IAAI;EACR,MAAM;IAAEC;EAAS,CAAC,GAAGP,UAAU;EAE/B,IAAIO,QAAQ,EAAE;;EAEd;EACA,IAAID,KAAK,KAAK,IAAI,EAAE,OAAOV,YAAY,CAACY,UAAU,CAACC,QAAQ;;EAE3D;EACA,IAAIJ,QAAQ,KAAK,QAAQ,IAAIA,QAAQ,KAAK,SAAS,EAAE,OAAOT,YAAY,CAACY,UAAU,CAACC,QAAQ;;EAE5F;EACA,IAAIH,KAAK,KAAKI,SAAS,EAAE;;EAEzB;EACA,IAAI,CAACL,QAAQ,EAAE,OAAOT,YAAY,CAACY,UAAU,CAACC,QAAQ;;EAEtD;;EAEA;EACA;EACA,MAAME,kBAAkB,GAAGZ,qBAAqB,CAACK,GAAG,CAACQ,IAAI,EAAET,GAAG,CAAC;EAC/D,IAAIQ,kBAAkB,CAACE,MAAM,EAAE;EAC/B,MAAMC,0BAA0B,GAAGf,qBAAqB,CAACK,GAAG,CAACW,YAAY,EAAEZ,GAAG,CAAC;EAC/E,IAAIW,0BAA0B,CAACD,MAAM,EAAE;;EAEvC;EACA;EACA,MAAMG,SAAS,GAAG,IAAI,CAACC,KAAK,CAACd,GAAG,CAAC;EACjC,IAAIa,SAAS,CAACE,KAAK,IAAIF,SAAS,CAACV,KAAK,KAAK,IAAI,EAAE;;EAEjD;EACA,IAAIL,mBAAmB,IAAIC,aAAa,EAAE,OAAON,YAAY,CAACY,UAAU,CAACC,QAAQ;;EAEjF;EACA,IAAIJ,QAAQ,KAAK,MAAM,IAAIA,QAAQ,KAAK,cAAc,EAAE,OAAOT,YAAY,CAACY,UAAU,CAACC,QAAQ;AACjG"},"sourceType":"module","externalDependencies":{},"hash":"8e2ce91d1513b6b714d760da0ee68f46741da6f2"}
