{"metadata":{},"options":{"assumptions":{},"compact":false,"sourceMaps":true,"ast":true,"babelrc":false,"configFile":false,"parserOpts":{"sourceType":"module","sourceFileName":"D:\\loan_app\\loan-management\\packages\\socket-stream-client\\common.js","plugins":["*","flow","jsx","asyncGenerators","bigInt","classPrivateMethods","classPrivateProperties","classProperties","doExpressions","dynamicImport","exportDefaultFrom","exportExtensions","exportNamespaceFrom","functionBind","functionSent","importMeta","nullishCoalescingOperator","numericSeparator","objectRestSpread","optionalCatchBinding","optionalChaining",["pipelineOperator",{"proposal":"minimal"}],"throwExpressions","classProperties","classPrivateProperties","jsx","nullishCoalescingOperator","nullishCoalescingOperator","optionalChaining","optionalChaining","optionalCatchBinding","optionalCatchBinding","classProperties","classPrivateProperties","classPrivateMethods","classProperties","classPrivateProperties","asyncGenerators","asyncGenerators","objectRestSpread","objectRestSpread","logicalAssignment"],"allowImportExportEverywhere":true,"allowReturnOutsideFunction":true,"allowUndeclaredExports":true,"strictMode":false},"caller":{"name":"meteor","arch":"web.browser"},"sourceFileName":"packages/socket-stream-client/common.js","filename":"D:\\loan_app\\loan-management\\packages\\socket-stream-client\\common.js","targets":{},"cloneInputAst":true,"browserslistConfigFile":false,"passPerPreset":false,"envName":"development","cwd":"D:\\loan_app\\loan-management","root":"D:\\loan_app\\loan-management","rootMode":"root","plugins":[{"key":"base$0","visitor":{"_exploded":true,"_verified":true},"options":{},"externalDependencies":[]},{"key":"base$0$0","visitor":{"Program":{"enter":[null],"exit":[null]},"_exploded":true,"_verified":true},"options":{"avoidModernSyntax":false,"enforceStrictMode":false,"dynamicImport":true,"generateLetDeclarations":true},"externalDependencies":[]},{"key":"transform-runtime","visitor":{"MemberExpression":{"enter":[null]},"ObjectPattern":{"enter":[null]},"BinaryExpression":{"enter":[null]},"Identifier":{"enter":[null]},"JSXIdentifier":{"enter":[null]},"_exploded":true,"_verified":true},"options":{"version":"7.17.2","helpers":true,"useESModules":false,"corejs":false},"externalDependencies":[]},{"key":"proposal-class-properties","visitor":{"ExportDefaultDeclaration":{"enter":[null]},"_exploded":true,"_verified":true,"ClassExpression":{"enter":[null]},"ClassDeclaration":{"enter":[null]}},"options":{"loose":true},"externalDependencies":[]},{"key":"transform-react-jsx","visitor":{"JSXNamespacedName":{"enter":[null]},"JSXSpreadChild":{"enter":[null]},"Program":{"enter":[null]},"JSXFragment":{"exit":[null]},"JSXElement":{"exit":[null]},"JSXAttribute":{"enter":[null]},"_exploded":true,"_verified":true},"options":{"pragma":"React.createElement","pragmaFrag":"React.Fragment","runtime":"classic","throwIfNamespace":true,"useBuiltIns":false},"externalDependencies":[]},{"key":"transform-react-display-name","visitor":{"ExportDefaultDeclaration":{"enter":[null]},"CallExpression":{"enter":[null]},"_exploded":true,"_verified":true},"options":{},"externalDependencies":[]},{"key":"transform-react-pure-annotations","visitor":{"CallExpression":{"enter":[null]},"_exploded":true,"_verified":true},"options":{},"externalDependencies":[]},{"key":"syntax-nullish-coalescing-operator","visitor":{"_exploded":true,"_verified":true},"options":{},"externalDependencies":[]},{"key":"proposal-nullish-coalescing-operator","visitor":{"LogicalExpression":{"enter":[null]},"_exploded":true,"_verified":true},"options":{},"externalDependencies":[]},{"key":"syntax-optional-chaining","visitor":{"_exploded":true,"_verified":true},"options":{},"externalDependencies":[]},{"key":"proposal-optional-chaining","visitor":{"OptionalCallExpression":{"enter":[null]},"OptionalMemberExpression":{"enter":[null]},"_exploded":true,"_verified":true},"options":{},"externalDependencies":[]},{"key":"syntax-optional-catch-binding","visitor":{"_exploded":true,"_verified":true},"options":{},"externalDependencies":[]},{"key":"proposal-optional-catch-binding","visitor":{"CatchClause":{"enter":[null]},"_exploded":true,"_verified":true},"options":{},"externalDependencies":[]},{"key":"syntax-class-properties","visitor":{"_exploded":true,"_verified":true},"options":{},"externalDependencies":[]},{"key":"proposal-class-properties","visitor":{"ExportDefaultDeclaration":{"enter":[null]},"_exploded":true,"_verified":true,"ClassExpression":{"enter":[null]},"ClassDeclaration":{"enter":[null]}},"options":{},"externalDependencies":[]},{"key":"syntax-async-generators","visitor":{"_exploded":true,"_verified":true},"options":{},"externalDependencies":[]},{"key":"proposal-async-generator-functions","visitor":{"Program":{"enter":[null]},"_exploded":true,"_verified":true},"options":{},"externalDependencies":[]},{"key":"syntax-object-rest-spread","visitor":{"_exploded":true,"_verified":true},"options":{},"externalDependencies":[]},{"key":"proposal-object-rest-spread","visitor":{"VariableDeclarator":{"enter":[null]},"ExportNamedDeclaration":{"enter":[null]},"CatchClause":{"enter":[null]},"AssignmentExpression":{"enter":[null]},"ArrayPattern":{"enter":[null]},"ObjectExpression":{"enter":[null]},"FunctionDeclaration":{"enter":[null]},"FunctionExpression":{"enter":[null]},"ObjectMethod":{"enter":[null]},"ArrowFunctionExpression":{"enter":[null]},"ClassMethod":{"enter":[null]},"ClassPrivateMethod":{"enter":[null]},"ForInStatement":{"enter":[null]},"ForOfStatement":{"enter":[null]},"_exploded":true,"_verified":true},"options":{},"externalDependencies":[]},{"key":"proposal-logical-assignment-operators","visitor":{"AssignmentExpression":{"enter":[null]},"_exploded":true,"_verified":true},"options":{},"externalDependencies":[]},{"key":"transform-literals","visitor":{"NumericLiteral":{"enter":[null]},"StringLiteral":{"enter":[null]},"_exploded":true,"_verified":true},"options":{},"externalDependencies":[]},{"key":"transform-template-literals","visitor":{"TaggedTemplateExpression":{"enter":[null]},"TemplateLiteral":{"enter":[null]},"_exploded":true,"_verified":true},"options":{},"externalDependencies":[]},{"key":"transform-parameters","visitor":{"_exploded":true,"_verified":true,"FunctionDeclaration":{"enter":[null]},"FunctionExpression":{"enter":[null]},"ObjectMethod":{"enter":[null]},"ArrowFunctionExpression":{"enter":[null]},"ClassMethod":{"enter":[null]},"ClassPrivateMethod":{"enter":[null]}},"options":{},"externalDependencies":[]},{"key":"transform-exponentiation-operator","visitor":{"AssignmentExpression":{"enter":[null]},"BinaryExpression":{"enter":[null]},"_exploded":true,"_verified":true},"options":{},"externalDependencies":[]}],"presets":[],"generatorOpts":{"filename":"D:\\loan_app\\loan-management\\packages\\socket-stream-client\\common.js","comments":true,"compact":false,"sourceMaps":true,"sourceFileName":"packages/socket-stream-client/common.js"}},"code":"let _objectSpread;\nmodule.link(\"@babel/runtime/helpers/objectSpread2\", {\n  default(v) {\n    _objectSpread = v;\n  }\n}, 0);\nmodule.export({\n  StreamClientCommon: () => StreamClientCommon\n});\nlet Retry;\nmodule.link(\"meteor/retry\", {\n  Retry(v) {\n    Retry = v;\n  }\n}, 0);\nconst forcedReconnectError = new Error(\"forced reconnect\");\nclass StreamClientCommon {\n  constructor(options) {\n    this.options = _objectSpread({\n      retry: true\n    }, options || null);\n    this.ConnectionError = options && options.ConnectionError || Error;\n  }\n\n  // Register for callbacks.\n  on(name, callback) {\n    if (name !== 'message' && name !== 'reset' && name !== 'disconnect') throw new Error('unknown event type: ' + name);\n    if (!this.eventCallbacks[name]) this.eventCallbacks[name] = [];\n    this.eventCallbacks[name].push(callback);\n  }\n  forEachCallback(name, cb) {\n    if (!this.eventCallbacks[name] || !this.eventCallbacks[name].length) {\n      return;\n    }\n    this.eventCallbacks[name].forEach(cb);\n  }\n  _initCommon(options) {\n    options = options || Object.create(null);\n\n    //// Constants\n\n    // how long to wait until we declare the connection attempt\n    // failed.\n    this.CONNECT_TIMEOUT = options.connectTimeoutMs || 10000;\n    this.eventCallbacks = Object.create(null); // name -> [callback]\n\n    this._forcedToDisconnect = false;\n\n    //// Reactive status\n    this.currentStatus = {\n      status: 'connecting',\n      connected: false,\n      retryCount: 0\n    };\n    if (Package.tracker) {\n      this.statusListeners = new Package.tracker.Tracker.Dependency();\n    }\n    this.statusChanged = () => {\n      if (this.statusListeners) {\n        this.statusListeners.changed();\n      }\n    };\n\n    //// Retry logic\n    this._retry = new Retry();\n    this.connectionTimer = null;\n  }\n\n  // Trigger a reconnect.\n  reconnect(options) {\n    options = options || Object.create(null);\n    if (options.url) {\n      this._changeUrl(options.url);\n    }\n    if (options._sockjsOptions) {\n      this.options._sockjsOptions = options._sockjsOptions;\n    }\n    if (this.currentStatus.connected) {\n      if (options._force || options.url) {\n        this._lostConnection(forcedReconnectError);\n      }\n      return;\n    }\n\n    // if we're mid-connection, stop it.\n    if (this.currentStatus.status === 'connecting') {\n      // Pretend it's a clean close.\n      this._lostConnection();\n    }\n    this._retry.clear();\n    this.currentStatus.retryCount -= 1; // don't count manual retries\n    this._retryNow();\n  }\n  disconnect(options) {\n    options = options || Object.create(null);\n\n    // Failed is permanent. If we're failed, don't let people go back\n    // online by calling 'disconnect' then 'reconnect'.\n    if (this._forcedToDisconnect) return;\n\n    // If _permanent is set, permanently disconnect a stream. Once a stream\n    // is forced to disconnect, it can never reconnect. This is for\n    // error cases such as ddp version mismatch, where trying again\n    // won't fix the problem.\n    if (options._permanent) {\n      this._forcedToDisconnect = true;\n    }\n    this._cleanup();\n    this._retry.clear();\n    this.currentStatus = {\n      status: options._permanent ? 'failed' : 'offline',\n      connected: false,\n      retryCount: 0\n    };\n    if (options._permanent && options._error) this.currentStatus.reason = options._error;\n    this.statusChanged();\n  }\n\n  // maybeError is set unless it's a clean protocol-level close.\n  _lostConnection(maybeError) {\n    this._cleanup(maybeError);\n    this._retryLater(maybeError); // sets status. no need to do it here.\n  }\n\n  // fired when we detect that we've gone online. try to reconnect\n  // immediately.\n  _online() {\n    // if we've requested to be offline by disconnecting, don't reconnect.\n    if (this.currentStatus.status != 'offline') this.reconnect();\n  }\n  _retryLater(maybeError) {\n    var timeout = 0;\n    if (this.options.retry || maybeError === forcedReconnectError) {\n      timeout = this._retry.retryLater(this.currentStatus.retryCount, this._retryNow.bind(this));\n      this.currentStatus.status = 'waiting';\n      this.currentStatus.retryTime = new Date().getTime() + timeout;\n    } else {\n      this.currentStatus.status = 'failed';\n      delete this.currentStatus.retryTime;\n    }\n    this.currentStatus.connected = false;\n    this.statusChanged();\n  }\n  _retryNow() {\n    if (this._forcedToDisconnect) return;\n    this.currentStatus.retryCount += 1;\n    this.currentStatus.status = 'connecting';\n    this.currentStatus.connected = false;\n    delete this.currentStatus.retryTime;\n    this.statusChanged();\n    this._launchConnection();\n  }\n\n  // Get current status. Reactive.\n  status() {\n    if (this.statusListeners) {\n      this.statusListeners.depend();\n    }\n    return this.currentStatus;\n  }\n}","map":{"version":3,"names":["_objectSpread","module","link","default","v","export","StreamClientCommon","Retry","forcedReconnectError","Error","constructor","options","retry","ConnectionError","on","name","callback","eventCallbacks","push","forEachCallback","cb","length","forEach","_initCommon","Object","create","CONNECT_TIMEOUT","connectTimeoutMs","_forcedToDisconnect","currentStatus","status","connected","retryCount","Package","tracker","statusListeners","Tracker","Dependency","statusChanged","changed","_retry","connectionTimer","reconnect","url","_changeUrl","_sockjsOptions","_force","_lostConnection","clear","_retryNow","disconnect","_permanent","_cleanup","_error","reason","maybeError","_retryLater","_online","timeout","retryLater","bind","retryTime","Date","getTime","_launchConnection","depend"],"sources":["packages/socket-stream-client/common.js"],"sourcesContent":["import { Retry } from 'meteor/retry';\n\nconst forcedReconnectError = new Error(\"forced reconnect\");\n\nexport class StreamClientCommon {\n  constructor(options) {\n    this.options = {\n      retry: true,\n      ...(options || null),\n    };\n\n    this.ConnectionError =\n      options && options.ConnectionError || Error;\n  }\n\n  // Register for callbacks.\n  on(name, callback) {\n    if (name !== 'message' && name !== 'reset' && name !== 'disconnect')\n      throw new Error('unknown event type: ' + name);\n\n    if (!this.eventCallbacks[name]) this.eventCallbacks[name] = [];\n    this.eventCallbacks[name].push(callback);\n  }\n\n  forEachCallback(name, cb) {\n    if (!this.eventCallbacks[name] || !this.eventCallbacks[name].length) {\n      return;\n    }\n\n    this.eventCallbacks[name].forEach(cb);\n  }\n\n  _initCommon(options) {\n    options = options || Object.create(null);\n\n    //// Constants\n\n    // how long to wait until we declare the connection attempt\n    // failed.\n    this.CONNECT_TIMEOUT = options.connectTimeoutMs || 10000;\n\n    this.eventCallbacks = Object.create(null); // name -> [callback]\n\n    this._forcedToDisconnect = false;\n\n    //// Reactive status\n    this.currentStatus = {\n      status: 'connecting',\n      connected: false,\n      retryCount: 0\n    };\n\n    if (Package.tracker) {\n      this.statusListeners = new Package.tracker.Tracker.Dependency();\n    }\n\n    this.statusChanged = () => {\n      if (this.statusListeners) {\n        this.statusListeners.changed();\n      }\n    };\n\n    //// Retry logic\n    this._retry = new Retry();\n    this.connectionTimer = null;\n  }\n\n  // Trigger a reconnect.\n  reconnect(options) {\n    options = options || Object.create(null);\n\n    if (options.url) {\n      this._changeUrl(options.url);\n    }\n\n    if (options._sockjsOptions) {\n      this.options._sockjsOptions = options._sockjsOptions;\n    }\n\n    if (this.currentStatus.connected) {\n      if (options._force || options.url) {\n        this._lostConnection(forcedReconnectError);\n      }\n      return;\n    }\n\n    // if we're mid-connection, stop it.\n    if (this.currentStatus.status === 'connecting') {\n      // Pretend it's a clean close.\n      this._lostConnection();\n    }\n\n    this._retry.clear();\n    this.currentStatus.retryCount -= 1; // don't count manual retries\n    this._retryNow();\n  }\n\n  disconnect(options) {\n    options = options || Object.create(null);\n\n    // Failed is permanent. If we're failed, don't let people go back\n    // online by calling 'disconnect' then 'reconnect'.\n    if (this._forcedToDisconnect) return;\n\n    // If _permanent is set, permanently disconnect a stream. Once a stream\n    // is forced to disconnect, it can never reconnect. This is for\n    // error cases such as ddp version mismatch, where trying again\n    // won't fix the problem.\n    if (options._permanent) {\n      this._forcedToDisconnect = true;\n    }\n\n    this._cleanup();\n    this._retry.clear();\n\n    this.currentStatus = {\n      status: options._permanent ? 'failed' : 'offline',\n      connected: false,\n      retryCount: 0\n    };\n\n    if (options._permanent && options._error)\n      this.currentStatus.reason = options._error;\n\n    this.statusChanged();\n  }\n\n  // maybeError is set unless it's a clean protocol-level close.\n  _lostConnection(maybeError) {\n    this._cleanup(maybeError);\n    this._retryLater(maybeError); // sets status. no need to do it here.\n  }\n\n  // fired when we detect that we've gone online. try to reconnect\n  // immediately.\n  _online() {\n    // if we've requested to be offline by disconnecting, don't reconnect.\n    if (this.currentStatus.status != 'offline') this.reconnect();\n  }\n\n  _retryLater(maybeError) {\n    var timeout = 0;\n    if (this.options.retry ||\n        maybeError === forcedReconnectError) {\n      timeout = this._retry.retryLater(\n        this.currentStatus.retryCount,\n        this._retryNow.bind(this)\n      );\n      this.currentStatus.status = 'waiting';\n      this.currentStatus.retryTime = new Date().getTime() + timeout;\n    } else {\n      this.currentStatus.status = 'failed';\n      delete this.currentStatus.retryTime;\n    }\n\n    this.currentStatus.connected = false;\n    this.statusChanged();\n  }\n\n  _retryNow() {\n    if (this._forcedToDisconnect) return;\n\n    this.currentStatus.retryCount += 1;\n    this.currentStatus.status = 'connecting';\n    this.currentStatus.connected = false;\n    delete this.currentStatus.retryTime;\n    this.statusChanged();\n\n    this._launchConnection();\n  }\n\n  // Get current status. Reactive.\n  status() {\n    if (this.statusListeners) {\n      this.statusListeners.depend();\n    }\n    return this.currentStatus;\n  }\n}\n"],"mappings":"AAAA,IAAIA,aAAa;AAACC,MAAM,CAACC,IAAI,CAAC,sCAAsC,EAAC;EAACC,OAAOA,CAACC,CAAC,EAAC;IAACJ,aAAa,GAACI,CAAC;EAAA;AAAC,CAAC,EAAC,CAAC,CAAC;AAArGH,MAAM,CAACI,MAAM,CAAC;EAACC,kBAAkB,EAACA,CAAA,KAAIA;AAAkB,CAAC,CAAC;AAAC,IAAIC,KAAK;AAACN,MAAM,CAACC,IAAI,CAAC,cAAc,EAAC;EAACK,KAAKA,CAACH,CAAC,EAAC;IAACG,KAAK,GAACH,CAAC;EAAA;AAAC,CAAC,EAAC,CAAC,CAAC;AAEtH,MAAMI,oBAAoB,GAAG,IAAIC,KAAK,CAAC,kBAAkB,CAAC;AAEnD,MAAMH,kBAAkB,CAAC;EAC9BI,WAAWA,CAACC,OAAO,EAAE;IACnB,IAAI,CAACA,OAAO,GAAAX,aAAA;MACVY,KAAK,EAAE;IAAI,GACPD,OAAO,IAAI,IAAI,CACpB;IAED,IAAI,CAACE,eAAe,GAClBF,OAAO,IAAIA,OAAO,CAACE,eAAe,IAAIJ,KAAK;EAC/C;;EAEA;EACAK,EAAEA,CAACC,IAAI,EAAEC,QAAQ,EAAE;IACjB,IAAID,IAAI,KAAK,SAAS,IAAIA,IAAI,KAAK,OAAO,IAAIA,IAAI,KAAK,YAAY,EACjE,MAAM,IAAIN,KAAK,CAAC,sBAAsB,GAAGM,IAAI,CAAC;IAEhD,IAAI,CAAC,IAAI,CAACE,cAAc,CAACF,IAAI,CAAC,EAAE,IAAI,CAACE,cAAc,CAACF,IAAI,CAAC,GAAG,EAAE;IAC9D,IAAI,CAACE,cAAc,CAACF,IAAI,CAAC,CAACG,IAAI,CAACF,QAAQ,CAAC;EAC1C;EAEAG,eAAeA,CAACJ,IAAI,EAAEK,EAAE,EAAE;IACxB,IAAI,CAAC,IAAI,CAACH,cAAc,CAACF,IAAI,CAAC,IAAI,CAAC,IAAI,CAACE,cAAc,CAACF,IAAI,CAAC,CAACM,MAAM,EAAE;MACnE;IACF;IAEA,IAAI,CAACJ,cAAc,CAACF,IAAI,CAAC,CAACO,OAAO,CAACF,EAAE,CAAC;EACvC;EAEAG,WAAWA,CAACZ,OAAO,EAAE;IACnBA,OAAO,GAAGA,OAAO,IAAIa,MAAM,CAACC,MAAM,CAAC,IAAI,CAAC;;IAExC;;IAEA;IACA;IACA,IAAI,CAACC,eAAe,GAAGf,OAAO,CAACgB,gBAAgB,IAAI,KAAK;IAExD,IAAI,CAACV,cAAc,GAAGO,MAAM,CAACC,MAAM,CAAC,IAAI,CAAC,CAAC,CAAC;;IAE3C,IAAI,CAACG,mBAAmB,GAAG,KAAK;;IAEhC;IACA,IAAI,CAACC,aAAa,GAAG;MACnBC,MAAM,EAAE,YAAY;MACpBC,SAAS,EAAE,KAAK;MAChBC,UAAU,EAAE;IACd,CAAC;IAED,IAAIC,OAAO,CAACC,OAAO,EAAE;MACnB,IAAI,CAACC,eAAe,GAAG,IAAIF,OAAO,CAACC,OAAO,CAACE,OAAO,CAACC,UAAU,CAAC,CAAC;IACjE;IAEA,IAAI,CAACC,aAAa,GAAG,MAAM;MACzB,IAAI,IAAI,CAACH,eAAe,EAAE;QACxB,IAAI,CAACA,eAAe,CAACI,OAAO,CAAC,CAAC;MAChC;IACF,CAAC;;IAED;IACA,IAAI,CAACC,MAAM,GAAG,IAAIjC,KAAK,CAAC,CAAC;IACzB,IAAI,CAACkC,eAAe,GAAG,IAAI;EAC7B;;EAEA;EACAC,SAASA,CAAC/B,OAAO,EAAE;IACjBA,OAAO,GAAGA,OAAO,IAAIa,MAAM,CAACC,MAAM,CAAC,IAAI,CAAC;IAExC,IAAId,OAAO,CAACgC,GAAG,EAAE;MACf,IAAI,CAACC,UAAU,CAACjC,OAAO,CAACgC,GAAG,CAAC;IAC9B;IAEA,IAAIhC,OAAO,CAACkC,cAAc,EAAE;MAC1B,IAAI,CAAClC,OAAO,CAACkC,cAAc,GAAGlC,OAAO,CAACkC,cAAc;IACtD;IAEA,IAAI,IAAI,CAAChB,aAAa,CAACE,SAAS,EAAE;MAChC,IAAIpB,OAAO,CAACmC,MAAM,IAAInC,OAAO,CAACgC,GAAG,EAAE;QACjC,IAAI,CAACI,eAAe,CAACvC,oBAAoB,CAAC;MAC5C;MACA;IACF;;IAEA;IACA,IAAI,IAAI,CAACqB,aAAa,CAACC,MAAM,KAAK,YAAY,EAAE;MAC9C;MACA,IAAI,CAACiB,eAAe,CAAC,CAAC;IACxB;IAEA,IAAI,CAACP,MAAM,CAACQ,KAAK,CAAC,CAAC;IACnB,IAAI,CAACnB,aAAa,CAACG,UAAU,IAAI,CAAC,CAAC,CAAC;IACpC,IAAI,CAACiB,SAAS,CAAC,CAAC;EAClB;EAEAC,UAAUA,CAACvC,OAAO,EAAE;IAClBA,OAAO,GAAGA,OAAO,IAAIa,MAAM,CAACC,MAAM,CAAC,IAAI,CAAC;;IAExC;IACA;IACA,IAAI,IAAI,CAACG,mBAAmB,EAAE;;IAE9B;IACA;IACA;IACA;IACA,IAAIjB,OAAO,CAACwC,UAAU,EAAE;MACtB,IAAI,CAACvB,mBAAmB,GAAG,IAAI;IACjC;IAEA,IAAI,CAACwB,QAAQ,CAAC,CAAC;IACf,IAAI,CAACZ,MAAM,CAACQ,KAAK,CAAC,CAAC;IAEnB,IAAI,CAACnB,aAAa,GAAG;MACnBC,MAAM,EAAEnB,OAAO,CAACwC,UAAU,GAAG,QAAQ,GAAG,SAAS;MACjDpB,SAAS,EAAE,KAAK;MAChBC,UAAU,EAAE;IACd,CAAC;IAED,IAAIrB,OAAO,CAACwC,UAAU,IAAIxC,OAAO,CAAC0C,MAAM,EACtC,IAAI,CAACxB,aAAa,CAACyB,MAAM,GAAG3C,OAAO,CAAC0C,MAAM;IAE5C,IAAI,CAACf,aAAa,CAAC,CAAC;EACtB;;EAEA;EACAS,eAAeA,CAACQ,UAAU,EAAE;IAC1B,IAAI,CAACH,QAAQ,CAACG,UAAU,CAAC;IACzB,IAAI,CAACC,WAAW,CAACD,UAAU,CAAC,CAAC,CAAC;EAChC;;EAEA;EACA;EACAE,OAAOA,CAAA,EAAG;IACR;IACA,IAAI,IAAI,CAAC5B,aAAa,CAACC,MAAM,IAAI,SAAS,EAAE,IAAI,CAACY,SAAS,CAAC,CAAC;EAC9D;EAEAc,WAAWA,CAACD,UAAU,EAAE;IACtB,IAAIG,OAAO,GAAG,CAAC;IACf,IAAI,IAAI,CAAC/C,OAAO,CAACC,KAAK,IAClB2C,UAAU,KAAK/C,oBAAoB,EAAE;MACvCkD,OAAO,GAAG,IAAI,CAAClB,MAAM,CAACmB,UAAU,CAC9B,IAAI,CAAC9B,aAAa,CAACG,UAAU,EAC7B,IAAI,CAACiB,SAAS,CAACW,IAAI,CAAC,IAAI,CAC1B,CAAC;MACD,IAAI,CAAC/B,aAAa,CAACC,MAAM,GAAG,SAAS;MACrC,IAAI,CAACD,aAAa,CAACgC,SAAS,GAAG,IAAIC,IAAI,CAAC,CAAC,CAACC,OAAO,CAAC,CAAC,GAAGL,OAAO;IAC/D,CAAC,MAAM;MACL,IAAI,CAAC7B,aAAa,CAACC,MAAM,GAAG,QAAQ;MACpC,OAAO,IAAI,CAACD,aAAa,CAACgC,SAAS;IACrC;IAEA,IAAI,CAAChC,aAAa,CAACE,SAAS,GAAG,KAAK;IACpC,IAAI,CAACO,aAAa,CAAC,CAAC;EACtB;EAEAW,SAASA,CAAA,EAAG;IACV,IAAI,IAAI,CAACrB,mBAAmB,EAAE;IAE9B,IAAI,CAACC,aAAa,CAACG,UAAU,IAAI,CAAC;IAClC,IAAI,CAACH,aAAa,CAACC,MAAM,GAAG,YAAY;IACxC,IAAI,CAACD,aAAa,CAACE,SAAS,GAAG,KAAK;IACpC,OAAO,IAAI,CAACF,aAAa,CAACgC,SAAS;IACnC,IAAI,CAACvB,aAAa,CAAC,CAAC;IAEpB,IAAI,CAAC0B,iBAAiB,CAAC,CAAC;EAC1B;;EAEA;EACAlC,MAAMA,CAAA,EAAG;IACP,IAAI,IAAI,CAACK,eAAe,EAAE;MACxB,IAAI,CAACA,eAAe,CAAC8B,MAAM,CAAC,CAAC;IAC/B;IACA,OAAO,IAAI,CAACpC,aAAa;EAC3B;AACF"},"sourceType":"module","externalDependencies":{},"hash":"8e595e039e8d4b0f891030b4e19239be385fafc8"}
