{"metadata":{},"options":{"assumptions":{},"compact":false,"sourceMaps":true,"ast":true,"babelrc":false,"configFile":false,"parserOpts":{"sourceType":"module","sourceFileName":"D:\\loan_app\\loan-management\\packages\\ejson\\utils.js","plugins":["*","flow","jsx","asyncGenerators","bigInt","classPrivateMethods","classPrivateProperties","classProperties","doExpressions","dynamicImport","exportDefaultFrom","exportExtensions","exportNamespaceFrom","functionBind","functionSent","importMeta","nullishCoalescingOperator","numericSeparator","objectRestSpread","optionalCatchBinding","optionalChaining",["pipelineOperator",{"proposal":"minimal"}],"throwExpressions","classProperties","classPrivateProperties","jsx","nullishCoalescingOperator","nullishCoalescingOperator","optionalChaining","optionalChaining","optionalCatchBinding","optionalCatchBinding","classProperties","classPrivateProperties","classPrivateMethods","classProperties","classPrivateProperties","asyncGenerators","asyncGenerators","objectRestSpread","objectRestSpread","logicalAssignment"],"allowImportExportEverywhere":true,"allowReturnOutsideFunction":true,"allowUndeclaredExports":true,"strictMode":false},"caller":{"name":"meteor","arch":"web.browser"},"sourceFileName":"packages/ejson/utils.js","filename":"D:\\loan_app\\loan-management\\packages\\ejson\\utils.js","targets":{},"cloneInputAst":true,"browserslistConfigFile":false,"passPerPreset":false,"envName":"development","cwd":"D:\\loan_app\\loan-management","root":"D:\\loan_app\\loan-management","rootMode":"root","plugins":[{"key":"base$0","visitor":{"_exploded":true,"_verified":true},"options":{},"externalDependencies":[]},{"key":"base$0$0","visitor":{"Program":{"enter":[null],"exit":[null]},"_exploded":true,"_verified":true},"options":{"avoidModernSyntax":false,"enforceStrictMode":false,"dynamicImport":true,"generateLetDeclarations":true},"externalDependencies":[]},{"key":"transform-runtime","visitor":{"MemberExpression":{"enter":[null]},"ObjectPattern":{"enter":[null]},"BinaryExpression":{"enter":[null]},"Identifier":{"enter":[null]},"JSXIdentifier":{"enter":[null]},"_exploded":true,"_verified":true},"options":{"version":"7.17.2","helpers":true,"useESModules":false,"corejs":false},"externalDependencies":[]},{"key":"proposal-class-properties","visitor":{"ExportDefaultDeclaration":{"enter":[null]},"_exploded":true,"_verified":true,"ClassExpression":{"enter":[null]},"ClassDeclaration":{"enter":[null]}},"options":{"loose":true},"externalDependencies":[]},{"key":"transform-react-jsx","visitor":{"JSXNamespacedName":{"enter":[null]},"JSXSpreadChild":{"enter":[null]},"Program":{"enter":[null]},"JSXFragment":{"exit":[null]},"JSXElement":{"exit":[null]},"JSXAttribute":{"enter":[null]},"_exploded":true,"_verified":true},"options":{"pragma":"React.createElement","pragmaFrag":"React.Fragment","runtime":"classic","throwIfNamespace":true,"useBuiltIns":false},"externalDependencies":[]},{"key":"transform-react-display-name","visitor":{"ExportDefaultDeclaration":{"enter":[null]},"CallExpression":{"enter":[null]},"_exploded":true,"_verified":true},"options":{},"externalDependencies":[]},{"key":"transform-react-pure-annotations","visitor":{"CallExpression":{"enter":[null]},"_exploded":true,"_verified":true},"options":{},"externalDependencies":[]},{"key":"syntax-nullish-coalescing-operator","visitor":{"_exploded":true,"_verified":true},"options":{},"externalDependencies":[]},{"key":"proposal-nullish-coalescing-operator","visitor":{"LogicalExpression":{"enter":[null]},"_exploded":true,"_verified":true},"options":{},"externalDependencies":[]},{"key":"syntax-optional-chaining","visitor":{"_exploded":true,"_verified":true},"options":{},"externalDependencies":[]},{"key":"proposal-optional-chaining","visitor":{"OptionalCallExpression":{"enter":[null]},"OptionalMemberExpression":{"enter":[null]},"_exploded":true,"_verified":true},"options":{},"externalDependencies":[]},{"key":"syntax-optional-catch-binding","visitor":{"_exploded":true,"_verified":true},"options":{},"externalDependencies":[]},{"key":"proposal-optional-catch-binding","visitor":{"CatchClause":{"enter":[null]},"_exploded":true,"_verified":true},"options":{},"externalDependencies":[]},{"key":"syntax-class-properties","visitor":{"_exploded":true,"_verified":true},"options":{},"externalDependencies":[]},{"key":"proposal-class-properties","visitor":{"ExportDefaultDeclaration":{"enter":[null]},"_exploded":true,"_verified":true,"ClassExpression":{"enter":[null]},"ClassDeclaration":{"enter":[null]}},"options":{},"externalDependencies":[]},{"key":"syntax-async-generators","visitor":{"_exploded":true,"_verified":true},"options":{},"externalDependencies":[]},{"key":"proposal-async-generator-functions","visitor":{"Program":{"enter":[null]},"_exploded":true,"_verified":true},"options":{},"externalDependencies":[]},{"key":"syntax-object-rest-spread","visitor":{"_exploded":true,"_verified":true},"options":{},"externalDependencies":[]},{"key":"proposal-object-rest-spread","visitor":{"VariableDeclarator":{"enter":[null]},"ExportNamedDeclaration":{"enter":[null]},"CatchClause":{"enter":[null]},"AssignmentExpression":{"enter":[null]},"ArrayPattern":{"enter":[null]},"ObjectExpression":{"enter":[null]},"FunctionDeclaration":{"enter":[null]},"FunctionExpression":{"enter":[null]},"ObjectMethod":{"enter":[null]},"ArrowFunctionExpression":{"enter":[null]},"ClassMethod":{"enter":[null]},"ClassPrivateMethod":{"enter":[null]},"ForInStatement":{"enter":[null]},"ForOfStatement":{"enter":[null]},"_exploded":true,"_verified":true},"options":{},"externalDependencies":[]},{"key":"proposal-logical-assignment-operators","visitor":{"AssignmentExpression":{"enter":[null]},"_exploded":true,"_verified":true},"options":{},"externalDependencies":[]},{"key":"transform-literals","visitor":{"NumericLiteral":{"enter":[null]},"StringLiteral":{"enter":[null]},"_exploded":true,"_verified":true},"options":{},"externalDependencies":[]},{"key":"transform-template-literals","visitor":{"TaggedTemplateExpression":{"enter":[null]},"TemplateLiteral":{"enter":[null]},"_exploded":true,"_verified":true},"options":{},"externalDependencies":[]},{"key":"transform-parameters","visitor":{"_exploded":true,"_verified":true,"FunctionDeclaration":{"enter":[null]},"FunctionExpression":{"enter":[null]},"ObjectMethod":{"enter":[null]},"ArrowFunctionExpression":{"enter":[null]},"ClassMethod":{"enter":[null]},"ClassPrivateMethod":{"enter":[null]}},"options":{},"externalDependencies":[]},{"key":"transform-exponentiation-operator","visitor":{"AssignmentExpression":{"enter":[null]},"BinaryExpression":{"enter":[null]},"_exploded":true,"_verified":true},"options":{},"externalDependencies":[]}],"presets":[],"generatorOpts":{"filename":"D:\\loan_app\\loan-management\\packages\\ejson\\utils.js","comments":true,"compact":false,"sourceMaps":true,"sourceFileName":"packages/ejson/utils.js"}},"code":"module.export({\n  isFunction: () => isFunction,\n  isObject: () => isObject,\n  keysOf: () => keysOf,\n  lengthOf: () => lengthOf,\n  hasOwn: () => hasOwn,\n  convertMapToObject: () => convertMapToObject,\n  isArguments: () => isArguments,\n  isInfOrNaN: () => isInfOrNaN,\n  checkError: () => checkError,\n  handleError: () => handleError\n});\nconst isFunction = fn => typeof fn === 'function';\nconst isObject = fn => typeof fn === 'object';\nconst keysOf = obj => Object.keys(obj);\nconst lengthOf = obj => Object.keys(obj).length;\nconst hasOwn = (obj, prop) => Object.prototype.hasOwnProperty.call(obj, prop);\nconst convertMapToObject = map => Array.from(map).reduce((acc, _ref) => {\n  let [key, value] = _ref;\n  // reassign to not create new object\n  acc[key] = value;\n  return acc;\n}, {});\nconst isArguments = obj => obj != null && hasOwn(obj, 'callee');\nconst isInfOrNaN = obj => Number.isNaN(obj) || obj === Infinity || obj === -Infinity;\nconst checkError = {\n  maxStack: msgError => new RegExp('Maximum call stack size exceeded', 'g').test(msgError)\n};\nconst handleError = fn => function () {\n  try {\n    return fn.apply(this, arguments);\n  } catch (error) {\n    const isMaxStack = checkError.maxStack(error.message);\n    if (isMaxStack) {\n      throw new Error('Converting circular structure to JSON');\n    }\n    throw error;\n  }\n};","map":{"version":3,"names":["module","export","isFunction","isObject","keysOf","lengthOf","hasOwn","convertMapToObject","isArguments","isInfOrNaN","checkError","handleError","fn","obj","Object","keys","length","prop","prototype","hasOwnProperty","call","map","Array","from","reduce","acc","_ref","key","value","Number","isNaN","Infinity","maxStack","msgError","RegExp","test","apply","arguments","error","isMaxStack","message","Error"],"sources":["packages/ejson/utils.js"],"sourcesContent":["export const isFunction = (fn) => typeof fn === 'function';\n\nexport const isObject = (fn) => typeof fn === 'object';\n\nexport const keysOf = (obj) => Object.keys(obj);\n\nexport const lengthOf = (obj) => Object.keys(obj).length;\n\nexport const hasOwn = (obj, prop) => Object.prototype.hasOwnProperty.call(obj, prop);\n\nexport const convertMapToObject = (map) => Array.from(map).reduce((acc, [key, value]) => {\n  // reassign to not create new object\n  acc[key] = value;\n  return acc;\n}, {});\n\nexport const isArguments = obj => obj != null && hasOwn(obj, 'callee');\n\nexport const isInfOrNaN =\n  obj => Number.isNaN(obj) || obj === Infinity || obj === -Infinity;\n\nexport const checkError = {\n  maxStack: (msgError) => new RegExp('Maximum call stack size exceeded', 'g').test(msgError),\n};\n\nexport const handleError = (fn) => function() {\n  try {\n    return fn.apply(this, arguments);\n  } catch (error) {\n    const isMaxStack = checkError.maxStack(error.message);\n    if (isMaxStack) {\n      throw new Error('Converting circular structure to JSON')\n    }\n    throw error;\n  }\n};\n"],"mappings":"AAAAA,MAAM,CAACC,MAAM,CAAC;EAACC,UAAU,EAACA,CAAA,KAAIA,UAAU;EAACC,QAAQ,EAACA,CAAA,KAAIA,QAAQ;EAACC,MAAM,EAACA,CAAA,KAAIA,MAAM;EAACC,QAAQ,EAACA,CAAA,KAAIA,QAAQ;EAACC,MAAM,EAACA,CAAA,KAAIA,MAAM;EAACC,kBAAkB,EAACA,CAAA,KAAIA,kBAAkB;EAACC,WAAW,EAACA,CAAA,KAAIA,WAAW;EAACC,UAAU,EAACA,CAAA,KAAIA,UAAU;EAACC,UAAU,EAACA,CAAA,KAAIA,UAAU;EAACC,WAAW,EAACA,CAAA,KAAIA;AAAW,CAAC,CAAC;AAAzQ,MAAMT,UAAU,GAAIU,EAAE,IAAK,OAAOA,EAAE,KAAK,UAAU;AAEnD,MAAMT,QAAQ,GAAIS,EAAE,IAAK,OAAOA,EAAE,KAAK,QAAQ;AAE/C,MAAMR,MAAM,GAAIS,GAAG,IAAKC,MAAM,CAACC,IAAI,CAACF,GAAG,CAAC;AAExC,MAAMR,QAAQ,GAAIQ,GAAG,IAAKC,MAAM,CAACC,IAAI,CAACF,GAAG,CAAC,CAACG,MAAM;AAEjD,MAAMV,MAAM,GAAGA,CAACO,GAAG,EAAEI,IAAI,KAAKH,MAAM,CAACI,SAAS,CAACC,cAAc,CAACC,IAAI,CAACP,GAAG,EAAEI,IAAI,CAAC;AAE7E,MAAMV,kBAAkB,GAAIc,GAAG,IAAKC,KAAK,CAACC,IAAI,CAACF,GAAG,CAAC,CAACG,MAAM,CAAC,CAACC,GAAG,EAAAC,IAAA,KAAmB;EAAA,IAAjB,CAACC,GAAG,EAAEC,KAAK,CAAC,GAAAF,IAAA;EAClF;EACAD,GAAG,CAACE,GAAG,CAAC,GAAGC,KAAK;EAChB,OAAOH,GAAG;AACZ,CAAC,EAAE,CAAC,CAAC,CAAC;AAEC,MAAMjB,WAAW,GAAGK,GAAG,IAAIA,GAAG,IAAI,IAAI,IAAIP,MAAM,CAACO,GAAG,EAAE,QAAQ,CAAC;AAE/D,MAAMJ,UAAU,GACrBI,GAAG,IAAIgB,MAAM,CAACC,KAAK,CAACjB,GAAG,CAAC,IAAIA,GAAG,KAAKkB,QAAQ,IAAIlB,GAAG,KAAK,CAACkB,QAAQ;AAE5D,MAAMrB,UAAU,GAAG;EACxBsB,QAAQ,EAAGC,QAAQ,IAAK,IAAIC,MAAM,CAAC,kCAAkC,EAAE,GAAG,CAAC,CAACC,IAAI,CAACF,QAAQ;AAC3F,CAAC;AAEM,MAAMtB,WAAW,GAAIC,EAAE,IAAK,YAAW;EAC5C,IAAI;IACF,OAAOA,EAAE,CAACwB,KAAK,CAAC,IAAI,EAAEC,SAAS,CAAC;EAClC,CAAC,CAAC,OAAOC,KAAK,EAAE;IACd,MAAMC,UAAU,GAAG7B,UAAU,CAACsB,QAAQ,CAACM,KAAK,CAACE,OAAO,CAAC;IACrD,IAAID,UAAU,EAAE;MACd,MAAM,IAAIE,KAAK,CAAC,uCAAuC,CAAC;IAC1D;IACA,MAAMH,KAAK;EACb;AACF,CAAC"},"sourceType":"module","externalDependencies":{},"hash":"8f246bf2663373a653dd0055850a0dfbbce61f03"}
