{"metadata":{},"options":{"assumptions":{},"compact":false,"sourceMaps":true,"ast":true,"babelrc":false,"configFile":false,"parserOpts":{"sourceType":"module","sourceFileName":"D:\\loan_app\\loan-management\\packages\\tracker\\tracker.js","plugins":["*","flow","jsx","asyncGenerators","bigInt","classPrivateMethods","classPrivateProperties","classProperties","doExpressions","dynamicImport","exportDefaultFrom","exportExtensions","exportNamespaceFrom","functionBind","functionSent","importMeta","nullishCoalescingOperator","numericSeparator","objectRestSpread","optionalCatchBinding","optionalChaining",["pipelineOperator",{"proposal":"minimal"}],"throwExpressions","objectRestSpread","objectRestSpread","asyncGenerators","classProperties","classPrivateProperties","jsx","nullishCoalescingOperator","nullishCoalescingOperator","optionalChaining","optionalChaining","optionalCatchBinding","optionalCatchBinding","classProperties","classPrivateProperties","classPrivateMethods","classProperties","classPrivateProperties","asyncGenerators","asyncGenerators","objectRestSpread","objectRestSpread","logicalAssignment"],"allowImportExportEverywhere":true,"allowReturnOutsideFunction":true,"allowUndeclaredExports":true,"strictMode":false},"caller":{"name":"meteor","arch":"os.windows.x86_64"},"sourceFileName":"packages/tracker/tracker.js","filename":"D:\\loan_app\\loan-management\\packages\\tracker\\tracker.js","targets":{},"cloneInputAst":true,"browserslistConfigFile":false,"passPerPreset":false,"envName":"development","cwd":"D:\\loan_app\\loan-management","root":"D:\\loan_app\\loan-management","rootMode":"root","plugins":[{"key":"base$0","visitor":{"_exploded":true,"_verified":true},"options":{},"externalDependencies":[]},{"key":"base$0$0","visitor":{"Program":{"enter":[null],"exit":[null]},"_exploded":true,"_verified":true},"options":{"avoidModernSyntax":false,"enforceStrictMode":false,"dynamicImport":true,"generateLetDeclarations":true},"externalDependencies":[]},{"key":"transform-runtime","visitor":{"MemberExpression":{"enter":[null]},"ObjectPattern":{"enter":[null]},"BinaryExpression":{"enter":[null]},"Identifier":{"enter":[null]},"JSXIdentifier":{"enter":[null]},"_exploded":true,"_verified":true},"options":{"version":"7.17.2","helpers":true,"useESModules":false,"corejs":false},"externalDependencies":[]},{"key":"syntax-object-rest-spread","visitor":{"_exploded":true,"_verified":true},"options":{},"externalDependencies":[]},{"key":"proposal-object-rest-spread","visitor":{"VariableDeclarator":{"enter":[null]},"ExportNamedDeclaration":{"enter":[null]},"CatchClause":{"enter":[null]},"AssignmentExpression":{"enter":[null]},"ArrayPattern":{"enter":[null]},"ObjectExpression":{"enter":[null]},"FunctionDeclaration":{"enter":[null]},"FunctionExpression":{"enter":[null]},"ObjectMethod":{"enter":[null]},"ArrowFunctionExpression":{"enter":[null]},"ClassMethod":{"enter":[null]},"ClassPrivateMethod":{"enter":[null]},"ForInStatement":{"enter":[null]},"ForOfStatement":{"enter":[null]},"_exploded":true,"_verified":true},"options":{},"externalDependencies":[]},{"key":"transform-meteor-async-await","visitor":{"AwaitExpression":{"enter":[null]},"_exploded":true,"_verified":true,"FunctionDeclaration":{"exit":[null]},"FunctionExpression":{"exit":[null]},"ObjectMethod":{"exit":[null]},"ArrowFunctionExpression":{"exit":[null]},"ClassMethod":{"exit":[null]},"ClassPrivateMethod":{"exit":[null]}},"options":{"useNativeAsyncAwait":false},"externalDependencies":[]},{"key":"proposal-async-generator-functions","visitor":{"Program":{"enter":[null]},"_exploded":true,"_verified":true},"options":{},"externalDependencies":[]},{"key":"proposal-class-properties","visitor":{"ExportDefaultDeclaration":{"enter":[null]},"_exploded":true,"_verified":true,"ClassExpression":{"enter":[null]},"ClassDeclaration":{"enter":[null]}},"options":{"loose":true},"externalDependencies":[]},{"key":"transform-react-jsx","visitor":{"JSXNamespacedName":{"enter":[null]},"JSXSpreadChild":{"enter":[null]},"Program":{"enter":[null]},"JSXFragment":{"exit":[null]},"JSXElement":{"exit":[null]},"JSXAttribute":{"enter":[null]},"_exploded":true,"_verified":true},"options":{"pragma":"React.createElement","pragmaFrag":"React.Fragment","runtime":"classic","throwIfNamespace":true,"useBuiltIns":false},"externalDependencies":[]},{"key":"transform-react-display-name","visitor":{"ExportDefaultDeclaration":{"enter":[null]},"CallExpression":{"enter":[null]},"_exploded":true,"_verified":true},"options":{},"externalDependencies":[]},{"key":"transform-react-pure-annotations","visitor":{"CallExpression":{"enter":[null]},"_exploded":true,"_verified":true},"options":{},"externalDependencies":[]},{"key":"syntax-nullish-coalescing-operator","visitor":{"_exploded":true,"_verified":true},"options":{},"externalDependencies":[]},{"key":"proposal-nullish-coalescing-operator","visitor":{"LogicalExpression":{"enter":[null]},"_exploded":true,"_verified":true},"options":{},"externalDependencies":[]},{"key":"syntax-optional-chaining","visitor":{"_exploded":true,"_verified":true},"options":{},"externalDependencies":[]},{"key":"proposal-optional-chaining","visitor":{"OptionalCallExpression":{"enter":[null]},"OptionalMemberExpression":{"enter":[null]},"_exploded":true,"_verified":true},"options":{},"externalDependencies":[]},{"key":"syntax-optional-catch-binding","visitor":{"_exploded":true,"_verified":true},"options":{},"externalDependencies":[]},{"key":"proposal-optional-catch-binding","visitor":{"CatchClause":{"enter":[null]},"_exploded":true,"_verified":true},"options":{},"externalDependencies":[]},{"key":"syntax-class-properties","visitor":{"_exploded":true,"_verified":true},"options":{},"externalDependencies":[]},{"key":"proposal-class-properties","visitor":{"ExportDefaultDeclaration":{"enter":[null]},"_exploded":true,"_verified":true,"ClassExpression":{"enter":[null]},"ClassDeclaration":{"enter":[null]}},"options":{},"externalDependencies":[]},{"key":"syntax-async-generators","visitor":{"_exploded":true,"_verified":true},"options":{},"externalDependencies":[]},{"key":"proposal-async-generator-functions","visitor":{"Program":{"enter":[null]},"_exploded":true,"_verified":true},"options":{},"externalDependencies":[]},{"key":"syntax-object-rest-spread","visitor":{"_exploded":true,"_verified":true},"options":{},"externalDependencies":[]},{"key":"proposal-object-rest-spread","visitor":{"VariableDeclarator":{"enter":[null]},"ExportNamedDeclaration":{"enter":[null]},"CatchClause":{"enter":[null]},"AssignmentExpression":{"enter":[null]},"ArrayPattern":{"enter":[null]},"ObjectExpression":{"enter":[null]},"FunctionDeclaration":{"enter":[null]},"FunctionExpression":{"enter":[null]},"ObjectMethod":{"enter":[null]},"ArrowFunctionExpression":{"enter":[null]},"ClassMethod":{"enter":[null]},"ClassPrivateMethod":{"enter":[null]},"ForInStatement":{"enter":[null]},"ForOfStatement":{"enter":[null]},"_exploded":true,"_verified":true},"options":{},"externalDependencies":[]},{"key":"proposal-logical-assignment-operators","visitor":{"AssignmentExpression":{"enter":[null]},"_exploded":true,"_verified":true},"options":{},"externalDependencies":[]},{"key":"transform-literals","visitor":{"NumericLiteral":{"enter":[null]},"StringLiteral":{"enter":[null]},"_exploded":true,"_verified":true},"options":{},"externalDependencies":[]},{"key":"transform-template-literals","visitor":{"TaggedTemplateExpression":{"enter":[null]},"TemplateLiteral":{"enter":[null]},"_exploded":true,"_verified":true},"options":{},"externalDependencies":[]},{"key":"transform-parameters","visitor":{"_exploded":true,"_verified":true,"FunctionDeclaration":{"enter":[null]},"FunctionExpression":{"enter":[null]},"ObjectMethod":{"enter":[null]},"ArrowFunctionExpression":{"enter":[null]},"ClassMethod":{"enter":[null]},"ClassPrivateMethod":{"enter":[null]}},"options":{},"externalDependencies":[]},{"key":"transform-exponentiation-operator","visitor":{"AssignmentExpression":{"enter":[null]},"BinaryExpression":{"enter":[null]},"_exploded":true,"_verified":true},"options":{},"externalDependencies":[]}],"presets":[],"generatorOpts":{"filename":"D:\\loan_app\\loan-management\\packages\\tracker\\tracker.js","comments":true,"compact":false,"sourceMaps":true,"sourceFileName":"packages/tracker/tracker.js"}},"code":"/////////////////////////////////////////////////////\n// Package docs at http://docs.meteor.com/#tracker //\n/////////////////////////////////////////////////////\n\n/**\n * @namespace Tracker\n * @summary The namespace for Tracker-related methods.\n */\nTracker = {};\n\n/**\n * @namespace Deps\n * @deprecated\n */\nDeps = Tracker;\n\n// http://docs.meteor.com/#tracker_active\n\n/**\n * @summary True if there is a current computation, meaning that dependencies on reactive data sources will be tracked and potentially cause the current computation to be rerun.\n * @locus Client\n * @type {Boolean}\n */\nTracker.active = false;\n\n// http://docs.meteor.com/#tracker_currentcomputation\n\n/**\n * @summary The current computation, or `null` if there isn't one.  The current computation is the [`Tracker.Computation`](#tracker_computation) object created by the innermost active call to `Tracker.autorun`, and it's the computation that gains dependencies when reactive data sources are accessed.\n * @locus Client\n * @type {Tracker.Computation}\n */\nTracker.currentComputation = null;\nfunction _debugFunc() {\n  // We want this code to work without Meteor, and also without\n  // \"console\" (which is technically non-standard and may be missing\n  // on some browser we come across, like it was on IE 7).\n  //\n  // Lazy evaluation because `Meteor` does not exist right away.(??)\n  return typeof Meteor !== \"undefined\" ? Meteor._debug : typeof console !== \"undefined\" && console.error ? function () {\n    console.error.apply(console, arguments);\n  } : function () {};\n}\nfunction _maybeSuppressMoreLogs(messagesLength) {\n  // Sometimes when running tests, we intentionally suppress logs on expected\n  // printed errors. Since the current implementation of _throwOrLog can log\n  // multiple separate log messages, suppress all of them if at least one suppress\n  // is expected as we still want them to count as one.\n  if (typeof Meteor !== \"undefined\") {\n    if (Meteor._suppressed_log_expected()) {\n      Meteor._suppress_log(messagesLength - 1);\n    }\n  }\n}\nfunction _throwOrLog(from, e) {\n  if (throwFirstError) {\n    throw e;\n  } else {\n    var printArgs = [\"Exception from Tracker \" + from + \" function:\"];\n    if (e.stack && e.message && e.name) {\n      var idx = e.stack.indexOf(e.message);\n      if (idx < 0 || idx > e.name.length + 2) {\n        // check for \"Error: \"\n        // message is not part of the stack\n        var message = e.name + \": \" + e.message;\n        printArgs.push(message);\n      }\n    }\n    printArgs.push(e.stack);\n    _maybeSuppressMoreLogs(printArgs.length);\n    for (var i = 0; i < printArgs.length; i++) {\n      _debugFunc()(printArgs[i]);\n    }\n  }\n}\n\n// Takes a function `f`, and wraps it in a `Meteor._noYieldsAllowed`\n// block if we are running on the server. On the client, returns the\n// original function (since `Meteor._noYieldsAllowed` is a\n// no-op). This has the benefit of not adding an unnecessary stack\n// frame on the client.\nfunction withNoYieldsAllowed(f) {\n  if (typeof Meteor === 'undefined' || Meteor.isClient) {\n    return f;\n  } else {\n    return function () {\n      var args = arguments;\n      Meteor._noYieldsAllowed(function () {\n        f.apply(null, args);\n      });\n    };\n  }\n}\nvar nextId = 1;\n// computations whose callbacks we should call at flush time\nvar pendingComputations = [];\n// `true` if a Tracker.flush is scheduled, or if we are in Tracker.flush now\nvar willFlush = false;\n// `true` if we are in Tracker.flush now\nvar inFlush = false;\n// `true` if we are computing a computation now, either first time\n// or recompute.  This matches Tracker.active unless we are inside\n// Tracker.nonreactive, which nullfies currentComputation even though\n// an enclosing computation may still be running.\nvar inCompute = false;\n// `true` if the `_throwFirstError` option was passed in to the call\n// to Tracker.flush that we are in. When set, throw rather than log the\n// first error encountered while flushing. Before throwing the error,\n// finish flushing (from a finally block), logging any subsequent\n// errors.\nvar throwFirstError = false;\nvar afterFlushCallbacks = [];\nfunction requireFlush() {\n  if (!willFlush) {\n    // We want this code to work without Meteor, see debugFunc above\n    if (typeof Meteor !== \"undefined\") Meteor._setImmediate(Tracker._runFlush);else setTimeout(Tracker._runFlush, 0);\n    willFlush = true;\n  }\n}\n\n// Tracker.Computation constructor is visible but private\n// (throws an error if you try to call it)\nvar constructingComputation = false;\n\n//\n// http://docs.meteor.com/#tracker_computation\n\n/**\n * @summary A Computation object represents code that is repeatedly rerun\n * in response to\n * reactive data changes. Computations don't have return values; they just\n * perform actions, such as rerendering a template on the screen. Computations\n * are created using Tracker.autorun. Use stop to prevent further rerunning of a\n * computation.\n * @instancename computation\n */\nTracker.Computation = class Computation {\n  constructor(f, parent, onError) {\n    if (!constructingComputation) throw new Error(\"Tracker.Computation constructor is private; use Tracker.autorun\");\n    constructingComputation = false;\n\n    // http://docs.meteor.com/#computation_stopped\n\n    /**\n     * @summary True if this computation has been stopped.\n     * @locus Client\n     * @memberOf Tracker.Computation\n     * @instance\n     * @name  stopped\n     */\n    this.stopped = false;\n\n    // http://docs.meteor.com/#computation_invalidated\n\n    /**\n     * @summary True if this computation has been invalidated (and not yet rerun), or if it has been stopped.\n     * @locus Client\n     * @memberOf Tracker.Computation\n     * @instance\n     * @name  invalidated\n     * @type {Boolean}\n     */\n    this.invalidated = false;\n\n    // http://docs.meteor.com/#computation_firstrun\n\n    /**\n     * @summary True during the initial run of the computation at the time `Tracker.autorun` is called, and false on subsequent reruns and at other times.\n     * @locus Client\n     * @memberOf Tracker.Computation\n     * @instance\n     * @name  firstRun\n     * @type {Boolean}\n     */\n    this.firstRun = true;\n    this._id = nextId++;\n    this._onInvalidateCallbacks = [];\n    this._onStopCallbacks = [];\n    // the plan is at some point to use the parent relation\n    // to constrain the order that computations are processed\n    this._parent = parent;\n    this._func = f;\n    this._onError = onError;\n    this._recomputing = false;\n\n    /**\n     * @summary Forces autorun blocks to be executed in synchronous-looking order by storing the value autorun promise thus making it awaitable.\n     * @locus Client\n     * @memberOf Tracker.Computation\n     * @instance\n     * @name  firstRunPromise\n     * @returns {Promise<unknown>}\n     */\n    this.firstRunPromise = undefined;\n    var errored = true;\n    try {\n      this._compute();\n      errored = false;\n    } finally {\n      this.firstRun = false;\n      if (errored) this.stop();\n    }\n  }\n\n  /**\n  * Resolves the firstRunPromise with the result of the autorun function.\n  * @param {*} onResolved\n  * @param {*} onRejected\n  * @returns{Promise<unknown}\n  */\n  then(onResolved, onRejected) {\n    return this.firstRunPromise.then(onResolved, onRejected);\n  }\n  catch(onRejected) {\n    return this.firstRunPromise.catch(onRejected);\n  }\n  // http://docs.meteor.com/#computation_oninvalidate\n\n  /**\n   * @summary Registers `callback` to run when this computation is next invalidated, or runs it immediately if the computation is already invalidated.  The callback is run exactly once and not upon future invalidations unless `onInvalidate` is called again after the computation becomes valid again.\n   * @locus Client\n   * @param {Function} callback Function to be called on invalidation. Receives one argument, the computation that was invalidated.\n   */\n  onInvalidate(f) {\n    if (typeof f !== 'function') throw new Error(\"onInvalidate requires a function\");\n    if (this.invalidated) {\n      Tracker.nonreactive(() => {\n        withNoYieldsAllowed(f)(this);\n      });\n    } else {\n      this._onInvalidateCallbacks.push(f);\n    }\n  }\n\n  /**\n   * @summary Registers `callback` to run when this computation is stopped, or runs it immediately if the computation is already stopped.  The callback is run after any `onInvalidate` callbacks.\n   * @locus Client\n   * @param {Function} callback Function to be called on stop. Receives one argument, the computation that was stopped.\n   */\n  onStop(f) {\n    if (typeof f !== 'function') throw new Error(\"onStop requires a function\");\n    if (this.stopped) {\n      Tracker.nonreactive(() => {\n        withNoYieldsAllowed(f)(this);\n      });\n    } else {\n      this._onStopCallbacks.push(f);\n    }\n  }\n\n  // http://docs.meteor.com/#computation_invalidate\n\n  /**\n   * @summary Invalidates this computation so that it will be rerun.\n   * @locus Client\n   */\n  invalidate() {\n    if (!this.invalidated) {\n      // if we're currently in _recompute(), don't enqueue\n      // ourselves, since we'll rerun immediately anyway.\n      if (!this._recomputing && !this.stopped) {\n        requireFlush();\n        pendingComputations.push(this);\n      }\n      this.invalidated = true;\n\n      // callbacks can't add callbacks, because\n      // this.invalidated === true.\n      for (var i = 0, f; f = this._onInvalidateCallbacks[i]; i++) {\n        Tracker.nonreactive(() => {\n          withNoYieldsAllowed(f)(this);\n        });\n      }\n      this._onInvalidateCallbacks = [];\n    }\n  }\n\n  // http://docs.meteor.com/#computation_stop\n\n  /**\n   * @summary Prevents this computation from rerunning.\n   * @locus Client\n   */\n  stop() {\n    if (!this.stopped) {\n      this.stopped = true;\n      this.invalidate();\n      for (var i = 0, f; f = this._onStopCallbacks[i]; i++) {\n        Tracker.nonreactive(() => {\n          withNoYieldsAllowed(f)(this);\n        });\n      }\n      this._onStopCallbacks = [];\n    }\n  }\n  _compute() {\n    this.invalidated = false;\n    var previousInCompute = inCompute;\n    inCompute = true;\n    try {\n      // In case of async functions, the result of this function will contain the promise of the autorun function\n      // & make autoruns await-able.\n      const firstRunPromise = Tracker.withComputation(this, () => {\n        return withNoYieldsAllowed(this._func)(this);\n      });\n      // We'll store the firstRunPromise on the computation so it can be awaited by the callers, but only\n      // during the first run. We don't want things to get mixed up.\n      if (this.firstRun) {\n        this.firstRunPromise = Promise.resolve(firstRunPromise);\n      }\n    } finally {\n      inCompute = previousInCompute;\n    }\n  }\n  _needsRecompute() {\n    return this.invalidated && !this.stopped;\n  }\n  _recompute() {\n    this._recomputing = true;\n    try {\n      if (this._needsRecompute()) {\n        try {\n          this._compute();\n        } catch (e) {\n          if (this._onError) {\n            this._onError(e);\n          } else {\n            _throwOrLog(\"recompute\", e);\n          }\n        }\n      }\n    } finally {\n      this._recomputing = false;\n    }\n  }\n\n  /**\n   * @summary Process the reactive updates for this computation immediately\n   * and ensure that the computation is rerun. The computation is rerun only\n   * if it is invalidated.\n   * @locus Client\n   */\n  flush() {\n    if (this._recomputing) return;\n    this._recompute();\n  }\n\n  /**\n   * @summary Causes the function inside this computation to run and\n   * synchronously process all reactive updtes.\n   * @locus Client\n   */\n  run() {\n    this.invalidate();\n    this.flush();\n  }\n};\n\n//\n// http://docs.meteor.com/#tracker_dependency\n\n/**\n * @summary A Dependency represents an atomic unit of reactive data that a\n * computation might depend on. Reactive data sources such as Session or\n * Minimongo internally create different Dependency objects for different\n * pieces of data, each of which may be depended on by multiple computations.\n * When the data changes, the computations are invalidated.\n * @class\n * @instanceName dependency\n */\nTracker.Dependency = class Dependency {\n  constructor() {\n    this._dependentsById = Object.create(null);\n  }\n\n  // http://docs.meteor.com/#dependency_depend\n  //\n  // Adds `computation` to this set if it is not already\n  // present.  Returns true if `computation` is a new member of the set.\n  // If no argument, defaults to currentComputation, or does nothing\n  // if there is no currentComputation.\n\n  /**\n   * @summary Declares that the current computation (or `fromComputation` if given) depends on `dependency`.  The computation will be invalidated the next time `dependency` changes.\n    If there is no current computation and `depend()` is called with no arguments, it does nothing and returns false.\n    Returns true if the computation is a new dependent of `dependency` rather than an existing one.\n   * @locus Client\n   * @param {Tracker.Computation} [fromComputation] An optional computation declared to depend on `dependency` instead of the current computation.\n   * @returns {Boolean}\n   */\n  depend(computation) {\n    if (!computation) {\n      if (!Tracker.active) return false;\n      computation = Tracker.currentComputation;\n    }\n    var id = computation._id;\n    if (!(id in this._dependentsById)) {\n      this._dependentsById[id] = computation;\n      computation.onInvalidate(() => {\n        delete this._dependentsById[id];\n      });\n      return true;\n    }\n    return false;\n  }\n\n  // http://docs.meteor.com/#dependency_changed\n\n  /**\n   * @summary Invalidate all dependent computations immediately and remove them as dependents.\n   * @locus Client\n   */\n  changed() {\n    for (var id in this._dependentsById) this._dependentsById[id].invalidate();\n  }\n\n  // http://docs.meteor.com/#dependency_hasdependents\n\n  /**\n   * @summary True if this Dependency has one or more dependent Computations, which would be invalidated if this Dependency were to change.\n   * @locus Client\n   * @returns {Boolean}\n   */\n  hasDependents() {\n    for (var id in this._dependentsById) return true;\n    return false;\n  }\n};\n\n// http://docs.meteor.com/#tracker_flush\n\n/**\n * @summary Process all reactive updates immediately and ensure that all invalidated computations are rerun.\n * @locus Client\n */\nTracker.flush = function (options) {\n  Tracker._runFlush({\n    finishSynchronously: true,\n    throwFirstError: options && options._throwFirstError\n  });\n};\n\n/**\n * @summary True if we are computing a computation now, either first time or recompute.  This matches Tracker.active unless we are inside Tracker.nonreactive, which nullfies currentComputation even though an enclosing computation may still be running.\n * @locus Client\n * @returns {Boolean}\n */\nTracker.inFlush = function () {\n  return inFlush;\n};\n\n// Run all pending computations and afterFlush callbacks.  If we were not called\n// directly via Tracker.flush, this may return before they're all done to allow\n// the event loop to run a little before continuing.\nTracker._runFlush = function (options) {\n  // XXX What part of the comment below is still true? (We no longer\n  // have Spark)\n  //\n  // Nested flush could plausibly happen if, say, a flush causes\n  // DOM mutation, which causes a \"blur\" event, which runs an\n  // app event handler that calls Tracker.flush.  At the moment\n  // Spark blocks event handlers during DOM mutation anyway,\n  // because the LiveRange tree isn't valid.  And we don't have\n  // any useful notion of a nested flush.\n  //\n  // https://app.asana.com/0/159908330244/385138233856\n  if (Tracker.inFlush()) throw new Error(\"Can't call Tracker.flush while flushing\");\n  if (inCompute) throw new Error(\"Can't flush inside Tracker.autorun\");\n  options = options || {};\n  inFlush = true;\n  willFlush = true;\n  throwFirstError = !!options.throwFirstError;\n  var recomputedCount = 0;\n  var finishedTry = false;\n  try {\n    while (pendingComputations.length || afterFlushCallbacks.length) {\n      // recompute all pending computations\n      while (pendingComputations.length) {\n        var comp = pendingComputations.shift();\n        comp._recompute();\n        if (comp._needsRecompute()) {\n          pendingComputations.unshift(comp);\n        }\n        if (!options.finishSynchronously && ++recomputedCount > 1000) {\n          finishedTry = true;\n          return;\n        }\n      }\n      if (afterFlushCallbacks.length) {\n        // call one afterFlush callback, which may\n        // invalidate more computations\n        var func = afterFlushCallbacks.shift();\n        try {\n          func();\n        } catch (e) {\n          _throwOrLog(\"afterFlush\", e);\n        }\n      }\n    }\n    finishedTry = true;\n  } finally {\n    if (!finishedTry) {\n      // we're erroring due to throwFirstError being true.\n      inFlush = false; // needed before calling `Tracker.flush()` again\n      // finish flushing\n      Tracker._runFlush({\n        finishSynchronously: options.finishSynchronously,\n        throwFirstError: false\n      });\n    }\n    willFlush = false;\n    inFlush = false;\n    if (pendingComputations.length || afterFlushCallbacks.length) {\n      // We're yielding because we ran a bunch of computations and we aren't\n      // required to finish synchronously, so we'd like to give the event loop a\n      // chance. We should flush again soon.\n      if (options.finishSynchronously) {\n        throw new Error(\"still have more to do?\"); // shouldn't happen\n      }\n      setTimeout(requireFlush, 10);\n    }\n  }\n};\n\n// http://docs.meteor.com/#tracker_autorun\n//\n// Run f(). Record its dependencies. Rerun it whenever the\n// dependencies change.\n//\n// Returns a new Computation, which is also passed to f.\n//\n// Links the computation to the current computation\n// so that it is stopped if the current computation is invalidated.\n\n/**\n * @callback Tracker.ComputationFunction\n * @param {Tracker.Computation}\n */\n/**\n * @summary Run a function now and rerun it later whenever its dependencies\n * change. Returns a Computation object that can be used to stop or observe the\n * rerunning.\n * @locus Client\n * @param {Tracker.ComputationFunction} runFunc The function to run. It receives\n * one argument: the Computation object that will be returned.\n * @param {Object} [options]\n * @param {Function} options.onError Optional. The function to run when an error\n * happens in the Computation. The only argument it receives is the Error\n * thrown. Defaults to the error being logged to the console.\n * @returns {Tracker.Computation}\n */\nTracker.autorun = function (f) {\n  let options = arguments.length > 1 && arguments[1] !== undefined ? arguments[1] : {};\n  if (typeof f !== 'function') throw new Error('Tracker.autorun requires a function argument');\n  constructingComputation = true;\n  var c = new Tracker.Computation(f, Tracker.currentComputation, options.onError);\n  if (Tracker.active) Tracker.onInvalidate(function () {\n    c.stop();\n  });\n  return c;\n};\n\n// http://docs.meteor.com/#tracker_nonreactive\n//\n// Run `f` with no current computation, returning the return value\n// of `f`.  Used to turn off reactivity for the duration of `f`,\n// so that reactive data sources accessed by `f` will not result in any\n// computations being invalidated.\n\n/**\n * @summary Run a function without tracking dependencies.\n * @locus Client\n * @param {Function} func A function to call immediately.\n */\nTracker.nonreactive = function (f) {\n  return Tracker.withComputation(null, f);\n};\n\n/**\n * @summary Helper function to make the tracker work with promises.\n * @param computation Computation that tracked\n * @param func async function that needs to be called and be reactive\n */\nTracker.withComputation = function (computation, f) {\n  var previousComputation = Tracker.currentComputation;\n  Tracker.currentComputation = computation;\n  Tracker.active = !!computation;\n  try {\n    return f();\n  } finally {\n    Tracker.currentComputation = previousComputation;\n    Tracker.active = !!previousComputation;\n  }\n};\n\n// http://docs.meteor.com/#tracker_oninvalidate\n\n/**\n * @summary Registers a new [`onInvalidate`](#computation_oninvalidate) callback on the current computation (which must exist), to be called immediately when the current computation is invalidated or stopped.\n * @locus Client\n * @param {Function} callback A callback function that will be invoked as `func(c)`, where `c` is the computation on which the callback is registered.\n */\nTracker.onInvalidate = function (f) {\n  if (!Tracker.active) throw new Error(\"Tracker.onInvalidate requires a currentComputation\");\n  Tracker.currentComputation.onInvalidate(f);\n};\n\n// http://docs.meteor.com/#tracker_afterflush\n\n/**\n * @summary Schedules a function to be called during the next flush, or later in the current flush if one is in progress, after all invalidated computations have been rerun.  The function will be run once and not on subsequent flushes unless `afterFlush` is called again.\n * @locus Client\n * @param {Function} callback A function to call at flush time.\n */\nTracker.afterFlush = function (f) {\n  afterFlushCallbacks.push(f);\n  requireFlush();\n};","map":{"version":3,"names":["Tracker","Deps","active","currentComputation","_debugFunc","Meteor","_debug","console","error","apply","arguments","_maybeSuppressMoreLogs","messagesLength","_suppressed_log_expected","_suppress_log","_throwOrLog","from","e","throwFirstError","printArgs","stack","message","name","idx","indexOf","length","push","i","withNoYieldsAllowed","f","isClient","args","_noYieldsAllowed","nextId","pendingComputations","willFlush","inFlush","inCompute","afterFlushCallbacks","requireFlush","_setImmediate","_runFlush","setTimeout","constructingComputation","Computation","constructor","parent","onError","Error","stopped","invalidated","firstRun","_id","_onInvalidateCallbacks","_onStopCallbacks","_parent","_func","_onError","_recomputing","firstRunPromise","undefined","errored","_compute","stop","then","onResolved","onRejected","catch","onInvalidate","nonreactive","onStop","invalidate","previousInCompute","withComputation","Promise","resolve","_needsRecompute","_recompute","flush","run","Dependency","_dependentsById","Object","create","depend","computation","id","changed","hasDependents","options","finishSynchronously","_throwFirstError","recomputedCount","finishedTry","comp","shift","unshift","func","autorun","c","previousComputation","afterFlush"],"sources":["packages/tracker/tracker.js"],"sourcesContent":["/////////////////////////////////////////////////////\n// Package docs at http://docs.meteor.com/#tracker //\n/////////////////////////////////////////////////////\n\n/**\n * @namespace Tracker\n * @summary The namespace for Tracker-related methods.\n */\nTracker = {};\n\n/**\n * @namespace Deps\n * @deprecated\n */\nDeps = Tracker;\n\n// http://docs.meteor.com/#tracker_active\n\n/**\n * @summary True if there is a current computation, meaning that dependencies on reactive data sources will be tracked and potentially cause the current computation to be rerun.\n * @locus Client\n * @type {Boolean}\n */\nTracker.active = false;\n\n// http://docs.meteor.com/#tracker_currentcomputation\n\n/**\n * @summary The current computation, or `null` if there isn't one.  The current computation is the [`Tracker.Computation`](#tracker_computation) object created by the innermost active call to `Tracker.autorun`, and it's the computation that gains dependencies when reactive data sources are accessed.\n * @locus Client\n * @type {Tracker.Computation}\n */\nTracker.currentComputation = null;\n\nfunction _debugFunc() {\n  // We want this code to work without Meteor, and also without\n  // \"console\" (which is technically non-standard and may be missing\n  // on some browser we come across, like it was on IE 7).\n  //\n  // Lazy evaluation because `Meteor` does not exist right away.(??)\n  return (typeof Meteor !== \"undefined\" ? Meteor._debug :\n          ((typeof console !== \"undefined\") && console.error ?\n           function () { console.error.apply(console, arguments); } :\n           function () {}));\n}\n\nfunction _maybeSuppressMoreLogs(messagesLength) {\n  // Sometimes when running tests, we intentionally suppress logs on expected\n  // printed errors. Since the current implementation of _throwOrLog can log\n  // multiple separate log messages, suppress all of them if at least one suppress\n  // is expected as we still want them to count as one.\n  if (typeof Meteor !== \"undefined\") {\n    if (Meteor._suppressed_log_expected()) {\n      Meteor._suppress_log(messagesLength - 1);\n    }\n  }\n}\n\nfunction _throwOrLog(from, e) {\n  if (throwFirstError) {\n    throw e;\n  } else {\n    var printArgs = [\"Exception from Tracker \" + from + \" function:\"];\n    if (e.stack && e.message && e.name) {\n      var idx = e.stack.indexOf(e.message);\n      if (idx < 0 || idx > e.name.length + 2) { // check for \"Error: \"\n        // message is not part of the stack\n        var message = e.name + \": \" + e.message;\n        printArgs.push(message);\n      }\n    }\n    printArgs.push(e.stack);\n    _maybeSuppressMoreLogs(printArgs.length);\n\n    for (var i = 0; i < printArgs.length; i++) {\n      _debugFunc()(printArgs[i]);\n    }\n  }\n}\n\n// Takes a function `f`, and wraps it in a `Meteor._noYieldsAllowed`\n// block if we are running on the server. On the client, returns the\n// original function (since `Meteor._noYieldsAllowed` is a\n// no-op). This has the benefit of not adding an unnecessary stack\n// frame on the client.\nfunction withNoYieldsAllowed(f) {\n  if ((typeof Meteor === 'undefined') || Meteor.isClient) {\n    return f;\n  } else {\n    return function () {\n      var args = arguments;\n      Meteor._noYieldsAllowed(function () {\n        f.apply(null, args);\n      });\n    };\n  }\n}\n\nvar nextId = 1;\n// computations whose callbacks we should call at flush time\nvar pendingComputations = [];\n// `true` if a Tracker.flush is scheduled, or if we are in Tracker.flush now\nvar willFlush = false;\n// `true` if we are in Tracker.flush now\nvar inFlush = false;\n// `true` if we are computing a computation now, either first time\n// or recompute.  This matches Tracker.active unless we are inside\n// Tracker.nonreactive, which nullfies currentComputation even though\n// an enclosing computation may still be running.\nvar inCompute = false;\n// `true` if the `_throwFirstError` option was passed in to the call\n// to Tracker.flush that we are in. When set, throw rather than log the\n// first error encountered while flushing. Before throwing the error,\n// finish flushing (from a finally block), logging any subsequent\n// errors.\nvar throwFirstError = false;\n\nvar afterFlushCallbacks = [];\n\nfunction requireFlush() {\n  if (! willFlush) {\n    // We want this code to work without Meteor, see debugFunc above\n    if (typeof Meteor !== \"undefined\")\n      Meteor._setImmediate(Tracker._runFlush);\n    else\n      setTimeout(Tracker._runFlush, 0);\n    willFlush = true;\n  }\n}\n\n// Tracker.Computation constructor is visible but private\n// (throws an error if you try to call it)\nvar constructingComputation = false;\n\n//\n// http://docs.meteor.com/#tracker_computation\n\n/**\n * @summary A Computation object represents code that is repeatedly rerun\n * in response to\n * reactive data changes. Computations don't have return values; they just\n * perform actions, such as rerendering a template on the screen. Computations\n * are created using Tracker.autorun. Use stop to prevent further rerunning of a\n * computation.\n * @instancename computation\n */\nTracker.Computation = class Computation {\n  constructor(f, parent, onError) {\n    if (! constructingComputation)\n      throw new Error(\n        \"Tracker.Computation constructor is private; use Tracker.autorun\");\n    constructingComputation = false;\n\n    // http://docs.meteor.com/#computation_stopped\n\n    /**\n     * @summary True if this computation has been stopped.\n     * @locus Client\n     * @memberOf Tracker.Computation\n     * @instance\n     * @name  stopped\n     */\n    this.stopped = false;\n\n    // http://docs.meteor.com/#computation_invalidated\n\n    /**\n     * @summary True if this computation has been invalidated (and not yet rerun), or if it has been stopped.\n     * @locus Client\n     * @memberOf Tracker.Computation\n     * @instance\n     * @name  invalidated\n     * @type {Boolean}\n     */\n    this.invalidated = false;\n\n    // http://docs.meteor.com/#computation_firstrun\n\n    /**\n     * @summary True during the initial run of the computation at the time `Tracker.autorun` is called, and false on subsequent reruns and at other times.\n     * @locus Client\n     * @memberOf Tracker.Computation\n     * @instance\n     * @name  firstRun\n     * @type {Boolean}\n     */\n    this.firstRun = true;\n\n    this._id = nextId++;\n    this._onInvalidateCallbacks = [];\n    this._onStopCallbacks = [];\n    // the plan is at some point to use the parent relation\n    // to constrain the order that computations are processed\n    this._parent = parent;\n    this._func = f;\n    this._onError = onError;\n    this._recomputing = false;\n\n    /**\n     * @summary Forces autorun blocks to be executed in synchronous-looking order by storing the value autorun promise thus making it awaitable.\n     * @locus Client\n     * @memberOf Tracker.Computation\n     * @instance\n     * @name  firstRunPromise\n     * @returns {Promise<unknown>}\n     */\n    this.firstRunPromise = undefined;\n\n    var errored = true;\n    try {\n      this._compute();\n      errored = false;\n    } finally {\n      this.firstRun = false;\n      if (errored)\n        this.stop();\n    }\n  }\n\n\n    /**\n   * Resolves the firstRunPromise with the result of the autorun function.\n   * @param {*} onResolved\n   * @param {*} onRejected\n   * @returns{Promise<unknown}\n   */\n    then(onResolved, onRejected) {\n      return this.firstRunPromise.then(onResolved, onRejected);\n    };\n\n\n    catch(onRejected) {\n      return this.firstRunPromise.catch(onRejected)\n    };\n\n  // http://docs.meteor.com/#computation_oninvalidate\n\n  /**\n   * @summary Registers `callback` to run when this computation is next invalidated, or runs it immediately if the computation is already invalidated.  The callback is run exactly once and not upon future invalidations unless `onInvalidate` is called again after the computation becomes valid again.\n   * @locus Client\n   * @param {Function} callback Function to be called on invalidation. Receives one argument, the computation that was invalidated.\n   */\n  onInvalidate(f) {\n    if (typeof f !== 'function')\n      throw new Error(\"onInvalidate requires a function\");\n\n    if (this.invalidated) {\n      Tracker.nonreactive(() => {\n        withNoYieldsAllowed(f)(this);\n      });\n    } else {\n      this._onInvalidateCallbacks.push(f);\n    }\n  }\n\n  /**\n   * @summary Registers `callback` to run when this computation is stopped, or runs it immediately if the computation is already stopped.  The callback is run after any `onInvalidate` callbacks.\n   * @locus Client\n   * @param {Function} callback Function to be called on stop. Receives one argument, the computation that was stopped.\n   */\n  onStop(f) {\n    if (typeof f !== 'function')\n      throw new Error(\"onStop requires a function\");\n\n    if (this.stopped) {\n      Tracker.nonreactive(() => {\n        withNoYieldsAllowed(f)(this);\n      });\n    } else {\n      this._onStopCallbacks.push(f);\n    }\n  }\n\n  // http://docs.meteor.com/#computation_invalidate\n\n  /**\n   * @summary Invalidates this computation so that it will be rerun.\n   * @locus Client\n   */\n  invalidate() {\n    if (! this.invalidated) {\n      // if we're currently in _recompute(), don't enqueue\n      // ourselves, since we'll rerun immediately anyway.\n      if (! this._recomputing && ! this.stopped) {\n        requireFlush();\n        pendingComputations.push(this);\n      }\n\n      this.invalidated = true;\n\n      // callbacks can't add callbacks, because\n      // this.invalidated === true.\n      for(var i = 0, f; f = this._onInvalidateCallbacks[i]; i++) {\n        Tracker.nonreactive(() => {\n          withNoYieldsAllowed(f)(this);\n        });\n      }\n      this._onInvalidateCallbacks = [];\n    }\n  }\n\n  // http://docs.meteor.com/#computation_stop\n\n  /**\n   * @summary Prevents this computation from rerunning.\n   * @locus Client\n   */\n  stop() {\n    if (! this.stopped) {\n      this.stopped = true;\n      this.invalidate();\n      for(var i = 0, f; f = this._onStopCallbacks[i]; i++) {\n        Tracker.nonreactive(() => {\n          withNoYieldsAllowed(f)(this);\n        });\n      }\n      this._onStopCallbacks = [];\n    }\n  }\n\n  _compute() {\n    this.invalidated = false;\n\n    var previousInCompute = inCompute;\n    inCompute = true;\n\n    try {\n      // In case of async functions, the result of this function will contain the promise of the autorun function\n      // & make autoruns await-able.\n      const firstRunPromise = Tracker.withComputation(this, () => {\n        return withNoYieldsAllowed(this._func)(this);\n      });\n      // We'll store the firstRunPromise on the computation so it can be awaited by the callers, but only\n      // during the first run. We don't want things to get mixed up.\n      if (this.firstRun) {\n        this.firstRunPromise = Promise.resolve(firstRunPromise);\n      }\n    } finally {\n      inCompute = previousInCompute;\n    }\n  }\n\n  _needsRecompute() {\n    return this.invalidated && ! this.stopped;\n  }\n\n  _recompute() {\n    this._recomputing = true;\n    try {\n      if (this._needsRecompute()) {\n        try {\n          this._compute();\n        } catch (e) {\n          if (this._onError) {\n            this._onError(e);\n          } else {\n            _throwOrLog(\"recompute\", e);\n          }\n        }\n      }\n    } finally {\n      this._recomputing = false;\n    }\n  }\n\n  /**\n   * @summary Process the reactive updates for this computation immediately\n   * and ensure that the computation is rerun. The computation is rerun only\n   * if it is invalidated.\n   * @locus Client\n   */\n  flush() {\n    if (this._recomputing)\n      return;\n\n    this._recompute();\n  }\n\n  /**\n   * @summary Causes the function inside this computation to run and\n   * synchronously process all reactive updtes.\n   * @locus Client\n   */\n  run() {\n    this.invalidate();\n    this.flush();\n  }\n};\n\n//\n// http://docs.meteor.com/#tracker_dependency\n\n/**\n * @summary A Dependency represents an atomic unit of reactive data that a\n * computation might depend on. Reactive data sources such as Session or\n * Minimongo internally create different Dependency objects for different\n * pieces of data, each of which may be depended on by multiple computations.\n * When the data changes, the computations are invalidated.\n * @class\n * @instanceName dependency\n */\nTracker.Dependency = class Dependency {\n  constructor() {\n    this._dependentsById = Object.create(null);\n  }\n\n  // http://docs.meteor.com/#dependency_depend\n  //\n  // Adds `computation` to this set if it is not already\n  // present.  Returns true if `computation` is a new member of the set.\n  // If no argument, defaults to currentComputation, or does nothing\n  // if there is no currentComputation.\n\n  /**\n   * @summary Declares that the current computation (or `fromComputation` if given) depends on `dependency`.  The computation will be invalidated the next time `dependency` changes.\n\n   If there is no current computation and `depend()` is called with no arguments, it does nothing and returns false.\n\n   Returns true if the computation is a new dependent of `dependency` rather than an existing one.\n   * @locus Client\n   * @param {Tracker.Computation} [fromComputation] An optional computation declared to depend on `dependency` instead of the current computation.\n   * @returns {Boolean}\n   */\n  depend(computation) {\n    if (! computation) {\n      if (! Tracker.active)\n        return false;\n\n      computation = Tracker.currentComputation;\n    }\n    var id = computation._id;\n    if (! (id in this._dependentsById)) {\n      this._dependentsById[id] = computation;\n      computation.onInvalidate(() => {\n        delete this._dependentsById[id];\n      });\n      return true;\n    }\n    return false;\n  }\n\n  // http://docs.meteor.com/#dependency_changed\n\n  /**\n   * @summary Invalidate all dependent computations immediately and remove them as dependents.\n   * @locus Client\n   */\n  changed() {\n    for (var id in this._dependentsById)\n      this._dependentsById[id].invalidate();\n  }\n\n  // http://docs.meteor.com/#dependency_hasdependents\n\n  /**\n   * @summary True if this Dependency has one or more dependent Computations, which would be invalidated if this Dependency were to change.\n   * @locus Client\n   * @returns {Boolean}\n   */\n  hasDependents() {\n    for (var id in this._dependentsById)\n      return true;\n    return false;\n  }\n};\n\n// http://docs.meteor.com/#tracker_flush\n\n/**\n * @summary Process all reactive updates immediately and ensure that all invalidated computations are rerun.\n * @locus Client\n */\nTracker.flush = function (options) {\n  Tracker._runFlush({ finishSynchronously: true,\n                      throwFirstError: options && options._throwFirstError });\n};\n\n/**\n * @summary True if we are computing a computation now, either first time or recompute.  This matches Tracker.active unless we are inside Tracker.nonreactive, which nullfies currentComputation even though an enclosing computation may still be running.\n * @locus Client\n * @returns {Boolean}\n */\nTracker.inFlush = function () {\n  return inFlush;\n}\n\n// Run all pending computations and afterFlush callbacks.  If we were not called\n// directly via Tracker.flush, this may return before they're all done to allow\n// the event loop to run a little before continuing.\nTracker._runFlush = function (options) {\n  // XXX What part of the comment below is still true? (We no longer\n  // have Spark)\n  //\n  // Nested flush could plausibly happen if, say, a flush causes\n  // DOM mutation, which causes a \"blur\" event, which runs an\n  // app event handler that calls Tracker.flush.  At the moment\n  // Spark blocks event handlers during DOM mutation anyway,\n  // because the LiveRange tree isn't valid.  And we don't have\n  // any useful notion of a nested flush.\n  //\n  // https://app.asana.com/0/159908330244/385138233856\n  if (Tracker.inFlush())\n    throw new Error(\"Can't call Tracker.flush while flushing\");\n\n  if (inCompute)\n    throw new Error(\"Can't flush inside Tracker.autorun\");\n\n  options = options || {};\n\n  inFlush = true;\n  willFlush = true;\n  throwFirstError = !! options.throwFirstError;\n\n  var recomputedCount = 0;\n  var finishedTry = false;\n  try {\n    while (pendingComputations.length ||\n           afterFlushCallbacks.length) {\n\n      // recompute all pending computations\n      while (pendingComputations.length) {\n        var comp = pendingComputations.shift();\n        comp._recompute();\n        if (comp._needsRecompute()) {\n          pendingComputations.unshift(comp);\n        }\n\n        if (! options.finishSynchronously && ++recomputedCount > 1000) {\n          finishedTry = true;\n          return;\n        }\n      }\n\n      if (afterFlushCallbacks.length) {\n        // call one afterFlush callback, which may\n        // invalidate more computations\n        var func = afterFlushCallbacks.shift();\n        try {\n          func();\n        } catch (e) {\n          _throwOrLog(\"afterFlush\", e);\n        }\n      }\n    }\n    finishedTry = true;\n  } finally {\n    if (! finishedTry) {\n      // we're erroring due to throwFirstError being true.\n      inFlush = false; // needed before calling `Tracker.flush()` again\n      // finish flushing\n      Tracker._runFlush({\n        finishSynchronously: options.finishSynchronously,\n        throwFirstError: false\n      });\n    }\n    willFlush = false;\n    inFlush = false;\n    if (pendingComputations.length || afterFlushCallbacks.length) {\n      // We're yielding because we ran a bunch of computations and we aren't\n      // required to finish synchronously, so we'd like to give the event loop a\n      // chance. We should flush again soon.\n      if (options.finishSynchronously) {\n        throw new Error(\"still have more to do?\");  // shouldn't happen\n      }\n      setTimeout(requireFlush, 10);\n    }\n  }\n};\n\n// http://docs.meteor.com/#tracker_autorun\n//\n// Run f(). Record its dependencies. Rerun it whenever the\n// dependencies change.\n//\n// Returns a new Computation, which is also passed to f.\n//\n// Links the computation to the current computation\n// so that it is stopped if the current computation is invalidated.\n\n/**\n * @callback Tracker.ComputationFunction\n * @param {Tracker.Computation}\n */\n/**\n * @summary Run a function now and rerun it later whenever its dependencies\n * change. Returns a Computation object that can be used to stop or observe the\n * rerunning.\n * @locus Client\n * @param {Tracker.ComputationFunction} runFunc The function to run. It receives\n * one argument: the Computation object that will be returned.\n * @param {Object} [options]\n * @param {Function} options.onError Optional. The function to run when an error\n * happens in the Computation. The only argument it receives is the Error\n * thrown. Defaults to the error being logged to the console.\n * @returns {Tracker.Computation}\n */\nTracker.autorun = function (f, options = {}) {\n  if (typeof f !== 'function')\n    throw new Error('Tracker.autorun requires a function argument');\n\n  constructingComputation = true;\n  var c = new Tracker.Computation(f, Tracker.currentComputation, options.onError);\n\n  if (Tracker.active)\n    Tracker.onInvalidate(function () {\n      c.stop();\n    });\n\n  return c;\n};\n\n// http://docs.meteor.com/#tracker_nonreactive\n//\n// Run `f` with no current computation, returning the return value\n// of `f`.  Used to turn off reactivity for the duration of `f`,\n// so that reactive data sources accessed by `f` will not result in any\n// computations being invalidated.\n\n/**\n * @summary Run a function without tracking dependencies.\n * @locus Client\n * @param {Function} func A function to call immediately.\n */\nTracker.nonreactive = function (f) {\n  return Tracker.withComputation(null, f);\n};\n\n/**\n * @summary Helper function to make the tracker work with promises.\n * @param computation Computation that tracked\n * @param func async function that needs to be called and be reactive\n */\nTracker.withComputation = function (computation, f) {\n  var previousComputation = Tracker.currentComputation;\n\n  Tracker.currentComputation = computation;\n  Tracker.active = !!computation;\n\n  try {\n    return f();\n  } finally {\n    Tracker.currentComputation = previousComputation;\n    Tracker.active = !!previousComputation;\n  }\n};\n\n// http://docs.meteor.com/#tracker_oninvalidate\n\n/**\n * @summary Registers a new [`onInvalidate`](#computation_oninvalidate) callback on the current computation (which must exist), to be called immediately when the current computation is invalidated or stopped.\n * @locus Client\n * @param {Function} callback A callback function that will be invoked as `func(c)`, where `c` is the computation on which the callback is registered.\n */\nTracker.onInvalidate = function (f) {\n  if (! Tracker.active)\n    throw new Error(\"Tracker.onInvalidate requires a currentComputation\");\n\n  Tracker.currentComputation.onInvalidate(f);\n};\n\n// http://docs.meteor.com/#tracker_afterflush\n\n/**\n * @summary Schedules a function to be called during the next flush, or later in the current flush if one is in progress, after all invalidated computations have been rerun.  The function will be run once and not on subsequent flushes unless `afterFlush` is called again.\n * @locus Client\n * @param {Function} callback A function to call at flush time.\n */\nTracker.afterFlush = function (f) {\n  afterFlushCallbacks.push(f);\n  requireFlush();\n};\n"],"mappings":"AAAA;AACA;AACA;;AAEA;AACA;AACA;AACA;AACAA,OAAO,GAAG,CAAC,CAAC;;AAEZ;AACA;AACA;AACA;AACAC,IAAI,GAAGD,OAAO;;AAEd;;AAEA;AACA;AACA;AACA;AACA;AACAA,OAAO,CAACE,MAAM,GAAG,KAAK;;AAEtB;;AAEA;AACA;AACA;AACA;AACA;AACAF,OAAO,CAACG,kBAAkB,GAAG,IAAI;AAEjC,SAASC,UAAUA,CAAA,EAAG;EACpB;EACA;EACA;EACA;EACA;EACA,OAAQ,OAAOC,MAAM,KAAK,WAAW,GAAGA,MAAM,CAACC,MAAM,GAC3C,OAAOC,OAAO,KAAK,WAAW,IAAKA,OAAO,CAACC,KAAK,GACjD,YAAY;IAAED,OAAO,CAACC,KAAK,CAACC,KAAK,CAACF,OAAO,EAAEG,SAAS,CAAC;EAAE,CAAC,GACxD,YAAY,CAAC,CAAE;AAC1B;AAEA,SAASC,sBAAsBA,CAACC,cAAc,EAAE;EAC9C;EACA;EACA;EACA;EACA,IAAI,OAAOP,MAAM,KAAK,WAAW,EAAE;IACjC,IAAIA,MAAM,CAACQ,wBAAwB,CAAC,CAAC,EAAE;MACrCR,MAAM,CAACS,aAAa,CAACF,cAAc,GAAG,CAAC,CAAC;IAC1C;EACF;AACF;AAEA,SAASG,WAAWA,CAACC,IAAI,EAAEC,CAAC,EAAE;EAC5B,IAAIC,eAAe,EAAE;IACnB,MAAMD,CAAC;EACT,CAAC,MAAM;IACL,IAAIE,SAAS,GAAG,CAAC,yBAAyB,GAAGH,IAAI,GAAG,YAAY,CAAC;IACjE,IAAIC,CAAC,CAACG,KAAK,IAAIH,CAAC,CAACI,OAAO,IAAIJ,CAAC,CAACK,IAAI,EAAE;MAClC,IAAIC,GAAG,GAAGN,CAAC,CAACG,KAAK,CAACI,OAAO,CAACP,CAAC,CAACI,OAAO,CAAC;MACpC,IAAIE,GAAG,GAAG,CAAC,IAAIA,GAAG,GAAGN,CAAC,CAACK,IAAI,CAACG,MAAM,GAAG,CAAC,EAAE;QAAE;QACxC;QACA,IAAIJ,OAAO,GAAGJ,CAAC,CAACK,IAAI,GAAG,IAAI,GAAGL,CAAC,CAACI,OAAO;QACvCF,SAAS,CAACO,IAAI,CAACL,OAAO,CAAC;MACzB;IACF;IACAF,SAAS,CAACO,IAAI,CAACT,CAAC,CAACG,KAAK,CAAC;IACvBT,sBAAsB,CAACQ,SAAS,CAACM,MAAM,CAAC;IAExC,KAAK,IAAIE,CAAC,GAAG,CAAC,EAAEA,CAAC,GAAGR,SAAS,CAACM,MAAM,EAAEE,CAAC,EAAE,EAAE;MACzCvB,UAAU,CAAC,CAAC,CAACe,SAAS,CAACQ,CAAC,CAAC,CAAC;IAC5B;EACF;AACF;;AAEA;AACA;AACA;AACA;AACA;AACA,SAASC,mBAAmBA,CAACC,CAAC,EAAE;EAC9B,IAAK,OAAOxB,MAAM,KAAK,WAAW,IAAKA,MAAM,CAACyB,QAAQ,EAAE;IACtD,OAAOD,CAAC;EACV,CAAC,MAAM;IACL,OAAO,YAAY;MACjB,IAAIE,IAAI,GAAGrB,SAAS;MACpBL,MAAM,CAAC2B,gBAAgB,CAAC,YAAY;QAClCH,CAAC,CAACpB,KAAK,CAAC,IAAI,EAAEsB,IAAI,CAAC;MACrB,CAAC,CAAC;IACJ,CAAC;EACH;AACF;AAEA,IAAIE,MAAM,GAAG,CAAC;AACd;AACA,IAAIC,mBAAmB,GAAG,EAAE;AAC5B;AACA,IAAIC,SAAS,GAAG,KAAK;AACrB;AACA,IAAIC,OAAO,GAAG,KAAK;AACnB;AACA;AACA;AACA;AACA,IAAIC,SAAS,GAAG,KAAK;AACrB;AACA;AACA;AACA;AACA;AACA,IAAInB,eAAe,GAAG,KAAK;AAE3B,IAAIoB,mBAAmB,GAAG,EAAE;AAE5B,SAASC,YAAYA,CAAA,EAAG;EACtB,IAAI,CAAEJ,SAAS,EAAE;IACf;IACA,IAAI,OAAO9B,MAAM,KAAK,WAAW,EAC/BA,MAAM,CAACmC,aAAa,CAACxC,OAAO,CAACyC,SAAS,CAAC,CAAC,KAExCC,UAAU,CAAC1C,OAAO,CAACyC,SAAS,EAAE,CAAC,CAAC;IAClCN,SAAS,GAAG,IAAI;EAClB;AACF;;AAEA;AACA;AACA,IAAIQ,uBAAuB,GAAG,KAAK;;AAEnC;AACA;;AAEA;AACA;AACA;AACA;AACA;AACA;AACA;AACA;AACA;AACA3C,OAAO,CAAC4C,WAAW,GAAG,MAAMA,WAAW,CAAC;EACtCC,WAAWA,CAAChB,CAAC,EAAEiB,MAAM,EAAEC,OAAO,EAAE;IAC9B,IAAI,CAAEJ,uBAAuB,EAC3B,MAAM,IAAIK,KAAK,CACb,iEAAiE,CAAC;IACtEL,uBAAuB,GAAG,KAAK;;IAE/B;;IAEA;AACJ;AACA;AACA;AACA;AACA;AACA;IACI,IAAI,CAACM,OAAO,GAAG,KAAK;;IAEpB;;IAEA;AACJ;AACA;AACA;AACA;AACA;AACA;AACA;IACI,IAAI,CAACC,WAAW,GAAG,KAAK;;IAExB;;IAEA;AACJ;AACA;AACA;AACA;AACA;AACA;AACA;IACI,IAAI,CAACC,QAAQ,GAAG,IAAI;IAEpB,IAAI,CAACC,GAAG,GAAGnB,MAAM,EAAE;IACnB,IAAI,CAACoB,sBAAsB,GAAG,EAAE;IAChC,IAAI,CAACC,gBAAgB,GAAG,EAAE;IAC1B;IACA;IACA,IAAI,CAACC,OAAO,GAAGT,MAAM;IACrB,IAAI,CAACU,KAAK,GAAG3B,CAAC;IACd,IAAI,CAAC4B,QAAQ,GAAGV,OAAO;IACvB,IAAI,CAACW,YAAY,GAAG,KAAK;;IAEzB;AACJ;AACA;AACA;AACA;AACA;AACA;AACA;IACI,IAAI,CAACC,eAAe,GAAGC,SAAS;IAEhC,IAAIC,OAAO,GAAG,IAAI;IAClB,IAAI;MACF,IAAI,CAACC,QAAQ,CAAC,CAAC;MACfD,OAAO,GAAG,KAAK;IACjB,CAAC,SAAS;MACR,IAAI,CAACV,QAAQ,GAAG,KAAK;MACrB,IAAIU,OAAO,EACT,IAAI,CAACE,IAAI,CAAC,CAAC;IACf;EACF;;EAGE;AACJ;AACA;AACA;AACA;AACA;EACIC,IAAIA,CAACC,UAAU,EAAEC,UAAU,EAAE;IAC3B,OAAO,IAAI,CAACP,eAAe,CAACK,IAAI,CAACC,UAAU,EAAEC,UAAU,CAAC;EAC1D;EAGAC,KAAKA,CAACD,UAAU,EAAE;IAChB,OAAO,IAAI,CAACP,eAAe,CAACQ,KAAK,CAACD,UAAU,CAAC;EAC/C;EAEF;;EAEA;AACF;AACA;AACA;AACA;EACEE,YAAYA,CAACvC,CAAC,EAAE;IACd,IAAI,OAAOA,CAAC,KAAK,UAAU,EACzB,MAAM,IAAImB,KAAK,CAAC,kCAAkC,CAAC;IAErD,IAAI,IAAI,CAACE,WAAW,EAAE;MACpBlD,OAAO,CAACqE,WAAW,CAAC,MAAM;QACxBzC,mBAAmB,CAACC,CAAC,CAAC,CAAC,IAAI,CAAC;MAC9B,CAAC,CAAC;IACJ,CAAC,MAAM;MACL,IAAI,CAACwB,sBAAsB,CAAC3B,IAAI,CAACG,CAAC,CAAC;IACrC;EACF;;EAEA;AACF;AACA;AACA;AACA;EACEyC,MAAMA,CAACzC,CAAC,EAAE;IACR,IAAI,OAAOA,CAAC,KAAK,UAAU,EACzB,MAAM,IAAImB,KAAK,CAAC,4BAA4B,CAAC;IAE/C,IAAI,IAAI,CAACC,OAAO,EAAE;MAChBjD,OAAO,CAACqE,WAAW,CAAC,MAAM;QACxBzC,mBAAmB,CAACC,CAAC,CAAC,CAAC,IAAI,CAAC;MAC9B,CAAC,CAAC;IACJ,CAAC,MAAM;MACL,IAAI,CAACyB,gBAAgB,CAAC5B,IAAI,CAACG,CAAC,CAAC;IAC/B;EACF;;EAEA;;EAEA;AACF;AACA;AACA;EACE0C,UAAUA,CAAA,EAAG;IACX,IAAI,CAAE,IAAI,CAACrB,WAAW,EAAE;MACtB;MACA;MACA,IAAI,CAAE,IAAI,CAACQ,YAAY,IAAI,CAAE,IAAI,CAACT,OAAO,EAAE;QACzCV,YAAY,CAAC,CAAC;QACdL,mBAAmB,CAACR,IAAI,CAAC,IAAI,CAAC;MAChC;MAEA,IAAI,CAACwB,WAAW,GAAG,IAAI;;MAEvB;MACA;MACA,KAAI,IAAIvB,CAAC,GAAG,CAAC,EAAEE,CAAC,EAAEA,CAAC,GAAG,IAAI,CAACwB,sBAAsB,CAAC1B,CAAC,CAAC,EAAEA,CAAC,EAAE,EAAE;QACzD3B,OAAO,CAACqE,WAAW,CAAC,MAAM;UACxBzC,mBAAmB,CAACC,CAAC,CAAC,CAAC,IAAI,CAAC;QAC9B,CAAC,CAAC;MACJ;MACA,IAAI,CAACwB,sBAAsB,GAAG,EAAE;IAClC;EACF;;EAEA;;EAEA;AACF;AACA;AACA;EACEU,IAAIA,CAAA,EAAG;IACL,IAAI,CAAE,IAAI,CAACd,OAAO,EAAE;MAClB,IAAI,CAACA,OAAO,GAAG,IAAI;MACnB,IAAI,CAACsB,UAAU,CAAC,CAAC;MACjB,KAAI,IAAI5C,CAAC,GAAG,CAAC,EAAEE,CAAC,EAAEA,CAAC,GAAG,IAAI,CAACyB,gBAAgB,CAAC3B,CAAC,CAAC,EAAEA,CAAC,EAAE,EAAE;QACnD3B,OAAO,CAACqE,WAAW,CAAC,MAAM;UACxBzC,mBAAmB,CAACC,CAAC,CAAC,CAAC,IAAI,CAAC;QAC9B,CAAC,CAAC;MACJ;MACA,IAAI,CAACyB,gBAAgB,GAAG,EAAE;IAC5B;EACF;EAEAQ,QAAQA,CAAA,EAAG;IACT,IAAI,CAACZ,WAAW,GAAG,KAAK;IAExB,IAAIsB,iBAAiB,GAAGnC,SAAS;IACjCA,SAAS,GAAG,IAAI;IAEhB,IAAI;MACF;MACA;MACA,MAAMsB,eAAe,GAAG3D,OAAO,CAACyE,eAAe,CAAC,IAAI,EAAE,MAAM;QAC1D,OAAO7C,mBAAmB,CAAC,IAAI,CAAC4B,KAAK,CAAC,CAAC,IAAI,CAAC;MAC9C,CAAC,CAAC;MACF;MACA;MACA,IAAI,IAAI,CAACL,QAAQ,EAAE;QACjB,IAAI,CAACQ,eAAe,GAAGe,OAAO,CAACC,OAAO,CAAChB,eAAe,CAAC;MACzD;IACF,CAAC,SAAS;MACRtB,SAAS,GAAGmC,iBAAiB;IAC/B;EACF;EAEAI,eAAeA,CAAA,EAAG;IAChB,OAAO,IAAI,CAAC1B,WAAW,IAAI,CAAE,IAAI,CAACD,OAAO;EAC3C;EAEA4B,UAAUA,CAAA,EAAG;IACX,IAAI,CAACnB,YAAY,GAAG,IAAI;IACxB,IAAI;MACF,IAAI,IAAI,CAACkB,eAAe,CAAC,CAAC,EAAE;QAC1B,IAAI;UACF,IAAI,CAACd,QAAQ,CAAC,CAAC;QACjB,CAAC,CAAC,OAAO7C,CAAC,EAAE;UACV,IAAI,IAAI,CAACwC,QAAQ,EAAE;YACjB,IAAI,CAACA,QAAQ,CAACxC,CAAC,CAAC;UAClB,CAAC,MAAM;YACLF,WAAW,CAAC,WAAW,EAAEE,CAAC,CAAC;UAC7B;QACF;MACF;IACF,CAAC,SAAS;MACR,IAAI,CAACyC,YAAY,GAAG,KAAK;IAC3B;EACF;;EAEA;AACF;AACA;AACA;AACA;AACA;EACEoB,KAAKA,CAAA,EAAG;IACN,IAAI,IAAI,CAACpB,YAAY,EACnB;IAEF,IAAI,CAACmB,UAAU,CAAC,CAAC;EACnB;;EAEA;AACF;AACA;AACA;AACA;EACEE,GAAGA,CAAA,EAAG;IACJ,IAAI,CAACR,UAAU,CAAC,CAAC;IACjB,IAAI,CAACO,KAAK,CAAC,CAAC;EACd;AACF,CAAC;;AAED;AACA;;AAEA;AACA;AACA;AACA;AACA;AACA;AACA;AACA;AACA;AACA9E,OAAO,CAACgF,UAAU,GAAG,MAAMA,UAAU,CAAC;EACpCnC,WAAWA,CAAA,EAAG;IACZ,IAAI,CAACoC,eAAe,GAAGC,MAAM,CAACC,MAAM,CAAC,IAAI,CAAC;EAC5C;;EAEA;EACA;EACA;EACA;EACA;EACA;;EAEA;AACF;AACA;AACA;AACA;AACA;AACA;AACA;EAGEC,MAAMA,CAACC,WAAW,EAAE;IAClB,IAAI,CAAEA,WAAW,EAAE;MACjB,IAAI,CAAErF,OAAO,CAACE,MAAM,EAClB,OAAO,KAAK;MAEdmF,WAAW,GAAGrF,OAAO,CAACG,kBAAkB;IAC1C;IACA,IAAImF,EAAE,GAAGD,WAAW,CAACjC,GAAG;IACxB,IAAI,EAAGkC,EAAE,IAAI,IAAI,CAACL,eAAe,CAAC,EAAE;MAClC,IAAI,CAACA,eAAe,CAACK,EAAE,CAAC,GAAGD,WAAW;MACtCA,WAAW,CAACjB,YAAY,CAAC,MAAM;QAC7B,OAAO,IAAI,CAACa,eAAe,CAACK,EAAE,CAAC;MACjC,CAAC,CAAC;MACF,OAAO,IAAI;IACb;IACA,OAAO,KAAK;EACd;;EAEA;;EAEA;AACF;AACA;AACA;EACEC,OAAOA,CAAA,EAAG;IACR,KAAK,IAAID,EAAE,IAAI,IAAI,CAACL,eAAe,EACjC,IAAI,CAACA,eAAe,CAACK,EAAE,CAAC,CAACf,UAAU,CAAC,CAAC;EACzC;;EAEA;;EAEA;AACF;AACA;AACA;AACA;EACEiB,aAAaA,CAAA,EAAG;IACd,KAAK,IAAIF,EAAE,IAAI,IAAI,CAACL,eAAe,EACjC,OAAO,IAAI;IACb,OAAO,KAAK;EACd;AACF,CAAC;;AAED;;AAEA;AACA;AACA;AACA;AACAjF,OAAO,CAAC8E,KAAK,GAAG,UAAUW,OAAO,EAAE;EACjCzF,OAAO,CAACyC,SAAS,CAAC;IAAEiD,mBAAmB,EAAE,IAAI;IACzBxE,eAAe,EAAEuE,OAAO,IAAIA,OAAO,CAACE;EAAiB,CAAC,CAAC;AAC7E,CAAC;;AAED;AACA;AACA;AACA;AACA;AACA3F,OAAO,CAACoC,OAAO,GAAG,YAAY;EAC5B,OAAOA,OAAO;AAChB,CAAC;;AAED;AACA;AACA;AACApC,OAAO,CAACyC,SAAS,GAAG,UAAUgD,OAAO,EAAE;EACrC;EACA;EACA;EACA;EACA;EACA;EACA;EACA;EACA;EACA;EACA;EACA,IAAIzF,OAAO,CAACoC,OAAO,CAAC,CAAC,EACnB,MAAM,IAAIY,KAAK,CAAC,yCAAyC,CAAC;EAE5D,IAAIX,SAAS,EACX,MAAM,IAAIW,KAAK,CAAC,oCAAoC,CAAC;EAEvDyC,OAAO,GAAGA,OAAO,IAAI,CAAC,CAAC;EAEvBrD,OAAO,GAAG,IAAI;EACdD,SAAS,GAAG,IAAI;EAChBjB,eAAe,GAAG,CAAC,CAAEuE,OAAO,CAACvE,eAAe;EAE5C,IAAI0E,eAAe,GAAG,CAAC;EACvB,IAAIC,WAAW,GAAG,KAAK;EACvB,IAAI;IACF,OAAO3D,mBAAmB,CAACT,MAAM,IAC1Ba,mBAAmB,CAACb,MAAM,EAAE;MAEjC;MACA,OAAOS,mBAAmB,CAACT,MAAM,EAAE;QACjC,IAAIqE,IAAI,GAAG5D,mBAAmB,CAAC6D,KAAK,CAAC,CAAC;QACtCD,IAAI,CAACjB,UAAU,CAAC,CAAC;QACjB,IAAIiB,IAAI,CAAClB,eAAe,CAAC,CAAC,EAAE;UAC1B1C,mBAAmB,CAAC8D,OAAO,CAACF,IAAI,CAAC;QACnC;QAEA,IAAI,CAAEL,OAAO,CAACC,mBAAmB,IAAI,EAAEE,eAAe,GAAG,IAAI,EAAE;UAC7DC,WAAW,GAAG,IAAI;UAClB;QACF;MACF;MAEA,IAAIvD,mBAAmB,CAACb,MAAM,EAAE;QAC9B;QACA;QACA,IAAIwE,IAAI,GAAG3D,mBAAmB,CAACyD,KAAK,CAAC,CAAC;QACtC,IAAI;UACFE,IAAI,CAAC,CAAC;QACR,CAAC,CAAC,OAAOhF,CAAC,EAAE;UACVF,WAAW,CAAC,YAAY,EAAEE,CAAC,CAAC;QAC9B;MACF;IACF;IACA4E,WAAW,GAAG,IAAI;EACpB,CAAC,SAAS;IACR,IAAI,CAAEA,WAAW,EAAE;MACjB;MACAzD,OAAO,GAAG,KAAK,CAAC,CAAC;MACjB;MACApC,OAAO,CAACyC,SAAS,CAAC;QAChBiD,mBAAmB,EAAED,OAAO,CAACC,mBAAmB;QAChDxE,eAAe,EAAE;MACnB,CAAC,CAAC;IACJ;IACAiB,SAAS,GAAG,KAAK;IACjBC,OAAO,GAAG,KAAK;IACf,IAAIF,mBAAmB,CAACT,MAAM,IAAIa,mBAAmB,CAACb,MAAM,EAAE;MAC5D;MACA;MACA;MACA,IAAIgE,OAAO,CAACC,mBAAmB,EAAE;QAC/B,MAAM,IAAI1C,KAAK,CAAC,wBAAwB,CAAC,CAAC,CAAE;MAC9C;MACAN,UAAU,CAACH,YAAY,EAAE,EAAE,CAAC;IAC9B;EACF;AACF,CAAC;;AAED;AACA;AACA;AACA;AACA;AACA;AACA;AACA;AACA;;AAEA;AACA;AACA;AACA;AACA;AACA;AACA;AACA;AACA;AACA;AACA;AACA;AACA;AACA;AACA;AACA;AACA;AACAvC,OAAO,CAACkG,OAAO,GAAG,UAAUrE,CAAC,EAAgB;EAAA,IAAd4D,OAAO,GAAA/E,SAAA,CAAAe,MAAA,QAAAf,SAAA,QAAAkD,SAAA,GAAAlD,SAAA,MAAG,CAAC,CAAC;EACzC,IAAI,OAAOmB,CAAC,KAAK,UAAU,EACzB,MAAM,IAAImB,KAAK,CAAC,8CAA8C,CAAC;EAEjEL,uBAAuB,GAAG,IAAI;EAC9B,IAAIwD,CAAC,GAAG,IAAInG,OAAO,CAAC4C,WAAW,CAACf,CAAC,EAAE7B,OAAO,CAACG,kBAAkB,EAAEsF,OAAO,CAAC1C,OAAO,CAAC;EAE/E,IAAI/C,OAAO,CAACE,MAAM,EAChBF,OAAO,CAACoE,YAAY,CAAC,YAAY;IAC/B+B,CAAC,CAACpC,IAAI,CAAC,CAAC;EACV,CAAC,CAAC;EAEJ,OAAOoC,CAAC;AACV,CAAC;;AAED;AACA;AACA;AACA;AACA;AACA;;AAEA;AACA;AACA;AACA;AACA;AACAnG,OAAO,CAACqE,WAAW,GAAG,UAAUxC,CAAC,EAAE;EACjC,OAAO7B,OAAO,CAACyE,eAAe,CAAC,IAAI,EAAE5C,CAAC,CAAC;AACzC,CAAC;;AAED;AACA;AACA;AACA;AACA;AACA7B,OAAO,CAACyE,eAAe,GAAG,UAAUY,WAAW,EAAExD,CAAC,EAAE;EAClD,IAAIuE,mBAAmB,GAAGpG,OAAO,CAACG,kBAAkB;EAEpDH,OAAO,CAACG,kBAAkB,GAAGkF,WAAW;EACxCrF,OAAO,CAACE,MAAM,GAAG,CAAC,CAACmF,WAAW;EAE9B,IAAI;IACF,OAAOxD,CAAC,CAAC,CAAC;EACZ,CAAC,SAAS;IACR7B,OAAO,CAACG,kBAAkB,GAAGiG,mBAAmB;IAChDpG,OAAO,CAACE,MAAM,GAAG,CAAC,CAACkG,mBAAmB;EACxC;AACF,CAAC;;AAED;;AAEA;AACA;AACA;AACA;AACA;AACApG,OAAO,CAACoE,YAAY,GAAG,UAAUvC,CAAC,EAAE;EAClC,IAAI,CAAE7B,OAAO,CAACE,MAAM,EAClB,MAAM,IAAI8C,KAAK,CAAC,oDAAoD,CAAC;EAEvEhD,OAAO,CAACG,kBAAkB,CAACiE,YAAY,CAACvC,CAAC,CAAC;AAC5C,CAAC;;AAED;;AAEA;AACA;AACA;AACA;AACA;AACA7B,OAAO,CAACqG,UAAU,GAAG,UAAUxE,CAAC,EAAE;EAChCS,mBAAmB,CAACZ,IAAI,CAACG,CAAC,CAAC;EAC3BU,YAAY,CAAC,CAAC;AAChB,CAAC"},"sourceType":"module","externalDependencies":{},"hash":"9b0bbe3a690c889d5a52f167c418ce5b955ac4d8"}
