{"metadata":{},"options":{"assumptions":{},"compact":false,"sourceMaps":true,"ast":true,"babelrc":false,"configFile":false,"parserOpts":{"sourceType":"module","sourceFileName":"D:\\loan_app\\loan-management\\packages\\aldeed:simple-schema\\lib\\clean\\setAutoValues.js","plugins":["*","flow","jsx","asyncGenerators","bigInt","classPrivateMethods","classPrivateProperties","classProperties","doExpressions","dynamicImport","exportDefaultFrom","exportExtensions","exportNamespaceFrom","functionBind","functionSent","importMeta","nullishCoalescingOperator","numericSeparator","objectRestSpread","optionalCatchBinding","optionalChaining",["pipelineOperator",{"proposal":"minimal"}],"throwExpressions","classProperties","classPrivateProperties","jsx","nullishCoalescingOperator","nullishCoalescingOperator","optionalChaining","optionalChaining","optionalCatchBinding","optionalCatchBinding","classProperties","classPrivateProperties","classPrivateMethods","classProperties","classPrivateProperties","asyncGenerators","asyncGenerators","objectRestSpread","objectRestSpread","logicalAssignment"],"allowImportExportEverywhere":true,"allowReturnOutsideFunction":true,"allowUndeclaredExports":true,"strictMode":false},"caller":{"name":"meteor","arch":"web.browser"},"sourceFileName":"packages/aldeed:simple-schema/lib/clean/setAutoValues.js","filename":"D:\\loan_app\\loan-management\\packages\\aldeed:simple-schema\\lib\\clean\\setAutoValues.js","targets":{},"cloneInputAst":true,"browserslistConfigFile":false,"passPerPreset":false,"envName":"development","cwd":"D:\\loan_app\\loan-management","root":"D:\\loan_app\\loan-management","rootMode":"root","plugins":[{"key":"base$0","visitor":{"_exploded":true,"_verified":true},"options":{},"externalDependencies":[]},{"key":"base$0$0","visitor":{"Program":{"enter":[null],"exit":[null]},"_exploded":true,"_verified":true},"options":{"avoidModernSyntax":false,"enforceStrictMode":false,"dynamicImport":true,"generateLetDeclarations":true},"externalDependencies":[]},{"key":"transform-runtime","visitor":{"MemberExpression":{"enter":[null]},"ObjectPattern":{"enter":[null]},"BinaryExpression":{"enter":[null]},"Identifier":{"enter":[null]},"JSXIdentifier":{"enter":[null]},"_exploded":true,"_verified":true},"options":{"version":"7.17.2","helpers":true,"useESModules":false,"corejs":false},"externalDependencies":[]},{"key":"proposal-class-properties","visitor":{"ExportDefaultDeclaration":{"enter":[null]},"_exploded":true,"_verified":true,"ClassExpression":{"enter":[null]},"ClassDeclaration":{"enter":[null]}},"options":{"loose":true},"externalDependencies":[]},{"key":"transform-react-jsx","visitor":{"JSXNamespacedName":{"enter":[null]},"JSXSpreadChild":{"enter":[null]},"Program":{"enter":[null]},"JSXFragment":{"exit":[null]},"JSXElement":{"exit":[null]},"JSXAttribute":{"enter":[null]},"_exploded":true,"_verified":true},"options":{"pragma":"React.createElement","pragmaFrag":"React.Fragment","runtime":"classic","throwIfNamespace":true,"useBuiltIns":false},"externalDependencies":[]},{"key":"transform-react-display-name","visitor":{"ExportDefaultDeclaration":{"enter":[null]},"CallExpression":{"enter":[null]},"_exploded":true,"_verified":true},"options":{},"externalDependencies":[]},{"key":"transform-react-pure-annotations","visitor":{"CallExpression":{"enter":[null]},"_exploded":true,"_verified":true},"options":{},"externalDependencies":[]},{"key":"syntax-nullish-coalescing-operator","visitor":{"_exploded":true,"_verified":true},"options":{},"externalDependencies":[]},{"key":"proposal-nullish-coalescing-operator","visitor":{"LogicalExpression":{"enter":[null]},"_exploded":true,"_verified":true},"options":{},"externalDependencies":[]},{"key":"syntax-optional-chaining","visitor":{"_exploded":true,"_verified":true},"options":{},"externalDependencies":[]},{"key":"proposal-optional-chaining","visitor":{"OptionalCallExpression":{"enter":[null]},"OptionalMemberExpression":{"enter":[null]},"_exploded":true,"_verified":true},"options":{},"externalDependencies":[]},{"key":"syntax-optional-catch-binding","visitor":{"_exploded":true,"_verified":true},"options":{},"externalDependencies":[]},{"key":"proposal-optional-catch-binding","visitor":{"CatchClause":{"enter":[null]},"_exploded":true,"_verified":true},"options":{},"externalDependencies":[]},{"key":"syntax-class-properties","visitor":{"_exploded":true,"_verified":true},"options":{},"externalDependencies":[]},{"key":"proposal-class-properties","visitor":{"ExportDefaultDeclaration":{"enter":[null]},"_exploded":true,"_verified":true,"ClassExpression":{"enter":[null]},"ClassDeclaration":{"enter":[null]}},"options":{},"externalDependencies":[]},{"key":"syntax-async-generators","visitor":{"_exploded":true,"_verified":true},"options":{},"externalDependencies":[]},{"key":"proposal-async-generator-functions","visitor":{"Program":{"enter":[null]},"_exploded":true,"_verified":true},"options":{},"externalDependencies":[]},{"key":"syntax-object-rest-spread","visitor":{"_exploded":true,"_verified":true},"options":{},"externalDependencies":[]},{"key":"proposal-object-rest-spread","visitor":{"VariableDeclarator":{"enter":[null]},"ExportNamedDeclaration":{"enter":[null]},"CatchClause":{"enter":[null]},"AssignmentExpression":{"enter":[null]},"ArrayPattern":{"enter":[null]},"ObjectExpression":{"enter":[null]},"FunctionDeclaration":{"enter":[null]},"FunctionExpression":{"enter":[null]},"ObjectMethod":{"enter":[null]},"ArrowFunctionExpression":{"enter":[null]},"ClassMethod":{"enter":[null]},"ClassPrivateMethod":{"enter":[null]},"ForInStatement":{"enter":[null]},"ForOfStatement":{"enter":[null]},"_exploded":true,"_verified":true},"options":{},"externalDependencies":[]},{"key":"proposal-logical-assignment-operators","visitor":{"AssignmentExpression":{"enter":[null]},"_exploded":true,"_verified":true},"options":{},"externalDependencies":[]},{"key":"transform-literals","visitor":{"NumericLiteral":{"enter":[null]},"StringLiteral":{"enter":[null]},"_exploded":true,"_verified":true},"options":{},"externalDependencies":[]},{"key":"transform-template-literals","visitor":{"TaggedTemplateExpression":{"enter":[null]},"TemplateLiteral":{"enter":[null]},"_exploded":true,"_verified":true},"options":{},"externalDependencies":[]},{"key":"transform-parameters","visitor":{"_exploded":true,"_verified":true,"FunctionDeclaration":{"enter":[null]},"FunctionExpression":{"enter":[null]},"ObjectMethod":{"enter":[null]},"ArrowFunctionExpression":{"enter":[null]},"ClassMethod":{"enter":[null]},"ClassPrivateMethod":{"enter":[null]}},"options":{},"externalDependencies":[]},{"key":"transform-exponentiation-operator","visitor":{"AssignmentExpression":{"enter":[null]},"BinaryExpression":{"enter":[null]},"_exploded":true,"_verified":true},"options":{},"externalDependencies":[]}],"presets":[],"generatorOpts":{"filename":"D:\\loan_app\\loan-management\\packages\\aldeed:simple-schema\\lib\\clean\\setAutoValues.js","comments":true,"compact":false,"sourceMaps":true,"sourceFileName":"packages/aldeed:simple-schema/lib/clean/setAutoValues.js"}},"code":"module.export({\n  sortAutoValueFunctions: () => sortAutoValueFunctions\n});\nlet getPositionsForAutoValue;\nmodule.link(\"./getPositionsForAutoValue\", {\n  default(v) {\n    getPositionsForAutoValue = v;\n  }\n}, 0);\nlet AutoValueRunner;\nmodule.link(\"./AutoValueRunner\", {\n  default(v) {\n    AutoValueRunner = v;\n  }\n}, 1);\nfunction sortAutoValueFunctions(autoValueFunctions) {\n  const defaultFieldOrder = autoValueFunctions.reduce((acc, _ref, index) => {\n    let {\n      fieldName\n    } = _ref;\n    acc[fieldName] = index;\n    return acc;\n  }, {});\n\n  // Sort by how many dots each field name has, asc, such that we can auto-create\n  // objects and arrays before we run the autoValues for properties within them.\n  // Fields of the same level (same number of dots) preserve should order from the original array.\n  return autoValueFunctions.sort((a, b) => {\n    const depthDiff = a.fieldName.split('.').length - b.fieldName.split('.').length;\n    return depthDiff === 0 ? defaultFieldOrder[a.fieldName] - defaultFieldOrder[b.fieldName] : depthDiff;\n  });\n}\n/**\n * @method setAutoValues\n * @private\n * @param {Array} autoValueFunctions - An array of objects with func, fieldName, and closestSubschemaFieldName props\n * @param {MongoObject} mongoObject\n * @param {Boolean} [isModifier=false] - Is it a modifier doc?\n * @param {Object} [extendedAutoValueContext] - Object that will be added to the context when calling each autoValue function\n * @returns {undefined}\n *\n * Updates doc with automatic values from autoValue functions or default\n * values from defaultValue. Modifies the referenced object in place.\n */\nfunction setAutoValues(autoValueFunctions, mongoObject, isModifier, isUpsert, extendedAutoValueContext) {\n  const sortedAutoValueFunctions = sortAutoValueFunctions(autoValueFunctions);\n  sortedAutoValueFunctions.forEach(_ref2 => {\n    let {\n      func,\n      fieldName,\n      closestSubschemaFieldName\n    } = _ref2;\n    const avRunner = new AutoValueRunner({\n      closestSubschemaFieldName,\n      extendedAutoValueContext,\n      func,\n      isModifier,\n      isUpsert,\n      mongoObject\n    });\n    const positions = getPositionsForAutoValue({\n      fieldName,\n      isModifier,\n      mongoObject\n    });\n\n    // Run the autoValue function once for each place in the object that\n    // has a value or that potentially should.\n    positions.forEach(avRunner.runForPosition.bind(avRunner));\n  });\n}\nmodule.exportDefault(setAutoValues);","map":{"version":3,"names":["module","export","sortAutoValueFunctions","getPositionsForAutoValue","link","default","v","AutoValueRunner","autoValueFunctions","defaultFieldOrder","reduce","acc","_ref","index","fieldName","sort","a","b","depthDiff","split","length","setAutoValues","mongoObject","isModifier","isUpsert","extendedAutoValueContext","sortedAutoValueFunctions","forEach","_ref2","func","closestSubschemaFieldName","avRunner","positions","runForPosition","bind","exportDefault"],"sources":["packages/aldeed:simple-schema/lib/clean/setAutoValues.js"],"sourcesContent":["import getPositionsForAutoValue from './getPositionsForAutoValue';\nimport AutoValueRunner from './AutoValueRunner';\n\n/**\n * @method sortAutoValueFunctions\n * @private\n * @param {Array} autoValueFunctions - Array of objects to be sorted\n * @returns {Array} Sorted array\n *\n * Stable sort of the autoValueFunctions (preserves order at the same field depth).\n */\nexport function sortAutoValueFunctions(autoValueFunctions) {\n  const defaultFieldOrder = autoValueFunctions.reduce((acc, { fieldName }, index) => {\n    acc[fieldName] = index;\n    return acc;\n  }, {});\n\n  // Sort by how many dots each field name has, asc, such that we can auto-create\n  // objects and arrays before we run the autoValues for properties within them.\n  // Fields of the same level (same number of dots) preserve should order from the original array.\n  return autoValueFunctions.sort((a, b) => {\n    const depthDiff = a.fieldName.split('.').length - b.fieldName.split('.').length;\n    return depthDiff === 0 ? defaultFieldOrder[a.fieldName] - defaultFieldOrder[b.fieldName] : depthDiff;\n  });\n}\n\n/**\n * @method setAutoValues\n * @private\n * @param {Array} autoValueFunctions - An array of objects with func, fieldName, and closestSubschemaFieldName props\n * @param {MongoObject} mongoObject\n * @param {Boolean} [isModifier=false] - Is it a modifier doc?\n * @param {Object} [extendedAutoValueContext] - Object that will be added to the context when calling each autoValue function\n * @returns {undefined}\n *\n * Updates doc with automatic values from autoValue functions or default\n * values from defaultValue. Modifies the referenced object in place.\n */\nfunction setAutoValues(autoValueFunctions, mongoObject, isModifier, isUpsert, extendedAutoValueContext) {\n  const sortedAutoValueFunctions = sortAutoValueFunctions(autoValueFunctions);\n\n  sortedAutoValueFunctions.forEach(({ func, fieldName, closestSubschemaFieldName }) => {\n    const avRunner = new AutoValueRunner({\n      closestSubschemaFieldName,\n      extendedAutoValueContext,\n      func,\n      isModifier,\n      isUpsert,\n      mongoObject,\n    });\n\n    const positions = getPositionsForAutoValue({ fieldName, isModifier, mongoObject });\n\n    // Run the autoValue function once for each place in the object that\n    // has a value or that potentially should.\n    positions.forEach(avRunner.runForPosition.bind(avRunner));\n  });\n}\n\nexport default setAutoValues;\n"],"mappings":"AAAAA,MAAM,CAACC,MAAM,CAAC;EAACC,sBAAsB,EAACA,CAAA,KAAIA;AAAsB,CAAC,CAAC;AAAC,IAAIC,wBAAwB;AAACH,MAAM,CAACI,IAAI,CAAC,4BAA4B,EAAC;EAACC,OAAOA,CAACC,CAAC,EAAC;IAACH,wBAAwB,GAACG,CAAC;EAAA;AAAC,CAAC,EAAC,CAAC,CAAC;AAAC,IAAIC,eAAe;AAACP,MAAM,CAACI,IAAI,CAAC,mBAAmB,EAAC;EAACC,OAAOA,CAACC,CAAC,EAAC;IAACC,eAAe,GAACD,CAAC;EAAA;AAAC,CAAC,EAAC,CAAC,CAAC;AAWpQ,SAASJ,sBAAsBA,CAACM,kBAAkB,EAAE;EACzD,MAAMC,iBAAiB,GAAGD,kBAAkB,CAACE,MAAM,CAAC,CAACC,GAAG,EAAAC,IAAA,EAAiBC,KAAK,KAAK;IAAA,IAAzB;MAAEC;IAAU,CAAC,GAAAF,IAAA;IACrED,GAAG,CAACG,SAAS,CAAC,GAAGD,KAAK;IACtB,OAAOF,GAAG;EACZ,CAAC,EAAE,CAAC,CAAC,CAAC;;EAEN;EACA;EACA;EACA,OAAOH,kBAAkB,CAACO,IAAI,CAAC,CAACC,CAAC,EAAEC,CAAC,KAAK;IACvC,MAAMC,SAAS,GAAGF,CAAC,CAACF,SAAS,CAACK,KAAK,CAAC,GAAG,CAAC,CAACC,MAAM,GAAGH,CAAC,CAACH,SAAS,CAACK,KAAK,CAAC,GAAG,CAAC,CAACC,MAAM;IAC/E,OAAOF,SAAS,KAAK,CAAC,GAAGT,iBAAiB,CAACO,CAAC,CAACF,SAAS,CAAC,GAAGL,iBAAiB,CAACQ,CAAC,CAACH,SAAS,CAAC,GAAGI,SAAS;EACtG,CAAC,CAAC;AACJ;AAEA;AACA;AACA;AACA;AACA;AACA;AACA;AACA;AACA;AACA;AACA;AACA;AACA,SAASG,aAAaA,CAACb,kBAAkB,EAAEc,WAAW,EAAEC,UAAU,EAAEC,QAAQ,EAAEC,wBAAwB,EAAE;EACtG,MAAMC,wBAAwB,GAAGxB,sBAAsB,CAACM,kBAAkB,CAAC;EAE3EkB,wBAAwB,CAACC,OAAO,CAACC,KAAA,IAAoD;IAAA,IAAnD;MAAEC,IAAI;MAAEf,SAAS;MAAEgB;IAA0B,CAAC,GAAAF,KAAA;IAC9E,MAAMG,QAAQ,GAAG,IAAIxB,eAAe,CAAC;MACnCuB,yBAAyB;MACzBL,wBAAwB;MACxBI,IAAI;MACJN,UAAU;MACVC,QAAQ;MACRF;IACF,CAAC,CAAC;IAEF,MAAMU,SAAS,GAAG7B,wBAAwB,CAAC;MAAEW,SAAS;MAAES,UAAU;MAAED;IAAY,CAAC,CAAC;;IAElF;IACA;IACAU,SAAS,CAACL,OAAO,CAACI,QAAQ,CAACE,cAAc,CAACC,IAAI,CAACH,QAAQ,CAAC,CAAC;EAC3D,CAAC,CAAC;AACJ;AAzDA/B,MAAM,CAACmC,aAAa,CA2DLd,aA3DS,CAAC"},"sourceType":"module","externalDependencies":{},"hash":"9d32db0ad4963c1bb0554dac1e7eea40769d4f20"}
