{"metadata":{},"options":{"assumptions":{},"compact":false,"sourceMaps":true,"ast":true,"babelrc":false,"configFile":false,"parserOpts":{"sourceType":"module","sourceFileName":"D:\\loan_app\\loan-management\\packages\\aldeed:simple-schema\\lib\\validation\\typeValidator\\doDateChecks.js","plugins":["*","flow","jsx","asyncGenerators","bigInt","classPrivateMethods","classPrivateProperties","classProperties","doExpressions","dynamicImport","exportDefaultFrom","exportExtensions","exportNamespaceFrom","functionBind","functionSent","importMeta","nullishCoalescingOperator","numericSeparator","objectRestSpread","optionalCatchBinding","optionalChaining",["pipelineOperator",{"proposal":"minimal"}],"throwExpressions","objectRestSpread","objectRestSpread","asyncGenerators","classProperties","classPrivateProperties","jsx","nullishCoalescingOperator","nullishCoalescingOperator","optionalChaining","optionalChaining","optionalCatchBinding","optionalCatchBinding","classProperties","classPrivateProperties","classPrivateMethods","classProperties","classPrivateProperties","asyncGenerators","asyncGenerators","objectRestSpread","objectRestSpread","logicalAssignment"],"allowImportExportEverywhere":true,"allowReturnOutsideFunction":true,"allowUndeclaredExports":true,"strictMode":false},"caller":{"name":"meteor","arch":"os.windows.x86_64"},"sourceFileName":"packages/aldeed:simple-schema/lib/validation/typeValidator/doDateChecks.js","filename":"D:\\loan_app\\loan-management\\packages\\aldeed:simple-schema\\lib\\validation\\typeValidator\\doDateChecks.js","targets":{},"cloneInputAst":true,"browserslistConfigFile":false,"passPerPreset":false,"envName":"development","cwd":"D:\\loan_app\\loan-management","root":"D:\\loan_app\\loan-management","rootMode":"root","plugins":[{"key":"base$0","visitor":{"_exploded":true,"_verified":true},"options":{},"externalDependencies":[]},{"key":"base$0$0","visitor":{"Program":{"enter":[null],"exit":[null]},"_exploded":true,"_verified":true},"options":{"avoidModernSyntax":false,"enforceStrictMode":false,"dynamicImport":true,"generateLetDeclarations":true},"externalDependencies":[]},{"key":"transform-runtime","visitor":{"MemberExpression":{"enter":[null]},"ObjectPattern":{"enter":[null]},"BinaryExpression":{"enter":[null]},"Identifier":{"enter":[null]},"JSXIdentifier":{"enter":[null]},"_exploded":true,"_verified":true},"options":{"version":"7.17.2","helpers":true,"useESModules":false,"corejs":false},"externalDependencies":[]},{"key":"syntax-object-rest-spread","visitor":{"_exploded":true,"_verified":true},"options":{},"externalDependencies":[]},{"key":"proposal-object-rest-spread","visitor":{"VariableDeclarator":{"enter":[null]},"ExportNamedDeclaration":{"enter":[null]},"CatchClause":{"enter":[null]},"AssignmentExpression":{"enter":[null]},"ArrayPattern":{"enter":[null]},"ObjectExpression":{"enter":[null]},"FunctionDeclaration":{"enter":[null]},"FunctionExpression":{"enter":[null]},"ObjectMethod":{"enter":[null]},"ArrowFunctionExpression":{"enter":[null]},"ClassMethod":{"enter":[null]},"ClassPrivateMethod":{"enter":[null]},"ForInStatement":{"enter":[null]},"ForOfStatement":{"enter":[null]},"_exploded":true,"_verified":true},"options":{},"externalDependencies":[]},{"key":"transform-meteor-async-await","visitor":{"AwaitExpression":{"enter":[null]},"_exploded":true,"_verified":true,"FunctionDeclaration":{"exit":[null]},"FunctionExpression":{"exit":[null]},"ObjectMethod":{"exit":[null]},"ArrowFunctionExpression":{"exit":[null]},"ClassMethod":{"exit":[null]},"ClassPrivateMethod":{"exit":[null]}},"options":{"useNativeAsyncAwait":false},"externalDependencies":[]},{"key":"proposal-async-generator-functions","visitor":{"Program":{"enter":[null]},"_exploded":true,"_verified":true},"options":{},"externalDependencies":[]},{"key":"proposal-class-properties","visitor":{"ExportDefaultDeclaration":{"enter":[null]},"_exploded":true,"_verified":true,"ClassExpression":{"enter":[null]},"ClassDeclaration":{"enter":[null]}},"options":{"loose":true},"externalDependencies":[]},{"key":"transform-react-jsx","visitor":{"JSXNamespacedName":{"enter":[null]},"JSXSpreadChild":{"enter":[null]},"Program":{"enter":[null]},"JSXFragment":{"exit":[null]},"JSXElement":{"exit":[null]},"JSXAttribute":{"enter":[null]},"_exploded":true,"_verified":true},"options":{"pragma":"React.createElement","pragmaFrag":"React.Fragment","runtime":"classic","throwIfNamespace":true,"useBuiltIns":false},"externalDependencies":[]},{"key":"transform-react-display-name","visitor":{"ExportDefaultDeclaration":{"enter":[null]},"CallExpression":{"enter":[null]},"_exploded":true,"_verified":true},"options":{},"externalDependencies":[]},{"key":"transform-react-pure-annotations","visitor":{"CallExpression":{"enter":[null]},"_exploded":true,"_verified":true},"options":{},"externalDependencies":[]},{"key":"syntax-nullish-coalescing-operator","visitor":{"_exploded":true,"_verified":true},"options":{},"externalDependencies":[]},{"key":"proposal-nullish-coalescing-operator","visitor":{"LogicalExpression":{"enter":[null]},"_exploded":true,"_verified":true},"options":{},"externalDependencies":[]},{"key":"syntax-optional-chaining","visitor":{"_exploded":true,"_verified":true},"options":{},"externalDependencies":[]},{"key":"proposal-optional-chaining","visitor":{"OptionalCallExpression":{"enter":[null]},"OptionalMemberExpression":{"enter":[null]},"_exploded":true,"_verified":true},"options":{},"externalDependencies":[]},{"key":"syntax-optional-catch-binding","visitor":{"_exploded":true,"_verified":true},"options":{},"externalDependencies":[]},{"key":"proposal-optional-catch-binding","visitor":{"CatchClause":{"enter":[null]},"_exploded":true,"_verified":true},"options":{},"externalDependencies":[]},{"key":"syntax-class-properties","visitor":{"_exploded":true,"_verified":true},"options":{},"externalDependencies":[]},{"key":"proposal-class-properties","visitor":{"ExportDefaultDeclaration":{"enter":[null]},"_exploded":true,"_verified":true,"ClassExpression":{"enter":[null]},"ClassDeclaration":{"enter":[null]}},"options":{},"externalDependencies":[]},{"key":"syntax-async-generators","visitor":{"_exploded":true,"_verified":true},"options":{},"externalDependencies":[]},{"key":"proposal-async-generator-functions","visitor":{"Program":{"enter":[null]},"_exploded":true,"_verified":true},"options":{},"externalDependencies":[]},{"key":"syntax-object-rest-spread","visitor":{"_exploded":true,"_verified":true},"options":{},"externalDependencies":[]},{"key":"proposal-object-rest-spread","visitor":{"VariableDeclarator":{"enter":[null]},"ExportNamedDeclaration":{"enter":[null]},"CatchClause":{"enter":[null]},"AssignmentExpression":{"enter":[null]},"ArrayPattern":{"enter":[null]},"ObjectExpression":{"enter":[null]},"FunctionDeclaration":{"enter":[null]},"FunctionExpression":{"enter":[null]},"ObjectMethod":{"enter":[null]},"ArrowFunctionExpression":{"enter":[null]},"ClassMethod":{"enter":[null]},"ClassPrivateMethod":{"enter":[null]},"ForInStatement":{"enter":[null]},"ForOfStatement":{"enter":[null]},"_exploded":true,"_verified":true},"options":{},"externalDependencies":[]},{"key":"proposal-logical-assignment-operators","visitor":{"AssignmentExpression":{"enter":[null]},"_exploded":true,"_verified":true},"options":{},"externalDependencies":[]},{"key":"transform-literals","visitor":{"NumericLiteral":{"enter":[null]},"StringLiteral":{"enter":[null]},"_exploded":true,"_verified":true},"options":{},"externalDependencies":[]},{"key":"transform-template-literals","visitor":{"TaggedTemplateExpression":{"enter":[null]},"TemplateLiteral":{"enter":[null]},"_exploded":true,"_verified":true},"options":{},"externalDependencies":[]},{"key":"transform-parameters","visitor":{"_exploded":true,"_verified":true,"FunctionDeclaration":{"enter":[null]},"FunctionExpression":{"enter":[null]},"ObjectMethod":{"enter":[null]},"ArrowFunctionExpression":{"enter":[null]},"ClassMethod":{"enter":[null]},"ClassPrivateMethod":{"enter":[null]}},"options":{},"externalDependencies":[]},{"key":"transform-exponentiation-operator","visitor":{"AssignmentExpression":{"enter":[null]},"BinaryExpression":{"enter":[null]},"_exploded":true,"_verified":true},"options":{},"externalDependencies":[]}],"presets":[],"generatorOpts":{"filename":"D:\\loan_app\\loan-management\\packages\\aldeed:simple-schema\\lib\\validation\\typeValidator\\doDateChecks.js","comments":true,"compact":false,"sourceMaps":true,"sourceFileName":"packages/aldeed:simple-schema/lib/validation/typeValidator/doDateChecks.js"}},"code":"module.export({\n  default: () => doDateChecks\n});\nlet SimpleSchema;\nmodule.link(\"../../SimpleSchema\", {\n  SimpleSchema(v) {\n    SimpleSchema = v;\n  }\n}, 0);\nlet dateToDateString;\nmodule.link(\"../../utility\", {\n  dateToDateString(v) {\n    dateToDateString = v;\n  }\n}, 1);\nfunction doDateChecks(def, keyValue) {\n  // Is it an invalid date?\n  if (isNaN(keyValue.getTime())) return {\n    type: SimpleSchema.ErrorTypes.BAD_DATE\n  };\n\n  // Is it earlier than the minimum date?\n  if (def.min && typeof def.min.getTime === 'function' && def.min.getTime() > keyValue.getTime()) {\n    return {\n      type: SimpleSchema.ErrorTypes.MIN_DATE,\n      min: dateToDateString(def.min)\n    };\n  }\n\n  // Is it later than the maximum date?\n  if (def.max && typeof def.max.getTime === 'function' && def.max.getTime() < keyValue.getTime()) {\n    return {\n      type: SimpleSchema.ErrorTypes.MAX_DATE,\n      max: dateToDateString(def.max)\n    };\n  }\n}","map":{"version":3,"names":["module","export","default","doDateChecks","SimpleSchema","link","v","dateToDateString","def","keyValue","isNaN","getTime","type","ErrorTypes","BAD_DATE","min","MIN_DATE","max","MAX_DATE"],"sources":["packages/aldeed:simple-schema/lib/validation/typeValidator/doDateChecks.js"],"sourcesContent":["import { SimpleSchema } from '../../SimpleSchema';\nimport { dateToDateString } from '../../utility';\n\nexport default function doDateChecks(def, keyValue) {\n  // Is it an invalid date?\n  if (isNaN(keyValue.getTime())) return { type: SimpleSchema.ErrorTypes.BAD_DATE };\n\n  // Is it earlier than the minimum date?\n  if (def.min && typeof def.min.getTime === 'function' && def.min.getTime() > keyValue.getTime()) {\n    return { type: SimpleSchema.ErrorTypes.MIN_DATE, min: dateToDateString(def.min) };\n  }\n\n  // Is it later than the maximum date?\n  if (def.max && typeof def.max.getTime === 'function' && def.max.getTime() < keyValue.getTime()) {\n    return { type: SimpleSchema.ErrorTypes.MAX_DATE, max: dateToDateString(def.max) };\n  }\n}\n"],"mappings":"AAAAA,MAAM,CAACC,MAAM,CAAC;EAACC,OAAO,EAACA,CAAA,KAAIC;AAAY,CAAC,CAAC;AAAC,IAAIC,YAAY;AAACJ,MAAM,CAACK,IAAI,CAAC,oBAAoB,EAAC;EAACD,YAAYA,CAACE,CAAC,EAAC;IAACF,YAAY,GAACE,CAAC;EAAA;AAAC,CAAC,EAAC,CAAC,CAAC;AAAC,IAAIC,gBAAgB;AAACP,MAAM,CAACK,IAAI,CAAC,eAAe,EAAC;EAACE,gBAAgBA,CAACD,CAAC,EAAC;IAACC,gBAAgB,GAACD,CAAC;EAAA;AAAC,CAAC,EAAC,CAAC,CAAC;AAG/M,SAASH,YAAYA,CAACK,GAAG,EAAEC,QAAQ,EAAE;EAClD;EACA,IAAIC,KAAK,CAACD,QAAQ,CAACE,OAAO,CAAC,CAAC,CAAC,EAAE,OAAO;IAAEC,IAAI,EAAER,YAAY,CAACS,UAAU,CAACC;EAAS,CAAC;;EAEhF;EACA,IAAIN,GAAG,CAACO,GAAG,IAAI,OAAOP,GAAG,CAACO,GAAG,CAACJ,OAAO,KAAK,UAAU,IAAIH,GAAG,CAACO,GAAG,CAACJ,OAAO,CAAC,CAAC,GAAGF,QAAQ,CAACE,OAAO,CAAC,CAAC,EAAE;IAC9F,OAAO;MAAEC,IAAI,EAAER,YAAY,CAACS,UAAU,CAACG,QAAQ;MAAED,GAAG,EAAER,gBAAgB,CAACC,GAAG,CAACO,GAAG;IAAE,CAAC;EACnF;;EAEA;EACA,IAAIP,GAAG,CAACS,GAAG,IAAI,OAAOT,GAAG,CAACS,GAAG,CAACN,OAAO,KAAK,UAAU,IAAIH,GAAG,CAACS,GAAG,CAACN,OAAO,CAAC,CAAC,GAAGF,QAAQ,CAACE,OAAO,CAAC,CAAC,EAAE;IAC9F,OAAO;MAAEC,IAAI,EAAER,YAAY,CAACS,UAAU,CAACK,QAAQ;MAAED,GAAG,EAAEV,gBAAgB,CAACC,GAAG,CAACS,GAAG;IAAE,CAAC;EACnF;AACF"},"sourceType":"module","externalDependencies":{},"hash":"a1d78050bc7025671706dbba309ddefcaba57a62"}
