{"metadata":{},"options":{"assumptions":{},"compact":false,"sourceMaps":true,"ast":true,"babelrc":false,"configFile":false,"parserOpts":{"sourceType":"module","sourceFileName":"D:\\loan_app\\loan-management\\packages\\base64\\base64.js","plugins":["*","flow","jsx","asyncGenerators","bigInt","classPrivateMethods","classPrivateProperties","classProperties","doExpressions","dynamicImport","exportDefaultFrom","exportExtensions","exportNamespaceFrom","functionBind","functionSent","importMeta","nullishCoalescingOperator","numericSeparator","objectRestSpread","optionalCatchBinding","optionalChaining",["pipelineOperator",{"proposal":"minimal"}],"throwExpressions","classProperties","classPrivateProperties","jsx","nullishCoalescingOperator","nullishCoalescingOperator","optionalChaining","optionalChaining","optionalCatchBinding","optionalCatchBinding","classProperties","classPrivateProperties","classPrivateMethods","classProperties","classPrivateProperties","asyncGenerators","asyncGenerators","objectRestSpread","objectRestSpread","logicalAssignment"],"allowImportExportEverywhere":true,"allowReturnOutsideFunction":true,"allowUndeclaredExports":true,"strictMode":false},"caller":{"name":"meteor","arch":"web.browser"},"sourceFileName":"packages/base64/base64.js","filename":"D:\\loan_app\\loan-management\\packages\\base64\\base64.js","targets":{},"cloneInputAst":true,"browserslistConfigFile":false,"passPerPreset":false,"envName":"development","cwd":"D:\\loan_app\\loan-management","root":"D:\\loan_app\\loan-management","rootMode":"root","plugins":[{"key":"base$0","visitor":{"_exploded":true,"_verified":true},"options":{},"externalDependencies":[]},{"key":"base$0$0","visitor":{"Program":{"enter":[null],"exit":[null]},"_exploded":true,"_verified":true},"options":{"avoidModernSyntax":false,"enforceStrictMode":false,"dynamicImport":true,"generateLetDeclarations":true},"externalDependencies":[]},{"key":"transform-runtime","visitor":{"MemberExpression":{"enter":[null]},"ObjectPattern":{"enter":[null]},"BinaryExpression":{"enter":[null]},"Identifier":{"enter":[null]},"JSXIdentifier":{"enter":[null]},"_exploded":true,"_verified":true},"options":{"version":"7.17.2","helpers":true,"useESModules":false,"corejs":false},"externalDependencies":[]},{"key":"proposal-class-properties","visitor":{"ExportDefaultDeclaration":{"enter":[null]},"_exploded":true,"_verified":true,"ClassExpression":{"enter":[null]},"ClassDeclaration":{"enter":[null]}},"options":{"loose":true},"externalDependencies":[]},{"key":"transform-react-jsx","visitor":{"JSXNamespacedName":{"enter":[null]},"JSXSpreadChild":{"enter":[null]},"Program":{"enter":[null]},"JSXFragment":{"exit":[null]},"JSXElement":{"exit":[null]},"JSXAttribute":{"enter":[null]},"_exploded":true,"_verified":true},"options":{"pragma":"React.createElement","pragmaFrag":"React.Fragment","runtime":"classic","throwIfNamespace":true,"useBuiltIns":false},"externalDependencies":[]},{"key":"transform-react-display-name","visitor":{"ExportDefaultDeclaration":{"enter":[null]},"CallExpression":{"enter":[null]},"_exploded":true,"_verified":true},"options":{},"externalDependencies":[]},{"key":"transform-react-pure-annotations","visitor":{"CallExpression":{"enter":[null]},"_exploded":true,"_verified":true},"options":{},"externalDependencies":[]},{"key":"syntax-nullish-coalescing-operator","visitor":{"_exploded":true,"_verified":true},"options":{},"externalDependencies":[]},{"key":"proposal-nullish-coalescing-operator","visitor":{"LogicalExpression":{"enter":[null]},"_exploded":true,"_verified":true},"options":{},"externalDependencies":[]},{"key":"syntax-optional-chaining","visitor":{"_exploded":true,"_verified":true},"options":{},"externalDependencies":[]},{"key":"proposal-optional-chaining","visitor":{"OptionalCallExpression":{"enter":[null]},"OptionalMemberExpression":{"enter":[null]},"_exploded":true,"_verified":true},"options":{},"externalDependencies":[]},{"key":"syntax-optional-catch-binding","visitor":{"_exploded":true,"_verified":true},"options":{},"externalDependencies":[]},{"key":"proposal-optional-catch-binding","visitor":{"CatchClause":{"enter":[null]},"_exploded":true,"_verified":true},"options":{},"externalDependencies":[]},{"key":"syntax-class-properties","visitor":{"_exploded":true,"_verified":true},"options":{},"externalDependencies":[]},{"key":"proposal-class-properties","visitor":{"ExportDefaultDeclaration":{"enter":[null]},"_exploded":true,"_verified":true,"ClassExpression":{"enter":[null]},"ClassDeclaration":{"enter":[null]}},"options":{},"externalDependencies":[]},{"key":"syntax-async-generators","visitor":{"_exploded":true,"_verified":true},"options":{},"externalDependencies":[]},{"key":"proposal-async-generator-functions","visitor":{"Program":{"enter":[null]},"_exploded":true,"_verified":true},"options":{},"externalDependencies":[]},{"key":"syntax-object-rest-spread","visitor":{"_exploded":true,"_verified":true},"options":{},"externalDependencies":[]},{"key":"proposal-object-rest-spread","visitor":{"VariableDeclarator":{"enter":[null]},"ExportNamedDeclaration":{"enter":[null]},"CatchClause":{"enter":[null]},"AssignmentExpression":{"enter":[null]},"ArrayPattern":{"enter":[null]},"ObjectExpression":{"enter":[null]},"FunctionDeclaration":{"enter":[null]},"FunctionExpression":{"enter":[null]},"ObjectMethod":{"enter":[null]},"ArrowFunctionExpression":{"enter":[null]},"ClassMethod":{"enter":[null]},"ClassPrivateMethod":{"enter":[null]},"ForInStatement":{"enter":[null]},"ForOfStatement":{"enter":[null]},"_exploded":true,"_verified":true},"options":{},"externalDependencies":[]},{"key":"proposal-logical-assignment-operators","visitor":{"AssignmentExpression":{"enter":[null]},"_exploded":true,"_verified":true},"options":{},"externalDependencies":[]},{"key":"transform-literals","visitor":{"NumericLiteral":{"enter":[null]},"StringLiteral":{"enter":[null]},"_exploded":true,"_verified":true},"options":{},"externalDependencies":[]},{"key":"transform-template-literals","visitor":{"TaggedTemplateExpression":{"enter":[null]},"TemplateLiteral":{"enter":[null]},"_exploded":true,"_verified":true},"options":{},"externalDependencies":[]},{"key":"transform-parameters","visitor":{"_exploded":true,"_verified":true,"FunctionDeclaration":{"enter":[null]},"FunctionExpression":{"enter":[null]},"ObjectMethod":{"enter":[null]},"ArrowFunctionExpression":{"enter":[null]},"ClassMethod":{"enter":[null]},"ClassPrivateMethod":{"enter":[null]}},"options":{},"externalDependencies":[]},{"key":"transform-exponentiation-operator","visitor":{"AssignmentExpression":{"enter":[null]},"BinaryExpression":{"enter":[null]},"_exploded":true,"_verified":true},"options":{},"externalDependencies":[]}],"presets":[],"generatorOpts":{"filename":"D:\\loan_app\\loan-management\\packages\\base64\\base64.js","comments":true,"compact":false,"sourceMaps":true,"sourceFileName":"packages/base64/base64.js"}},"code":"module.export({\n  Base64: () => Base64\n});\n// Base 64 encoding\n\nconst BASE_64_CHARS = \"ABCDEFGHIJKLMNOPQRSTUVWXYZabcdefghijklmnopqrstuvwxyz0123456789+/\";\nconst BASE_64_VALS = Object.create(null);\nconst getChar = val => BASE_64_CHARS.charAt(val);\nconst getVal = ch => ch === '=' ? -1 : BASE_64_VALS[ch];\nfor (let i = 0; i < BASE_64_CHARS.length; i++) {\n  BASE_64_VALS[getChar(i)] = i;\n}\n;\nconst encode = array => {\n  if (typeof array === \"string\") {\n    const str = array;\n    array = newBinary(str.length);\n    for (let i = 0; i < str.length; i++) {\n      const ch = str.charCodeAt(i);\n      if (ch > 0xFF) {\n        throw new Error(\"Not ascii. Base64.encode can only take ascii strings.\");\n      }\n      array[i] = ch;\n    }\n  }\n  const answer = [];\n  let a = null;\n  let b = null;\n  let c = null;\n  let d = null;\n  for (let i = 0; i < array.length; i++) {\n    switch (i % 3) {\n      case 0:\n        a = array[i] >> 2 & 0x3F;\n        b = (array[i] & 0x03) << 4;\n        break;\n      case 1:\n        b = b | array[i] >> 4 & 0xF;\n        c = (array[i] & 0xF) << 2;\n        break;\n      case 2:\n        c = c | array[i] >> 6 & 0x03;\n        d = array[i] & 0x3F;\n        answer.push(getChar(a));\n        answer.push(getChar(b));\n        answer.push(getChar(c));\n        answer.push(getChar(d));\n        a = null;\n        b = null;\n        c = null;\n        d = null;\n        break;\n    }\n  }\n  if (a != null) {\n    answer.push(getChar(a));\n    answer.push(getChar(b));\n    if (c == null) {\n      answer.push('=');\n    } else {\n      answer.push(getChar(c));\n    }\n    if (d == null) {\n      answer.push('=');\n    }\n  }\n  return answer.join(\"\");\n};\n\n// XXX This is a weird place for this to live, but it's used both by\n// this package and 'ejson', and we can't put it in 'ejson' without\n// introducing a circular dependency. It should probably be in its own\n// package or as a helper in a package that both 'base64' and 'ejson'\n// use.\nconst newBinary = len => {\n  if (typeof Uint8Array === 'undefined' || typeof ArrayBuffer === 'undefined') {\n    const ret = [];\n    for (let i = 0; i < len; i++) {\n      ret.push(0);\n    }\n    ret.$Uint8ArrayPolyfill = true;\n    return ret;\n  }\n  return new Uint8Array(new ArrayBuffer(len));\n};\nconst decode = str => {\n  let len = Math.floor(str.length * 3 / 4);\n  if (str.charAt(str.length - 1) == '=') {\n    len--;\n    if (str.charAt(str.length - 2) == '=') {\n      len--;\n    }\n  }\n  const arr = newBinary(len);\n  let one = null;\n  let two = null;\n  let three = null;\n  let j = 0;\n  for (let i = 0; i < str.length; i++) {\n    const c = str.charAt(i);\n    const v = getVal(c);\n    switch (i % 4) {\n      case 0:\n        if (v < 0) {\n          throw new Error('invalid base64 string');\n        }\n        one = v << 2;\n        break;\n      case 1:\n        if (v < 0) {\n          throw new Error('invalid base64 string');\n        }\n        one = one | v >> 4;\n        arr[j++] = one;\n        two = (v & 0x0F) << 4;\n        break;\n      case 2:\n        if (v >= 0) {\n          two = two | v >> 2;\n          arr[j++] = two;\n          three = (v & 0x03) << 6;\n        }\n        break;\n      case 3:\n        if (v >= 0) {\n          arr[j++] = three | v;\n        }\n        break;\n    }\n  }\n  return arr;\n};\nconst Base64 = {\n  encode,\n  decode,\n  newBinary\n};","map":{"version":3,"names":["module","export","Base64","BASE_64_CHARS","BASE_64_VALS","Object","create","getChar","val","charAt","getVal","ch","i","length","encode","array","str","newBinary","charCodeAt","Error","answer","a","b","c","d","push","join","len","Uint8Array","ArrayBuffer","ret","$Uint8ArrayPolyfill","decode","Math","floor","arr","one","two","three","j","v"],"sources":["packages/base64/base64.js"],"sourcesContent":["// Base 64 encoding\n\nconst BASE_64_CHARS = \"ABCDEFGHIJKLMNOPQRSTUVWXYZabcdefghijklmnopqrstuvwxyz0123456789+/\";\n\nconst BASE_64_VALS = Object.create(null);\n\nconst getChar = val => BASE_64_CHARS.charAt(val);\nconst getVal = ch => ch === '=' ? -1 : BASE_64_VALS[ch];\n\nfor (let i = 0; i < BASE_64_CHARS.length; i++) {\n  BASE_64_VALS[getChar(i)] = i;\n};\n\nconst encode = array => {\n  if (typeof array === \"string\") {\n    const str = array;\n    array = newBinary(str.length);\n    for (let i = 0; i < str.length; i++) {\n      const ch = str.charCodeAt(i);\n      if (ch > 0xFF) {\n        throw new Error(\n          \"Not ascii. Base64.encode can only take ascii strings.\");\n      }\n\n      array[i] = ch;\n    }\n  }\n\n  const answer = [];\n  let a = null;\n  let b = null;\n  let c = null;\n  let d = null;\n\n  for (let i = 0; i < array.length; i++) {\n    switch (i % 3) {\n      case 0:\n        a = (array[i] >> 2) & 0x3F;\n        b = (array[i] & 0x03) << 4;\n        break;\n      case 1:\n        b = b | (array[i] >> 4) & 0xF;\n        c = (array[i] & 0xF) << 2;\n        break;\n      case 2:\n        c = c | (array[i] >> 6) & 0x03;\n        d = array[i] & 0x3F;\n        answer.push(getChar(a));\n        answer.push(getChar(b));\n        answer.push(getChar(c));\n        answer.push(getChar(d));\n        a = null;\n        b = null;\n        c = null;\n        d = null;\n        break;\n    }\n  }\n\n  if (a != null) {\n    answer.push(getChar(a));\n    answer.push(getChar(b));\n    if (c == null) {\n      answer.push('=');\n    } else {\n      answer.push(getChar(c));\n    }\n\n    if (d == null) {\n      answer.push('=');\n    }\n  }\n\n  return answer.join(\"\");\n};\n\n\n\n// XXX This is a weird place for this to live, but it's used both by\n// this package and 'ejson', and we can't put it in 'ejson' without\n// introducing a circular dependency. It should probably be in its own\n// package or as a helper in a package that both 'base64' and 'ejson'\n// use.\nconst newBinary = len => {\n  if (typeof Uint8Array === 'undefined' || typeof ArrayBuffer === 'undefined') {\n    const ret = [];\n    for (let i = 0; i < len; i++) {\n      ret.push(0);\n    }\n\n    ret.$Uint8ArrayPolyfill = true;\n    return ret;\n  }\n  return new Uint8Array(new ArrayBuffer(len));\n};\n\nconst decode = str => {\n  let len = Math.floor((str.length * 3) / 4);\n  if (str.charAt(str.length - 1) == '=') {\n    len--;\n    if (str.charAt(str.length - 2) == '=') {\n      len--;\n    }\n  }\n\n  const arr = newBinary(len);\n\n  let one = null;\n  let two = null;\n  let three = null;\n\n  let j = 0;\n\n  for (let i = 0; i < str.length; i++) {\n    const c = str.charAt(i);\n    const v = getVal(c);\n    switch (i % 4) {\n      case 0:\n        if (v < 0) {\n          throw new Error('invalid base64 string');\n        }\n\n        one = v << 2;\n        break;\n      case 1:\n        if (v < 0) {\n          throw new Error('invalid base64 string');\n        }\n\n        one = one | (v >> 4);\n        arr[j++] = one;\n        two = (v & 0x0F) << 4;\n        break;\n      case 2:\n        if (v >= 0) {\n          two = two | (v >> 2);\n          arr[j++] = two;\n          three = (v & 0x03) << 6;\n        }\n\n        break;\n      case 3:\n        if (v >= 0) {\n          arr[j++] = three | v;\n        }\n\n        break;\n    }\n  }\n\n  return arr;\n};\n\nexport const Base64 = { encode, decode, newBinary };\n"],"mappings":"AAAAA,MAAM,CAACC,MAAM,CAAC;EAACC,MAAM,EAACA,CAAA,KAAIA;AAAM,CAAC,CAAC;AAAlC;;AAEA,MAAMC,aAAa,GAAG,kEAAkE;AAExF,MAAMC,YAAY,GAAGC,MAAM,CAACC,MAAM,CAAC,IAAI,CAAC;AAExC,MAAMC,OAAO,GAAGC,GAAG,IAAIL,aAAa,CAACM,MAAM,CAACD,GAAG,CAAC;AAChD,MAAME,MAAM,GAAGC,EAAE,IAAIA,EAAE,KAAK,GAAG,GAAG,CAAC,CAAC,GAAGP,YAAY,CAACO,EAAE,CAAC;AAEvD,KAAK,IAAIC,CAAC,GAAG,CAAC,EAAEA,CAAC,GAAGT,aAAa,CAACU,MAAM,EAAED,CAAC,EAAE,EAAE;EAC7CR,YAAY,CAACG,OAAO,CAACK,CAAC,CAAC,CAAC,GAAGA,CAAC;AAC9B;AAAC;AAED,MAAME,MAAM,GAAGC,KAAK,IAAI;EACtB,IAAI,OAAOA,KAAK,KAAK,QAAQ,EAAE;IAC7B,MAAMC,GAAG,GAAGD,KAAK;IACjBA,KAAK,GAAGE,SAAS,CAACD,GAAG,CAACH,MAAM,CAAC;IAC7B,KAAK,IAAID,CAAC,GAAG,CAAC,EAAEA,CAAC,GAAGI,GAAG,CAACH,MAAM,EAAED,CAAC,EAAE,EAAE;MACnC,MAAMD,EAAE,GAAGK,GAAG,CAACE,UAAU,CAACN,CAAC,CAAC;MAC5B,IAAID,EAAE,GAAG,IAAI,EAAE;QACb,MAAM,IAAIQ,KAAK,CACb,uDAAuD,CAAC;MAC5D;MAEAJ,KAAK,CAACH,CAAC,CAAC,GAAGD,EAAE;IACf;EACF;EAEA,MAAMS,MAAM,GAAG,EAAE;EACjB,IAAIC,CAAC,GAAG,IAAI;EACZ,IAAIC,CAAC,GAAG,IAAI;EACZ,IAAIC,CAAC,GAAG,IAAI;EACZ,IAAIC,CAAC,GAAG,IAAI;EAEZ,KAAK,IAAIZ,CAAC,GAAG,CAAC,EAAEA,CAAC,GAAGG,KAAK,CAACF,MAAM,EAAED,CAAC,EAAE,EAAE;IACrC,QAAQA,CAAC,GAAG,CAAC;MACX,KAAK,CAAC;QACJS,CAAC,GAAIN,KAAK,CAACH,CAAC,CAAC,IAAI,CAAC,GAAI,IAAI;QAC1BU,CAAC,GAAG,CAACP,KAAK,CAACH,CAAC,CAAC,GAAG,IAAI,KAAK,CAAC;QAC1B;MACF,KAAK,CAAC;QACJU,CAAC,GAAGA,CAAC,GAAIP,KAAK,CAACH,CAAC,CAAC,IAAI,CAAC,GAAI,GAAG;QAC7BW,CAAC,GAAG,CAACR,KAAK,CAACH,CAAC,CAAC,GAAG,GAAG,KAAK,CAAC;QACzB;MACF,KAAK,CAAC;QACJW,CAAC,GAAGA,CAAC,GAAIR,KAAK,CAACH,CAAC,CAAC,IAAI,CAAC,GAAI,IAAI;QAC9BY,CAAC,GAAGT,KAAK,CAACH,CAAC,CAAC,GAAG,IAAI;QACnBQ,MAAM,CAACK,IAAI,CAAClB,OAAO,CAACc,CAAC,CAAC,CAAC;QACvBD,MAAM,CAACK,IAAI,CAAClB,OAAO,CAACe,CAAC,CAAC,CAAC;QACvBF,MAAM,CAACK,IAAI,CAAClB,OAAO,CAACgB,CAAC,CAAC,CAAC;QACvBH,MAAM,CAACK,IAAI,CAAClB,OAAO,CAACiB,CAAC,CAAC,CAAC;QACvBH,CAAC,GAAG,IAAI;QACRC,CAAC,GAAG,IAAI;QACRC,CAAC,GAAG,IAAI;QACRC,CAAC,GAAG,IAAI;QACR;IACJ;EACF;EAEA,IAAIH,CAAC,IAAI,IAAI,EAAE;IACbD,MAAM,CAACK,IAAI,CAAClB,OAAO,CAACc,CAAC,CAAC,CAAC;IACvBD,MAAM,CAACK,IAAI,CAAClB,OAAO,CAACe,CAAC,CAAC,CAAC;IACvB,IAAIC,CAAC,IAAI,IAAI,EAAE;MACbH,MAAM,CAACK,IAAI,CAAC,GAAG,CAAC;IAClB,CAAC,MAAM;MACLL,MAAM,CAACK,IAAI,CAAClB,OAAO,CAACgB,CAAC,CAAC,CAAC;IACzB;IAEA,IAAIC,CAAC,IAAI,IAAI,EAAE;MACbJ,MAAM,CAACK,IAAI,CAAC,GAAG,CAAC;IAClB;EACF;EAEA,OAAOL,MAAM,CAACM,IAAI,CAAC,EAAE,CAAC;AACxB,CAAC;;AAID;AACA;AACA;AACA;AACA;AACA,MAAMT,SAAS,GAAGU,GAAG,IAAI;EACvB,IAAI,OAAOC,UAAU,KAAK,WAAW,IAAI,OAAOC,WAAW,KAAK,WAAW,EAAE;IAC3E,MAAMC,GAAG,GAAG,EAAE;IACd,KAAK,IAAIlB,CAAC,GAAG,CAAC,EAAEA,CAAC,GAAGe,GAAG,EAAEf,CAAC,EAAE,EAAE;MAC5BkB,GAAG,CAACL,IAAI,CAAC,CAAC,CAAC;IACb;IAEAK,GAAG,CAACC,mBAAmB,GAAG,IAAI;IAC9B,OAAOD,GAAG;EACZ;EACA,OAAO,IAAIF,UAAU,CAAC,IAAIC,WAAW,CAACF,GAAG,CAAC,CAAC;AAC7C,CAAC;AAED,MAAMK,MAAM,GAAGhB,GAAG,IAAI;EACpB,IAAIW,GAAG,GAAGM,IAAI,CAACC,KAAK,CAAElB,GAAG,CAACH,MAAM,GAAG,CAAC,GAAI,CAAC,CAAC;EAC1C,IAAIG,GAAG,CAACP,MAAM,CAACO,GAAG,CAACH,MAAM,GAAG,CAAC,CAAC,IAAI,GAAG,EAAE;IACrCc,GAAG,EAAE;IACL,IAAIX,GAAG,CAACP,MAAM,CAACO,GAAG,CAACH,MAAM,GAAG,CAAC,CAAC,IAAI,GAAG,EAAE;MACrCc,GAAG,EAAE;IACP;EACF;EAEA,MAAMQ,GAAG,GAAGlB,SAAS,CAACU,GAAG,CAAC;EAE1B,IAAIS,GAAG,GAAG,IAAI;EACd,IAAIC,GAAG,GAAG,IAAI;EACd,IAAIC,KAAK,GAAG,IAAI;EAEhB,IAAIC,CAAC,GAAG,CAAC;EAET,KAAK,IAAI3B,CAAC,GAAG,CAAC,EAAEA,CAAC,GAAGI,GAAG,CAACH,MAAM,EAAED,CAAC,EAAE,EAAE;IACnC,MAAMW,CAAC,GAAGP,GAAG,CAACP,MAAM,CAACG,CAAC,CAAC;IACvB,MAAM4B,CAAC,GAAG9B,MAAM,CAACa,CAAC,CAAC;IACnB,QAAQX,CAAC,GAAG,CAAC;MACX,KAAK,CAAC;QACJ,IAAI4B,CAAC,GAAG,CAAC,EAAE;UACT,MAAM,IAAIrB,KAAK,CAAC,uBAAuB,CAAC;QAC1C;QAEAiB,GAAG,GAAGI,CAAC,IAAI,CAAC;QACZ;MACF,KAAK,CAAC;QACJ,IAAIA,CAAC,GAAG,CAAC,EAAE;UACT,MAAM,IAAIrB,KAAK,CAAC,uBAAuB,CAAC;QAC1C;QAEAiB,GAAG,GAAGA,GAAG,GAAII,CAAC,IAAI,CAAE;QACpBL,GAAG,CAACI,CAAC,EAAE,CAAC,GAAGH,GAAG;QACdC,GAAG,GAAG,CAACG,CAAC,GAAG,IAAI,KAAK,CAAC;QACrB;MACF,KAAK,CAAC;QACJ,IAAIA,CAAC,IAAI,CAAC,EAAE;UACVH,GAAG,GAAGA,GAAG,GAAIG,CAAC,IAAI,CAAE;UACpBL,GAAG,CAACI,CAAC,EAAE,CAAC,GAAGF,GAAG;UACdC,KAAK,GAAG,CAACE,CAAC,GAAG,IAAI,KAAK,CAAC;QACzB;QAEA;MACF,KAAK,CAAC;QACJ,IAAIA,CAAC,IAAI,CAAC,EAAE;UACVL,GAAG,CAACI,CAAC,EAAE,CAAC,GAAGD,KAAK,GAAGE,CAAC;QACtB;QAEA;IACJ;EACF;EAEA,OAAOL,GAAG;AACZ,CAAC;AAEM,MAAMjC,MAAM,GAAG;EAAEY,MAAM;EAAEkB,MAAM;EAAEf;AAAU,CAAC"},"sourceType":"module","externalDependencies":{},"hash":"a7cd048618a5ccf71810effe05b9c41d079ce9d7"}
