{"metadata":{},"options":{"assumptions":{},"compact":false,"sourceMaps":true,"ast":true,"babelrc":false,"configFile":false,"parserOpts":{"sourceType":"module","sourceFileName":"D:\\loan_app\\loan-management\\packages\\aldeed:simple-schema\\lib\\clean\\getPositionsForAutoValue.js","plugins":["*","flow","jsx","asyncGenerators","bigInt","classPrivateMethods","classPrivateProperties","classProperties","doExpressions","dynamicImport","exportDefaultFrom","exportExtensions","exportNamespaceFrom","functionBind","functionSent","importMeta","nullishCoalescingOperator","numericSeparator","objectRestSpread","optionalCatchBinding","optionalChaining",["pipelineOperator",{"proposal":"minimal"}],"throwExpressions","objectRestSpread","objectRestSpread","asyncGenerators","classProperties","classPrivateProperties","jsx","nullishCoalescingOperator","nullishCoalescingOperator","optionalChaining","optionalChaining","optionalCatchBinding","optionalCatchBinding","classProperties","classPrivateProperties","classPrivateMethods","classProperties","classPrivateProperties","asyncGenerators","asyncGenerators","objectRestSpread","objectRestSpread","logicalAssignment"],"allowImportExportEverywhere":true,"allowReturnOutsideFunction":true,"allowUndeclaredExports":true,"strictMode":false},"caller":{"name":"meteor","arch":"os.windows.x86_64"},"sourceFileName":"packages/aldeed:simple-schema/lib/clean/getPositionsForAutoValue.js","filename":"D:\\loan_app\\loan-management\\packages\\aldeed:simple-schema\\lib\\clean\\getPositionsForAutoValue.js","targets":{},"cloneInputAst":true,"browserslistConfigFile":false,"passPerPreset":false,"envName":"development","cwd":"D:\\loan_app\\loan-management","root":"D:\\loan_app\\loan-management","rootMode":"root","plugins":[{"key":"base$0","visitor":{"_exploded":true,"_verified":true},"options":{},"externalDependencies":[]},{"key":"base$0$0","visitor":{"Program":{"enter":[null],"exit":[null]},"_exploded":true,"_verified":true},"options":{"avoidModernSyntax":false,"enforceStrictMode":false,"dynamicImport":true,"generateLetDeclarations":true},"externalDependencies":[]},{"key":"transform-runtime","visitor":{"MemberExpression":{"enter":[null]},"ObjectPattern":{"enter":[null]},"BinaryExpression":{"enter":[null]},"Identifier":{"enter":[null]},"JSXIdentifier":{"enter":[null]},"_exploded":true,"_verified":true},"options":{"version":"7.17.2","helpers":true,"useESModules":false,"corejs":false},"externalDependencies":[]},{"key":"syntax-object-rest-spread","visitor":{"_exploded":true,"_verified":true},"options":{},"externalDependencies":[]},{"key":"proposal-object-rest-spread","visitor":{"VariableDeclarator":{"enter":[null]},"ExportNamedDeclaration":{"enter":[null]},"CatchClause":{"enter":[null]},"AssignmentExpression":{"enter":[null]},"ArrayPattern":{"enter":[null]},"ObjectExpression":{"enter":[null]},"FunctionDeclaration":{"enter":[null]},"FunctionExpression":{"enter":[null]},"ObjectMethod":{"enter":[null]},"ArrowFunctionExpression":{"enter":[null]},"ClassMethod":{"enter":[null]},"ClassPrivateMethod":{"enter":[null]},"ForInStatement":{"enter":[null]},"ForOfStatement":{"enter":[null]},"_exploded":true,"_verified":true},"options":{},"externalDependencies":[]},{"key":"transform-meteor-async-await","visitor":{"AwaitExpression":{"enter":[null]},"_exploded":true,"_verified":true,"FunctionDeclaration":{"exit":[null]},"FunctionExpression":{"exit":[null]},"ObjectMethod":{"exit":[null]},"ArrowFunctionExpression":{"exit":[null]},"ClassMethod":{"exit":[null]},"ClassPrivateMethod":{"exit":[null]}},"options":{"useNativeAsyncAwait":false},"externalDependencies":[]},{"key":"proposal-async-generator-functions","visitor":{"Program":{"enter":[null]},"_exploded":true,"_verified":true},"options":{},"externalDependencies":[]},{"key":"proposal-class-properties","visitor":{"ExportDefaultDeclaration":{"enter":[null]},"_exploded":true,"_verified":true,"ClassExpression":{"enter":[null]},"ClassDeclaration":{"enter":[null]}},"options":{"loose":true},"externalDependencies":[]},{"key":"transform-react-jsx","visitor":{"JSXNamespacedName":{"enter":[null]},"JSXSpreadChild":{"enter":[null]},"Program":{"enter":[null]},"JSXFragment":{"exit":[null]},"JSXElement":{"exit":[null]},"JSXAttribute":{"enter":[null]},"_exploded":true,"_verified":true},"options":{"pragma":"React.createElement","pragmaFrag":"React.Fragment","runtime":"classic","throwIfNamespace":true,"useBuiltIns":false},"externalDependencies":[]},{"key":"transform-react-display-name","visitor":{"ExportDefaultDeclaration":{"enter":[null]},"CallExpression":{"enter":[null]},"_exploded":true,"_verified":true},"options":{},"externalDependencies":[]},{"key":"transform-react-pure-annotations","visitor":{"CallExpression":{"enter":[null]},"_exploded":true,"_verified":true},"options":{},"externalDependencies":[]},{"key":"syntax-nullish-coalescing-operator","visitor":{"_exploded":true,"_verified":true},"options":{},"externalDependencies":[]},{"key":"proposal-nullish-coalescing-operator","visitor":{"LogicalExpression":{"enter":[null]},"_exploded":true,"_verified":true},"options":{},"externalDependencies":[]},{"key":"syntax-optional-chaining","visitor":{"_exploded":true,"_verified":true},"options":{},"externalDependencies":[]},{"key":"proposal-optional-chaining","visitor":{"OptionalCallExpression":{"enter":[null]},"OptionalMemberExpression":{"enter":[null]},"_exploded":true,"_verified":true},"options":{},"externalDependencies":[]},{"key":"syntax-optional-catch-binding","visitor":{"_exploded":true,"_verified":true},"options":{},"externalDependencies":[]},{"key":"proposal-optional-catch-binding","visitor":{"CatchClause":{"enter":[null]},"_exploded":true,"_verified":true},"options":{},"externalDependencies":[]},{"key":"syntax-class-properties","visitor":{"_exploded":true,"_verified":true},"options":{},"externalDependencies":[]},{"key":"proposal-class-properties","visitor":{"ExportDefaultDeclaration":{"enter":[null]},"_exploded":true,"_verified":true,"ClassExpression":{"enter":[null]},"ClassDeclaration":{"enter":[null]}},"options":{},"externalDependencies":[]},{"key":"syntax-async-generators","visitor":{"_exploded":true,"_verified":true},"options":{},"externalDependencies":[]},{"key":"proposal-async-generator-functions","visitor":{"Program":{"enter":[null]},"_exploded":true,"_verified":true},"options":{},"externalDependencies":[]},{"key":"syntax-object-rest-spread","visitor":{"_exploded":true,"_verified":true},"options":{},"externalDependencies":[]},{"key":"proposal-object-rest-spread","visitor":{"VariableDeclarator":{"enter":[null]},"ExportNamedDeclaration":{"enter":[null]},"CatchClause":{"enter":[null]},"AssignmentExpression":{"enter":[null]},"ArrayPattern":{"enter":[null]},"ObjectExpression":{"enter":[null]},"FunctionDeclaration":{"enter":[null]},"FunctionExpression":{"enter":[null]},"ObjectMethod":{"enter":[null]},"ArrowFunctionExpression":{"enter":[null]},"ClassMethod":{"enter":[null]},"ClassPrivateMethod":{"enter":[null]},"ForInStatement":{"enter":[null]},"ForOfStatement":{"enter":[null]},"_exploded":true,"_verified":true},"options":{},"externalDependencies":[]},{"key":"proposal-logical-assignment-operators","visitor":{"AssignmentExpression":{"enter":[null]},"_exploded":true,"_verified":true},"options":{},"externalDependencies":[]},{"key":"transform-literals","visitor":{"NumericLiteral":{"enter":[null]},"StringLiteral":{"enter":[null]},"_exploded":true,"_verified":true},"options":{},"externalDependencies":[]},{"key":"transform-template-literals","visitor":{"TaggedTemplateExpression":{"enter":[null]},"TemplateLiteral":{"enter":[null]},"_exploded":true,"_verified":true},"options":{},"externalDependencies":[]},{"key":"transform-parameters","visitor":{"_exploded":true,"_verified":true,"FunctionDeclaration":{"enter":[null]},"FunctionExpression":{"enter":[null]},"ObjectMethod":{"enter":[null]},"ArrowFunctionExpression":{"enter":[null]},"ClassMethod":{"enter":[null]},"ClassPrivateMethod":{"enter":[null]}},"options":{},"externalDependencies":[]},{"key":"transform-exponentiation-operator","visitor":{"AssignmentExpression":{"enter":[null]},"BinaryExpression":{"enter":[null]},"_exploded":true,"_verified":true},"options":{},"externalDependencies":[]}],"presets":[],"generatorOpts":{"filename":"D:\\loan_app\\loan-management\\packages\\aldeed:simple-schema\\lib\\clean\\getPositionsForAutoValue.js","comments":true,"compact":false,"sourceMaps":true,"sourceFileName":"packages/aldeed:simple-schema/lib/clean/getPositionsForAutoValue.js"}},"code":"module.export({\n  default: () => getPositionsForAutoValue\n});\nlet MongoObject;\nmodule.link(\"mongo-object\", {\n  default(v) {\n    MongoObject = v;\n  }\n}, 0);\nlet getLastPartOfKey, getParentOfKey;\nmodule.link(\"../utility\", {\n  getLastPartOfKey(v) {\n    getLastPartOfKey = v;\n  },\n  getParentOfKey(v) {\n    getParentOfKey = v;\n  }\n}, 1);\nfunction getPositionsForAutoValue(_ref) {\n  let {\n    fieldName,\n    isModifier,\n    mongoObject\n  } = _ref;\n  // Positions for this field\n  const positions = mongoObject.getPositionsInfoForGenericKey(fieldName);\n\n  // If the field is an object and will be created by MongoDB,\n  // we don't need (and can't have) a value for it\n  if (isModifier && mongoObject.getPositionsThatCreateGenericKey(fieldName).length > 0) {\n    return positions;\n  }\n\n  // For simple top-level fields, just add an undefined would-be position\n  // if there isn't a real position.\n  if (fieldName.indexOf('.') === -1 && positions.length === 0) {\n    positions.push({\n      key: fieldName,\n      value: undefined,\n      operator: isModifier ? '$set' : null,\n      position: isModifier ? \"$set[\".concat(fieldName, \"]\") : fieldName\n    });\n    return positions;\n  }\n  const parentPath = getParentOfKey(fieldName);\n  const lastPart = getLastPartOfKey(fieldName, parentPath);\n  const lastPartWithBraces = lastPart.replace(/\\./g, '][');\n  const parentPositions = mongoObject.getPositionsInfoForGenericKey(parentPath);\n  if (parentPositions.length) {\n    parentPositions.forEach(info => {\n      const childPosition = \"\".concat(info.position, \"[\").concat(lastPartWithBraces, \"]\");\n      if (!positions.find(i => i.position === childPosition)) {\n        positions.push({\n          key: \"\".concat(info.key, \".\").concat(lastPart),\n          value: undefined,\n          operator: info.operator,\n          position: childPosition\n        });\n      }\n    });\n  } else if (parentPath.slice(-2) !== '.$') {\n    // positions that will create parentPath\n    mongoObject.getPositionsThatCreateGenericKey(parentPath).forEach(info => {\n      const {\n        operator,\n        position\n      } = info;\n      let wouldBePosition;\n      if (operator) {\n        const next = position.slice(position.indexOf('[') + 1, position.indexOf(']'));\n        const nextPieces = next.split('.');\n        const newPieces = [];\n        let newKey;\n        while (nextPieces.length && newKey !== parentPath) {\n          newPieces.push(nextPieces.shift());\n          newKey = newPieces.join('.');\n        }\n        newKey = \"\".concat(newKey, \".\").concat(fieldName.slice(newKey.length + 1));\n        wouldBePosition = \"$set[\".concat(newKey, \"]\");\n      } else {\n        const lastPart2 = getLastPartOfKey(fieldName, parentPath);\n        const lastPartWithBraces2 = lastPart2.replace(/\\./g, '][');\n        wouldBePosition = \"\".concat(position.slice(0, position.lastIndexOf('[')), \"[\").concat(lastPartWithBraces2, \"]\");\n      }\n      if (!positions.find(i => i.position === wouldBePosition)) {\n        positions.push({\n          key: MongoObject._positionToKey(wouldBePosition),\n          value: undefined,\n          operator: operator ? '$set' : null,\n          position: wouldBePosition\n        });\n      }\n    });\n  }\n  return positions;\n}","map":{"version":3,"names":["module","export","default","getPositionsForAutoValue","MongoObject","link","v","getLastPartOfKey","getParentOfKey","_ref","fieldName","isModifier","mongoObject","positions","getPositionsInfoForGenericKey","getPositionsThatCreateGenericKey","length","indexOf","push","key","value","undefined","operator","position","concat","parentPath","lastPart","lastPartWithBraces","replace","parentPositions","forEach","info","childPosition","find","i","slice","wouldBePosition","next","nextPieces","split","newPieces","newKey","shift","join","lastPart2","lastPartWithBraces2","lastIndexOf","_positionToKey"],"sources":["packages/aldeed:simple-schema/lib/clean/getPositionsForAutoValue.js"],"sourcesContent":["import MongoObject from 'mongo-object';\nimport { getLastPartOfKey, getParentOfKey } from '../utility';\n\n/**\n * A position is a place in the object where this field exists.\n * If no arrays are involved, then every field/key has at most 1 position.\n * If arrays are involved, then a field could have potentially unlimited positions.\n *\n * For example, the key 'a.b.$.c` would have these positions:\n *   `a[b][0][c]`\n *   `a[b][1][c]`\n *   `a[b][2][c]`\n *\n * For this object:\n * {\n *   a: {\n *     b: [\n *       { c: 1 },\n *       { c: 1 },\n *       { c: 1 },\n *     ],\n *   },\n * }\n *\n * To make matters more complicated, we want to include not only the existing positions\n * but also the positions that might exist due to their parent object existing or their\n * parent object being auto-created by a MongoDB modifier that implies it.\n */\nexport default function getPositionsForAutoValue({ fieldName, isModifier, mongoObject }) {\n  // Positions for this field\n  const positions = mongoObject.getPositionsInfoForGenericKey(fieldName);\n\n  // If the field is an object and will be created by MongoDB,\n  // we don't need (and can't have) a value for it\n  if (isModifier && mongoObject.getPositionsThatCreateGenericKey(fieldName).length > 0) {\n    return positions;\n  }\n\n  // For simple top-level fields, just add an undefined would-be position\n  // if there isn't a real position.\n  if (fieldName.indexOf('.') === -1 && positions.length === 0) {\n    positions.push({\n      key: fieldName,\n      value: undefined,\n      operator: isModifier ? '$set' : null,\n      position: isModifier ? `$set[${fieldName}]` : fieldName,\n    });\n    return positions;\n  }\n\n  const parentPath = getParentOfKey(fieldName);\n  const lastPart = getLastPartOfKey(fieldName, parentPath);\n  const lastPartWithBraces = lastPart.replace(/\\./g, '][');\n  const parentPositions = mongoObject.getPositionsInfoForGenericKey(parentPath);\n\n  if (parentPositions.length) {\n    parentPositions.forEach((info) => {\n      const childPosition = `${info.position}[${lastPartWithBraces}]`;\n      if (!positions.find((i) => i.position === childPosition)) {\n        positions.push({\n          key: `${info.key}.${lastPart}`,\n          value: undefined,\n          operator: info.operator,\n          position: childPosition,\n        });\n      }\n    });\n  } else if (parentPath.slice(-2) !== '.$') {\n    // positions that will create parentPath\n    mongoObject.getPositionsThatCreateGenericKey(parentPath).forEach((info) => {\n      const { operator, position } = info;\n      let wouldBePosition;\n      if (operator) {\n        const next = position.slice(position.indexOf('[') + 1, position.indexOf(']'));\n        const nextPieces = next.split('.');\n\n        const newPieces = [];\n        let newKey;\n        while (nextPieces.length && newKey !== parentPath) {\n          newPieces.push(nextPieces.shift());\n          newKey = newPieces.join('.');\n        }\n        newKey = `${newKey}.${fieldName.slice(newKey.length + 1)}`;\n        wouldBePosition = `$set[${newKey}]`;\n      } else {\n        const lastPart2 = getLastPartOfKey(fieldName, parentPath);\n        const lastPartWithBraces2 = lastPart2.replace(/\\./g, '][');\n        wouldBePosition = `${position.slice(0, position.lastIndexOf('['))}[${lastPartWithBraces2}]`;\n      }\n      if (!positions.find((i) => i.position === wouldBePosition)) {\n        positions.push({\n          key: MongoObject._positionToKey(wouldBePosition),\n          value: undefined,\n          operator: operator ? '$set' : null,\n          position: wouldBePosition,\n        });\n      }\n    });\n  }\n\n  return positions;\n}\n"],"mappings":"AAAAA,MAAM,CAACC,MAAM,CAAC;EAACC,OAAO,EAACA,CAAA,KAAIC;AAAwB,CAAC,CAAC;AAAC,IAAIC,WAAW;AAACJ,MAAM,CAACK,IAAI,CAAC,cAAc,EAAC;EAACH,OAAOA,CAACI,CAAC,EAAC;IAACF,WAAW,GAACE,CAAC;EAAA;AAAC,CAAC,EAAC,CAAC,CAAC;AAAC,IAAIC,gBAAgB,EAACC,cAAc;AAACR,MAAM,CAACK,IAAI,CAAC,YAAY,EAAC;EAACE,gBAAgBA,CAACD,CAAC,EAAC;IAACC,gBAAgB,GAACD,CAAC;EAAA,CAAC;EAACE,cAAcA,CAACF,CAAC,EAAC;IAACE,cAAc,GAACF,CAAC;EAAA;AAAC,CAAC,EAAC,CAAC,CAAC;AA4B9P,SAASH,wBAAwBA,CAAAM,IAAA,EAAyC;EAAA,IAAxC;IAAEC,SAAS;IAAEC,UAAU;IAAEC;EAAY,CAAC,GAAAH,IAAA;EACrF;EACA,MAAMI,SAAS,GAAGD,WAAW,CAACE,6BAA6B,CAACJ,SAAS,CAAC;;EAEtE;EACA;EACA,IAAIC,UAAU,IAAIC,WAAW,CAACG,gCAAgC,CAACL,SAAS,CAAC,CAACM,MAAM,GAAG,CAAC,EAAE;IACpF,OAAOH,SAAS;EAClB;;EAEA;EACA;EACA,IAAIH,SAAS,CAACO,OAAO,CAAC,GAAG,CAAC,KAAK,CAAC,CAAC,IAAIJ,SAAS,CAACG,MAAM,KAAK,CAAC,EAAE;IAC3DH,SAAS,CAACK,IAAI,CAAC;MACbC,GAAG,EAAET,SAAS;MACdU,KAAK,EAAEC,SAAS;MAChBC,QAAQ,EAAEX,UAAU,GAAG,MAAM,GAAG,IAAI;MACpCY,QAAQ,EAAEZ,UAAU,WAAAa,MAAA,CAAWd,SAAS,SAAMA;IAChD,CAAC,CAAC;IACF,OAAOG,SAAS;EAClB;EAEA,MAAMY,UAAU,GAAGjB,cAAc,CAACE,SAAS,CAAC;EAC5C,MAAMgB,QAAQ,GAAGnB,gBAAgB,CAACG,SAAS,EAAEe,UAAU,CAAC;EACxD,MAAME,kBAAkB,GAAGD,QAAQ,CAACE,OAAO,CAAC,KAAK,EAAE,IAAI,CAAC;EACxD,MAAMC,eAAe,GAAGjB,WAAW,CAACE,6BAA6B,CAACW,UAAU,CAAC;EAE7E,IAAII,eAAe,CAACb,MAAM,EAAE;IAC1Ba,eAAe,CAACC,OAAO,CAAEC,IAAI,IAAK;MAChC,MAAMC,aAAa,MAAAR,MAAA,CAAMO,IAAI,CAACR,QAAQ,OAAAC,MAAA,CAAIG,kBAAkB,MAAG;MAC/D,IAAI,CAACd,SAAS,CAACoB,IAAI,CAAEC,CAAC,IAAKA,CAAC,CAACX,QAAQ,KAAKS,aAAa,CAAC,EAAE;QACxDnB,SAAS,CAACK,IAAI,CAAC;UACbC,GAAG,KAAAK,MAAA,CAAKO,IAAI,CAACZ,GAAG,OAAAK,MAAA,CAAIE,QAAQ,CAAE;UAC9BN,KAAK,EAAEC,SAAS;UAChBC,QAAQ,EAAES,IAAI,CAACT,QAAQ;UACvBC,QAAQ,EAAES;QACZ,CAAC,CAAC;MACJ;IACF,CAAC,CAAC;EACJ,CAAC,MAAM,IAAIP,UAAU,CAACU,KAAK,CAAC,CAAC,CAAC,CAAC,KAAK,IAAI,EAAE;IACxC;IACAvB,WAAW,CAACG,gCAAgC,CAACU,UAAU,CAAC,CAACK,OAAO,CAAEC,IAAI,IAAK;MACzE,MAAM;QAAET,QAAQ;QAAEC;MAAS,CAAC,GAAGQ,IAAI;MACnC,IAAIK,eAAe;MACnB,IAAId,QAAQ,EAAE;QACZ,MAAMe,IAAI,GAAGd,QAAQ,CAACY,KAAK,CAACZ,QAAQ,CAACN,OAAO,CAAC,GAAG,CAAC,GAAG,CAAC,EAAEM,QAAQ,CAACN,OAAO,CAAC,GAAG,CAAC,CAAC;QAC7E,MAAMqB,UAAU,GAAGD,IAAI,CAACE,KAAK,CAAC,GAAG,CAAC;QAElC,MAAMC,SAAS,GAAG,EAAE;QACpB,IAAIC,MAAM;QACV,OAAOH,UAAU,CAACtB,MAAM,IAAIyB,MAAM,KAAKhB,UAAU,EAAE;UACjDe,SAAS,CAACtB,IAAI,CAACoB,UAAU,CAACI,KAAK,CAAC,CAAC,CAAC;UAClCD,MAAM,GAAGD,SAAS,CAACG,IAAI,CAAC,GAAG,CAAC;QAC9B;QACAF,MAAM,MAAAjB,MAAA,CAAMiB,MAAM,OAAAjB,MAAA,CAAId,SAAS,CAACyB,KAAK,CAACM,MAAM,CAACzB,MAAM,GAAG,CAAC,CAAC,CAAE;QAC1DoB,eAAe,WAAAZ,MAAA,CAAWiB,MAAM,MAAG;MACrC,CAAC,MAAM;QACL,MAAMG,SAAS,GAAGrC,gBAAgB,CAACG,SAAS,EAAEe,UAAU,CAAC;QACzD,MAAMoB,mBAAmB,GAAGD,SAAS,CAAChB,OAAO,CAAC,KAAK,EAAE,IAAI,CAAC;QAC1DQ,eAAe,MAAAZ,MAAA,CAAMD,QAAQ,CAACY,KAAK,CAAC,CAAC,EAAEZ,QAAQ,CAACuB,WAAW,CAAC,GAAG,CAAC,CAAC,OAAAtB,MAAA,CAAIqB,mBAAmB,MAAG;MAC7F;MACA,IAAI,CAAChC,SAAS,CAACoB,IAAI,CAAEC,CAAC,IAAKA,CAAC,CAACX,QAAQ,KAAKa,eAAe,CAAC,EAAE;QAC1DvB,SAAS,CAACK,IAAI,CAAC;UACbC,GAAG,EAAEf,WAAW,CAAC2C,cAAc,CAACX,eAAe,CAAC;UAChDhB,KAAK,EAAEC,SAAS;UAChBC,QAAQ,EAAEA,QAAQ,GAAG,MAAM,GAAG,IAAI;UAClCC,QAAQ,EAAEa;QACZ,CAAC,CAAC;MACJ;IACF,CAAC,CAAC;EACJ;EAEA,OAAOvB,SAAS;AAClB"},"sourceType":"module","externalDependencies":{},"hash":"ad00cbe9b96c651530ab12b283f0b5f3cf10b3f7"}
