{"metadata":{},"options":{"assumptions":{},"compact":false,"sourceMaps":true,"ast":true,"babelrc":false,"configFile":false,"parserOpts":{"sourceType":"module","sourceFileName":"D:\\loan_app\\loan-management\\imports\\ui\\Info.jsx","plugins":["*","flow","jsx","asyncGenerators","bigInt","classPrivateMethods","classPrivateProperties","classProperties","doExpressions","dynamicImport","exportDefaultFrom","exportExtensions","exportNamespaceFrom","functionBind","functionSent","importMeta","nullishCoalescingOperator","numericSeparator","objectRestSpread","optionalCatchBinding","optionalChaining",["pipelineOperator",{"proposal":"minimal"}],"throwExpressions","classProperties","classPrivateProperties","jsx","nullishCoalescingOperator","nullishCoalescingOperator","optionalChaining","optionalChaining","optionalCatchBinding","optionalCatchBinding","classProperties","classPrivateProperties","classPrivateMethods","classProperties","classPrivateProperties","asyncGenerators","asyncGenerators","objectRestSpread","objectRestSpread","logicalAssignment"],"allowImportExportEverywhere":true,"allowReturnOutsideFunction":true,"allowUndeclaredExports":true,"strictMode":false},"caller":{"name":"meteor","arch":"web.browser.legacy"},"sourceFileName":"imports/ui/Info.jsx","filename":"D:\\loan_app\\loan-management\\imports\\ui\\Info.jsx","inputSourceMap":{"version":3,"names":["React","Component","withTracker","Links","Info","render","links","props","map","link","makeLink","_id","url","title","InfoContainer","find","fetch"],"sources":["imports/ui/Info.jsx"],"sourcesContent":["import React, { Component } from 'react';\nimport { withTracker } from 'meteor/react-meteor-data';\nimport Links from '../api/links';\n\nclass Info extends Component {\n  render() {\n    const links = this.props.links.map(\n      link => this.makeLink(link)\n    );\n\n    return (\n      <div>\n        <h2>Learn Meteor!</h2>\n        <ul>{ links }</ul>\n      </div>\n    );\n  }\n\n  makeLink(link) {\n    return (\n      <li key={link._id}>\n        <a href={link.url} target=\"_blank\">{link.title}</a>\n      </li>\n    );\n  }\n}\n\nexport default InfoContainer = withTracker(() => {\n  return {\n    links: Links.find().fetch(),\n  };\n})(Info);"],"mappings":";AAAA,OAAOA,KAAK,IAAIC,SAAS,QAAQ,OAAO;AACxC,SAASC,WAAW,QAAQ,0BAA0B;AACtD,OAAOC,KAAK,MAAM,cAAc;AAEhC,MAAMC,IAAI,SAASH,SAAS,CAAC;EAC3BI,MAAMA,CAAA,EAAG;IACP,MAAMC,KAAK,GAAG,IAAI,CAACC,KAAK,CAACD,KAAK,CAACE,GAAG,CAChCC,IAAI,IAAI,IAAI,CAACC,QAAQ,CAACD,IAAI,CAC5B,CAAC;IAED,OACE,CAAC,GAAG;AACV,QAAQ,CAAC,EAAE,CAAC,aAAa,EAAE,EAAE;AAC7B,QAAQ,CAAC,EAAE,CAAC,CAAEH,KAAK,CAAE,EAAE,EAAE;AACzB,MAAM,EAAE,GAAG,CAAC;EAEV;EAEAI,QAAQA,CAACD,IAAI,EAAE;IACb,OACE,CAAC,EAAE,CAAC,GAAG,CAAC,CAACA,IAAI,CAACE,GAAG,CAAC;AACxB,QAAQ,CAAC,CAAC,CAAC,IAAI,CAAC,CAACF,IAAI,CAACG,GAAG,CAAC,CAAC,MAAM,CAAC,QAAQ,CAAC,CAACH,IAAI,CAACI,KAAK,CAAC,EAAE,CAAC;AAC1D,MAAM,EAAE,EAAE,CAAC;EAET;AACF;AAEA,eAAeC,aAAa,GAAGZ,WAAW,CAAC,MAAM;EAC/C,OAAO;IACLI,KAAK,EAAEH,KAAK,CAACY,IAAI,CAAC,CAAC,CAACC,KAAK,CAAC;EAC5B,CAAC;AACH,CAAC,CAAC,CAACZ,IAAI,CAAC"},"targets":{},"cloneInputAst":true,"browserslistConfigFile":false,"passPerPreset":false,"envName":"development","cwd":"D:\\loan_app\\loan-management","root":"D:\\loan_app\\loan-management","rootMode":"root","plugins":[{"key":"base$0","visitor":{"_exploded":true,"_verified":true},"options":{},"externalDependencies":[]},{"key":"base$0$0","visitor":{"Program":{"enter":[null],"exit":[null]},"_exploded":true,"_verified":true},"options":{"avoidModernSyntax":true,"enforceStrictMode":false,"dynamicImport":true},"externalDependencies":[]},{"key":"transform-runtime","visitor":{"MemberExpression":{"enter":[null]},"ObjectPattern":{"enter":[null]},"BinaryExpression":{"enter":[null]},"Identifier":{"enter":[null]},"JSXIdentifier":{"enter":[null]},"_exploded":true,"_verified":true},"options":{"version":"7.17.2","helpers":true,"useESModules":false,"corejs":false},"externalDependencies":[]},{"key":"proposal-class-properties","visitor":{"ExportDefaultDeclaration":{"enter":[null]},"_exploded":true,"_verified":true,"ClassExpression":{"enter":[null]},"ClassDeclaration":{"enter":[null]}},"options":{"loose":true},"externalDependencies":[]},{"key":"base$0$3","visitor":{"FunctionExpression":{"exit":[null]},"_exploded":true,"_verified":true},"options":{},"externalDependencies":[]},{"key":"base$0$4","visitor":{"ForInStatement":{"enter":[null]},"_exploded":true,"_verified":true},"options":{},"externalDependencies":[]},{"key":"transform-react-jsx","visitor":{"JSXNamespacedName":{"enter":[null]},"JSXSpreadChild":{"enter":[null]},"Program":{"enter":[null]},"JSXFragment":{"exit":[null]},"JSXElement":{"exit":[null]},"JSXAttribute":{"enter":[null]},"_exploded":true,"_verified":true},"options":{"pragma":"React.createElement","pragmaFrag":"React.Fragment","runtime":"classic","throwIfNamespace":true,"useBuiltIns":false},"externalDependencies":[]},{"key":"transform-react-display-name","visitor":{"ExportDefaultDeclaration":{"enter":[null]},"CallExpression":{"enter":[null]},"_exploded":true,"_verified":true},"options":{},"externalDependencies":[]},{"key":"transform-react-pure-annotations","visitor":{"CallExpression":{"enter":[null]},"_exploded":true,"_verified":true},"options":{},"externalDependencies":[]},{"key":"syntax-nullish-coalescing-operator","visitor":{"_exploded":true,"_verified":true},"options":{},"externalDependencies":[]},{"key":"proposal-nullish-coalescing-operator","visitor":{"LogicalExpression":{"enter":[null]},"_exploded":true,"_verified":true},"options":{},"externalDependencies":[]},{"key":"syntax-optional-chaining","visitor":{"_exploded":true,"_verified":true},"options":{},"externalDependencies":[]},{"key":"proposal-optional-chaining","visitor":{"OptionalCallExpression":{"enter":[null]},"OptionalMemberExpression":{"enter":[null]},"_exploded":true,"_verified":true},"options":{},"externalDependencies":[]},{"key":"syntax-optional-catch-binding","visitor":{"_exploded":true,"_verified":true},"options":{},"externalDependencies":[]},{"key":"proposal-optional-catch-binding","visitor":{"CatchClause":{"enter":[null]},"_exploded":true,"_verified":true},"options":{},"externalDependencies":[]},{"key":"syntax-class-properties","visitor":{"_exploded":true,"_verified":true},"options":{},"externalDependencies":[]},{"key":"proposal-class-properties","visitor":{"ExportDefaultDeclaration":{"enter":[null]},"_exploded":true,"_verified":true,"ClassExpression":{"enter":[null]},"ClassDeclaration":{"enter":[null]}},"options":{},"externalDependencies":[]},{"key":"syntax-async-generators","visitor":{"_exploded":true,"_verified":true},"options":{},"externalDependencies":[]},{"key":"proposal-async-generator-functions","visitor":{"Program":{"enter":[null]},"_exploded":true,"_verified":true},"options":{},"externalDependencies":[]},{"key":"syntax-object-rest-spread","visitor":{"_exploded":true,"_verified":true},"options":{},"externalDependencies":[]},{"key":"proposal-object-rest-spread","visitor":{"VariableDeclarator":{"enter":[null]},"ExportNamedDeclaration":{"enter":[null]},"CatchClause":{"enter":[null]},"AssignmentExpression":{"enter":[null]},"ArrayPattern":{"enter":[null]},"ObjectExpression":{"enter":[null]},"FunctionDeclaration":{"enter":[null]},"FunctionExpression":{"enter":[null]},"ObjectMethod":{"enter":[null]},"ArrowFunctionExpression":{"enter":[null]},"ClassMethod":{"enter":[null]},"ClassPrivateMethod":{"enter":[null]},"ForInStatement":{"enter":[null]},"ForOfStatement":{"enter":[null]},"_exploded":true,"_verified":true},"options":{},"externalDependencies":[]},{"key":"proposal-logical-assignment-operators","visitor":{"AssignmentExpression":{"enter":[null]},"_exploded":true,"_verified":true},"options":{},"externalDependencies":[]},{"key":"transform-arrow-functions","visitor":{"ArrowFunctionExpression":{"enter":[null]},"_exploded":true,"_verified":true},"options":{},"externalDependencies":[]},{"key":"transform-block-scoped-functions","visitor":{"BlockStatement":{"enter":[null]},"SwitchCase":{"enter":[null]},"_exploded":true,"_verified":true},"options":{},"externalDependencies":[]},{"key":"transform-block-scoping","visitor":{"VariableDeclaration":{"enter":[null,null]},"BlockStatement":{"enter":[null]},"SwitchCase":{"enter":[null]},"ClassDeclaration":{"enter":[null]},"DoWhileStatement":{"enter":[null]},"ForInStatement":{"enter":[null]},"ForStatement":{"enter":[null]},"WhileStatement":{"enter":[null]},"ForOfStatement":{"enter":[null]},"_exploded":true,"_verified":true},"options":{},"externalDependencies":[]},{"key":"transform-classes","visitor":{"ExportDefaultDeclaration":{"enter":[null]},"ClassDeclaration":{"enter":[null]},"ClassExpression":{"enter":[null]},"_exploded":true,"_verified":true},"options":{"loose":true},"externalDependencies":[]},{"key":"transform-computed-properties","visitor":{"ObjectExpression":{"exit":[null]},"_exploded":true,"_verified":true},"options":{"loose":true},"externalDependencies":[]},{"key":"transform-destructuring","visitor":{"ExportNamedDeclaration":{"enter":[null]},"CatchClause":{"enter":[null]},"AssignmentExpression":{"enter":[null]},"VariableDeclaration":{"enter":[null]},"_exploded":true,"_verified":true,"ForInStatement":{"enter":[null]},"ForOfStatement":{"enter":[null]}},"options":{},"externalDependencies":[]},{"key":"transform-for-of","visitor":{"ForOfStatement":{"enter":[null]},"_exploded":true,"_verified":true},"options":{"loose":true},"externalDependencies":[]},{"key":"transform-literals","visitor":{"NumericLiteral":{"enter":[null]},"StringLiteral":{"enter":[null]},"_exploded":true,"_verified":true},"options":{},"externalDependencies":[]},{"key":"transform-object-super","visitor":{"ObjectExpression":{"enter":[null]},"_exploded":true,"_verified":true,"DoWhileStatement":{"exit":[null]},"ForInStatement":{"exit":[null]},"ForStatement":{"exit":[null]},"WhileStatement":{"exit":[null]},"ForOfStatement":{"exit":[null]}},"options":{},"externalDependencies":[]},{"key":"transform-parameters","visitor":{"_exploded":true,"_verified":true,"FunctionDeclaration":{"enter":[null]},"FunctionExpression":{"enter":[null]},"ObjectMethod":{"enter":[null]},"ArrowFunctionExpression":{"enter":[null]},"ClassMethod":{"enter":[null]},"ClassPrivateMethod":{"enter":[null]}},"options":{},"externalDependencies":[]},{"key":"transform-shorthand-properties","visitor":{"ObjectMethod":{"enter":[null]},"ObjectProperty":{"enter":[null]},"_exploded":true,"_verified":true},"options":{},"externalDependencies":[]},{"key":"transform-spread","visitor":{"ArrayExpression":{"enter":[null]},"CallExpression":{"enter":[null]},"NewExpression":{"enter":[null]},"_exploded":true,"_verified":true},"options":{},"externalDependencies":[]},{"key":"transform-sticky-regex","visitor":{"RegExpLiteral":{"enter":[null]},"_exploded":true,"_verified":true},"options":{},"externalDependencies":[]},{"key":"transform-template-literals","visitor":{"TaggedTemplateExpression":{"enter":[null]},"TemplateLiteral":{"enter":[null]},"_exploded":true,"_verified":true},"options":{"loose":true},"externalDependencies":[]},{"key":"transform-typeof-symbol","visitor":{"UnaryExpression":{"enter":[null]},"_exploded":true,"_verified":true,"BlockStatement":{"enter":[null]},"CatchClause":{"enter":[null]},"DoWhileStatement":{"enter":[null]},"ForInStatement":{"enter":[null]},"ForStatement":{"enter":[null]},"FunctionDeclaration":{"enter":[null]},"FunctionExpression":{"enter":[null]},"Program":{"enter":[null]},"ObjectMethod":{"enter":[null]},"SwitchStatement":{"enter":[null]},"WhileStatement":{"enter":[null]},"ArrowFunctionExpression":{"enter":[null]},"ClassExpression":{"enter":[null]},"ClassDeclaration":{"enter":[null]},"ForOfStatement":{"enter":[null]},"ClassMethod":{"enter":[null]},"ClassPrivateMethod":{"enter":[null]},"StaticBlock":{"enter":[null]},"TSModuleBlock":{"enter":[null]},"AssignmentPattern":{"enter":[null]},"ArrayPattern":{"enter":[null]},"ObjectPattern":{"enter":[null]}},"options":{},"externalDependencies":[]},{"key":"transform-unicode-regex","visitor":{"RegExpLiteral":{"enter":[null]},"_exploded":true,"_verified":true},"options":{},"externalDependencies":[]},{"key":"transform-property-literals","visitor":{"ObjectProperty":{"exit":[null]},"_exploded":true,"_verified":true},"options":{},"externalDependencies":[]},{"key":"transform-exponentiation-operator","visitor":{"AssignmentExpression":{"enter":[null]},"BinaryExpression":{"enter":[null]},"_exploded":true,"_verified":true},"options":{},"externalDependencies":[]},{"key":"transform-regenerator","visitor":{"ObjectMethod":{"enter":[null],"exit":[null]},"ClassMethod":{"enter":[null],"exit":[null]},"ClassPrivateMethod":{"enter":[null],"exit":[null]},"FunctionDeclaration":{"exit":[null]},"FunctionExpression":{"exit":[null]},"ArrowFunctionExpression":{"exit":[null]},"MemberExpression":{"enter":[null]},"_exploded":true,"_verified":true},"options":{},"externalDependencies":[]}],"presets":[],"generatorOpts":{"filename":"D:\\loan_app\\loan-management\\imports\\ui\\Info.jsx","comments":true,"compact":false,"sourceMaps":true,"sourceFileName":"imports/ui/Info.jsx","inputSourceMap":{"version":3,"names":["React","Component","withTracker","Links","Info","render","links","props","map","link","makeLink","_id","url","title","InfoContainer","find","fetch"],"sources":["imports/ui/Info.jsx"],"sourcesContent":["import React, { Component } from 'react';\nimport { withTracker } from 'meteor/react-meteor-data';\nimport Links from '../api/links';\n\nclass Info extends Component {\n  render() {\n    const links = this.props.links.map(\n      link => this.makeLink(link)\n    );\n\n    return (\n      <div>\n        <h2>Learn Meteor!</h2>\n        <ul>{ links }</ul>\n      </div>\n    );\n  }\n\n  makeLink(link) {\n    return (\n      <li key={link._id}>\n        <a href={link.url} target=\"_blank\">{link.title}</a>\n      </li>\n    );\n  }\n}\n\nexport default InfoContainer = withTracker(() => {\n  return {\n    links: Links.find().fetch(),\n  };\n})(Info);"],"mappings":";AAAA,OAAOA,KAAK,IAAIC,SAAS,QAAQ,OAAO;AACxC,SAASC,WAAW,QAAQ,0BAA0B;AACtD,OAAOC,KAAK,MAAM,cAAc;AAEhC,MAAMC,IAAI,SAASH,SAAS,CAAC;EAC3BI,MAAMA,CAAA,EAAG;IACP,MAAMC,KAAK,GAAG,IAAI,CAACC,KAAK,CAACD,KAAK,CAACE,GAAG,CAChCC,IAAI,IAAI,IAAI,CAACC,QAAQ,CAACD,IAAI,CAC5B,CAAC;IAED,OACE,CAAC,GAAG;AACV,QAAQ,CAAC,EAAE,CAAC,aAAa,EAAE,EAAE;AAC7B,QAAQ,CAAC,EAAE,CAAC,CAAEH,KAAK,CAAE,EAAE,EAAE;AACzB,MAAM,EAAE,GAAG,CAAC;EAEV;EAEAI,QAAQA,CAACD,IAAI,EAAE;IACb,OACE,CAAC,EAAE,CAAC,GAAG,CAAC,CAACA,IAAI,CAACE,GAAG,CAAC;AACxB,QAAQ,CAAC,CAAC,CAAC,IAAI,CAAC,CAACF,IAAI,CAACG,GAAG,CAAC,CAAC,MAAM,CAAC,QAAQ,CAAC,CAACH,IAAI,CAACI,KAAK,CAAC,EAAE,CAAC;AAC1D,MAAM,EAAE,EAAE,CAAC;EAET;AACF;AAEA,eAAeC,aAAa,GAAGZ,WAAW,CAAC,MAAM;EAC/C,OAAO;IACLI,KAAK,EAAEH,KAAK,CAACY,IAAI,CAAC,CAAC,CAACC,KAAK,CAAC;EAC5B,CAAC;AACH,CAAC,CAAC,CAACZ,IAAI,CAAC"}}},"code":"!function (module1) {\n  var _inheritsLoose;\n  module1.link(\"@babel/runtime/helpers/inheritsLoose\", {\n    default: function (v) {\n      _inheritsLoose = v;\n    }\n  }, 0);\n  var React, Component;\n  module1.link(\"react\", {\n    \"default\": function (v) {\n      React = v;\n    },\n    Component: function (v) {\n      Component = v;\n    }\n  }, 0);\n  var withTracker;\n  module1.link(\"meteor/react-meteor-data\", {\n    withTracker: function (v) {\n      withTracker = v;\n    }\n  }, 1);\n  var Links;\n  module1.link(\"../api/links\", {\n    \"default\": function (v) {\n      Links = v;\n    }\n  }, 2);\n  ___INIT_METEOR_FAST_REFRESH(module);\n  var Info = /*#__PURE__*/function (_Component) {\n    _inheritsLoose(Info, _Component);\n    function Info() {\n      return _Component.apply(this, arguments) || this;\n    }\n    var _proto = Info.prototype;\n    _proto.render = function () {\n      function render() {\n        var _this = this;\n        var links = this.props.links.map(function (link) {\n          return _this.makeLink(link);\n        });\n        return /*#__PURE__*/React.createElement(\"div\", null, /*#__PURE__*/React.createElement(\"h2\", null, \"Learn Meteor!\"), /*#__PURE__*/React.createElement(\"ul\", null, links));\n      }\n      return render;\n    }();\n    _proto.makeLink = function () {\n      function makeLink(link) {\n        return /*#__PURE__*/React.createElement(\"li\", {\n          key: link._id\n        }, /*#__PURE__*/React.createElement(\"a\", {\n          href: link.url,\n          target: \"_blank\"\n        }, link.title));\n      }\n      return makeLink;\n    }();\n    return Info;\n  }(Component);\n  module1.exportDefault(InfoContainer = withTracker(function () {\n    return {\n      links: Links.find().fetch()\n    };\n  })(Info));\n}.call(this, module);","map":{"version":3,"names":["Info","_Component","_inheritsLoose","apply","arguments","_proto","prototype","render","_this","links","props","map","link","makeLink","React","createElement","key","_id","href","url","target","title","Component","InfoContainer","withTracker","Links","find","fetch"],"sources":["imports/ui/Info.jsx"],"sourcesContent":["import React, { Component } from 'react';\nimport { withTracker } from 'meteor/react-meteor-data';\nimport Links from '../api/links';\n\nclass Info extends Component {\n  render() {\n    const links = this.props.links.map(\n      link => this.makeLink(link)\n    );\n\n    return (\n      <div>\n        <h2>Learn Meteor!</h2>\n        <ul>{ links }</ul>\n      </div>\n    );\n  }\n\n  makeLink(link) {\n    return (\n      <li key={link._id}>\n        <a href={link.url} target=\"_blank\">{link.title}</a>\n      </li>\n    );\n  }\n}\n\nexport default InfoContainer = withTracker(() => {\n  return {\n    links: Links.find().fetch(),\n  };\n})(Info);"],"mappings":";;;;;;;;;;;;;;;;;;;;;;;;;;;;;MAIMA,IAAI,0BAAAC,UAAA;IAAAC,cAAA,CAAAF,IAAA,EAAAC,UAAA;IAAA,SAAAD,KAAA;MAAA,OAAAC,UAAA,CAAAE,KAAA,OAAAC,SAAA;IAAA;IAAA,IAAAC,MAAA,GAAAL,IAAA,CAAAM,SAAA;IAAAD,MAAA,CACRE,MAAM;MAAN,SAAAA,OAAA,EAAS;QAAA,IAAAC,KAAA;QACP,IAAMC,KAAK,GAAG,IAAI,CAACC,KAAK,CAACD,KAAK,CAACE,GAAG,CAChC,UAAAC,IAAI;UAAA,OAAIJ,KAAI,CAACK,QAAQ,CAACD,IAAI,CAC5B;QAAA,EAAC;QAED,oBACEE,KAAA,CAAAC,aAAA,2BACED,KAAA,CAAAC,aAAA,aAAI,eAAiB,gBACrBD,KAAA,CAAAC,aAAA,aAAMN,KAAW,CACd,CAAC;MAEV;MAAA,OAAAF,MAAA;IAAA;IAAAF,MAAA,CAEAQ,QAAQ;MAAR,SAAAA,SAASD,IAAI,EAAE;QACb,oBACEE,KAAA,CAAAC,aAAA;UAAIC,GAAG,EAAEJ,IAAI,CAACK;QAAI,gBAChBH,KAAA,CAAAC,aAAA;UAAGG,IAAI,EAAEN,IAAI,CAACO,GAAI;UAACC,MAAM,EAAC;QAAQ,GAAER,IAAI,CAACS,KAAS,CAChD,CAAC;MAET;MAAA,OAAAR,QAAA;IAAA;IAAA,OAAAb,IAAA;EAAA,EApBiBsB,SAAS;wBAuBbC,aAAa,GAAGC,WAAW,CAAC,YAAM;IAC/C,OAAO;MACLf,KAAK,EAAEgB,KAAK,CAACC,IAAI,CAAC,CAAC,CAACC,KAAK,CAAC;IAC5B,CAAC;EACH,CAAC,CAAC,CAAC3B,IAAI,C"},"sourceType":"module","externalDependencies":{},"hash":"b010d4cbb30455b1747cc815b617c0557d33f0e6"}
