{"metadata":{},"options":{"assumptions":{},"compact":false,"sourceMaps":true,"ast":true,"babelrc":false,"configFile":false,"parserOpts":{"sourceType":"module","sourceFileName":"D:\\loan_app\\loan-management\\packages\\minimongo\\cursor.js","plugins":["*","flow","jsx","asyncGenerators","bigInt","classPrivateMethods","classPrivateProperties","classProperties","doExpressions","dynamicImport","exportDefaultFrom","exportExtensions","exportNamespaceFrom","functionBind","functionSent","importMeta","nullishCoalescingOperator","numericSeparator","objectRestSpread","optionalCatchBinding","optionalChaining",["pipelineOperator",{"proposal":"minimal"}],"throwExpressions","objectRestSpread","objectRestSpread","asyncGenerators","classProperties","classPrivateProperties","jsx","nullishCoalescingOperator","nullishCoalescingOperator","optionalChaining","optionalChaining","optionalCatchBinding","optionalCatchBinding","classProperties","classPrivateProperties","classPrivateMethods","classProperties","classPrivateProperties","asyncGenerators","asyncGenerators","objectRestSpread","objectRestSpread","logicalAssignment"],"allowImportExportEverywhere":true,"allowReturnOutsideFunction":true,"allowUndeclaredExports":true,"strictMode":false},"caller":{"name":"meteor","arch":"os.windows.x86_64"},"sourceFileName":"packages/minimongo/cursor.js","filename":"D:\\loan_app\\loan-management\\packages\\minimongo\\cursor.js","targets":{},"cloneInputAst":true,"browserslistConfigFile":false,"passPerPreset":false,"envName":"development","cwd":"D:\\loan_app\\loan-management","root":"D:\\loan_app\\loan-management","rootMode":"root","plugins":[{"key":"base$0","visitor":{"_exploded":true,"_verified":true},"options":{},"externalDependencies":[]},{"key":"base$0$0","visitor":{"Program":{"enter":[null],"exit":[null]},"_exploded":true,"_verified":true},"options":{"avoidModernSyntax":false,"enforceStrictMode":false,"dynamicImport":true,"generateLetDeclarations":true},"externalDependencies":[]},{"key":"transform-runtime","visitor":{"MemberExpression":{"enter":[null]},"ObjectPattern":{"enter":[null]},"BinaryExpression":{"enter":[null]},"Identifier":{"enter":[null]},"JSXIdentifier":{"enter":[null]},"_exploded":true,"_verified":true},"options":{"version":"7.17.2","helpers":true,"useESModules":false,"corejs":false},"externalDependencies":[]},{"key":"syntax-object-rest-spread","visitor":{"_exploded":true,"_verified":true},"options":{},"externalDependencies":[]},{"key":"proposal-object-rest-spread","visitor":{"VariableDeclarator":{"enter":[null]},"ExportNamedDeclaration":{"enter":[null]},"CatchClause":{"enter":[null]},"AssignmentExpression":{"enter":[null]},"ArrayPattern":{"enter":[null]},"ObjectExpression":{"enter":[null]},"FunctionDeclaration":{"enter":[null]},"FunctionExpression":{"enter":[null]},"ObjectMethod":{"enter":[null]},"ArrowFunctionExpression":{"enter":[null]},"ClassMethod":{"enter":[null]},"ClassPrivateMethod":{"enter":[null]},"ForInStatement":{"enter":[null]},"ForOfStatement":{"enter":[null]},"_exploded":true,"_verified":true},"options":{},"externalDependencies":[]},{"key":"transform-meteor-async-await","visitor":{"AwaitExpression":{"enter":[null]},"_exploded":true,"_verified":true,"FunctionDeclaration":{"exit":[null]},"FunctionExpression":{"exit":[null]},"ObjectMethod":{"exit":[null]},"ArrowFunctionExpression":{"exit":[null]},"ClassMethod":{"exit":[null]},"ClassPrivateMethod":{"exit":[null]}},"options":{"useNativeAsyncAwait":false},"externalDependencies":[]},{"key":"proposal-async-generator-functions","visitor":{"Program":{"enter":[null]},"_exploded":true,"_verified":true},"options":{},"externalDependencies":[]},{"key":"proposal-class-properties","visitor":{"ExportDefaultDeclaration":{"enter":[null]},"_exploded":true,"_verified":true,"ClassExpression":{"enter":[null]},"ClassDeclaration":{"enter":[null]}},"options":{"loose":true},"externalDependencies":[]},{"key":"transform-react-jsx","visitor":{"JSXNamespacedName":{"enter":[null]},"JSXSpreadChild":{"enter":[null]},"Program":{"enter":[null]},"JSXFragment":{"exit":[null]},"JSXElement":{"exit":[null]},"JSXAttribute":{"enter":[null]},"_exploded":true,"_verified":true},"options":{"pragma":"React.createElement","pragmaFrag":"React.Fragment","runtime":"classic","throwIfNamespace":true,"useBuiltIns":false},"externalDependencies":[]},{"key":"transform-react-display-name","visitor":{"ExportDefaultDeclaration":{"enter":[null]},"CallExpression":{"enter":[null]},"_exploded":true,"_verified":true},"options":{},"externalDependencies":[]},{"key":"transform-react-pure-annotations","visitor":{"CallExpression":{"enter":[null]},"_exploded":true,"_verified":true},"options":{},"externalDependencies":[]},{"key":"syntax-nullish-coalescing-operator","visitor":{"_exploded":true,"_verified":true},"options":{},"externalDependencies":[]},{"key":"proposal-nullish-coalescing-operator","visitor":{"LogicalExpression":{"enter":[null]},"_exploded":true,"_verified":true},"options":{},"externalDependencies":[]},{"key":"syntax-optional-chaining","visitor":{"_exploded":true,"_verified":true},"options":{},"externalDependencies":[]},{"key":"proposal-optional-chaining","visitor":{"OptionalCallExpression":{"enter":[null]},"OptionalMemberExpression":{"enter":[null]},"_exploded":true,"_verified":true},"options":{},"externalDependencies":[]},{"key":"syntax-optional-catch-binding","visitor":{"_exploded":true,"_verified":true},"options":{},"externalDependencies":[]},{"key":"proposal-optional-catch-binding","visitor":{"CatchClause":{"enter":[null]},"_exploded":true,"_verified":true},"options":{},"externalDependencies":[]},{"key":"syntax-class-properties","visitor":{"_exploded":true,"_verified":true},"options":{},"externalDependencies":[]},{"key":"proposal-class-properties","visitor":{"ExportDefaultDeclaration":{"enter":[null]},"_exploded":true,"_verified":true,"ClassExpression":{"enter":[null]},"ClassDeclaration":{"enter":[null]}},"options":{},"externalDependencies":[]},{"key":"syntax-async-generators","visitor":{"_exploded":true,"_verified":true},"options":{},"externalDependencies":[]},{"key":"proposal-async-generator-functions","visitor":{"Program":{"enter":[null]},"_exploded":true,"_verified":true},"options":{},"externalDependencies":[]},{"key":"syntax-object-rest-spread","visitor":{"_exploded":true,"_verified":true},"options":{},"externalDependencies":[]},{"key":"proposal-object-rest-spread","visitor":{"VariableDeclarator":{"enter":[null]},"ExportNamedDeclaration":{"enter":[null]},"CatchClause":{"enter":[null]},"AssignmentExpression":{"enter":[null]},"ArrayPattern":{"enter":[null]},"ObjectExpression":{"enter":[null]},"FunctionDeclaration":{"enter":[null]},"FunctionExpression":{"enter":[null]},"ObjectMethod":{"enter":[null]},"ArrowFunctionExpression":{"enter":[null]},"ClassMethod":{"enter":[null]},"ClassPrivateMethod":{"enter":[null]},"ForInStatement":{"enter":[null]},"ForOfStatement":{"enter":[null]},"_exploded":true,"_verified":true},"options":{},"externalDependencies":[]},{"key":"proposal-logical-assignment-operators","visitor":{"AssignmentExpression":{"enter":[null]},"_exploded":true,"_verified":true},"options":{},"externalDependencies":[]},{"key":"transform-literals","visitor":{"NumericLiteral":{"enter":[null]},"StringLiteral":{"enter":[null]},"_exploded":true,"_verified":true},"options":{},"externalDependencies":[]},{"key":"transform-template-literals","visitor":{"TaggedTemplateExpression":{"enter":[null]},"TemplateLiteral":{"enter":[null]},"_exploded":true,"_verified":true},"options":{},"externalDependencies":[]},{"key":"transform-parameters","visitor":{"_exploded":true,"_verified":true,"FunctionDeclaration":{"enter":[null]},"FunctionExpression":{"enter":[null]},"ObjectMethod":{"enter":[null]},"ArrowFunctionExpression":{"enter":[null]},"ClassMethod":{"enter":[null]},"ClassPrivateMethod":{"enter":[null]}},"options":{},"externalDependencies":[]},{"key":"transform-exponentiation-operator","visitor":{"AssignmentExpression":{"enter":[null]},"BinaryExpression":{"enter":[null]},"_exploded":true,"_verified":true},"options":{},"externalDependencies":[]}],"presets":[],"generatorOpts":{"filename":"D:\\loan_app\\loan-management\\packages\\minimongo\\cursor.js","comments":true,"compact":false,"sourceMaps":true,"sourceFileName":"packages/minimongo/cursor.js"}},"code":"module.export({\n  default: () => Cursor\n});\nlet LocalCollection;\nmodule.link(\"./local_collection.js\", {\n  default(v) {\n    LocalCollection = v;\n  }\n}, 0);\nlet hasOwn;\nmodule.link(\"./common.js\", {\n  hasOwn(v) {\n    hasOwn = v;\n  }\n}, 1);\nlet ASYNC_CURSOR_METHODS, getAsyncMethodName;\nmodule.link(\"./constants\", {\n  ASYNC_CURSOR_METHODS(v) {\n    ASYNC_CURSOR_METHODS = v;\n  },\n  getAsyncMethodName(v) {\n    getAsyncMethodName = v;\n  }\n}, 2);\nclass Cursor {\n  // don't call this ctor directly.  use LocalCollection.find().\n  constructor(collection, selector) {\n    let options = arguments.length > 2 && arguments[2] !== undefined ? arguments[2] : {};\n    this.collection = collection;\n    this.sorter = null;\n    this.matcher = new Minimongo.Matcher(selector);\n    if (LocalCollection._selectorIsIdPerhapsAsObject(selector)) {\n      // stash for fast _id and { _id }\n      this._selectorId = hasOwn.call(selector, '_id') ? selector._id : selector;\n    } else {\n      this._selectorId = undefined;\n      if (this.matcher.hasGeoQuery() || options.sort) {\n        this.sorter = new Minimongo.Sorter(options.sort || []);\n      }\n    }\n    this.skip = options.skip || 0;\n    this.limit = options.limit;\n    this.fields = options.projection || options.fields;\n    this._projectionFn = LocalCollection._compileProjection(this.fields || {});\n    this._transform = LocalCollection.wrapTransform(options.transform);\n\n    // by default, queries register w/ Tracker when it is available.\n    if (typeof Tracker !== 'undefined') {\n      this.reactive = options.reactive === undefined ? true : options.reactive;\n    }\n  }\n\n  /**\n   * @deprecated in 2.9\n   * @summary Returns the number of documents that match a query. This method is\n   *          [deprecated since MongoDB 4.0](https://www.mongodb.com/docs/v4.4/reference/command/count/);\n   *          see `Collection.countDocuments` and\n   *          `Collection.estimatedDocumentCount` for a replacement.\n   * @memberOf Mongo.Cursor\n   * @method  count\n   * @instance\n   * @locus Anywhere\n   * @returns {Number}\n   */\n  count() {\n    if (this.reactive) {\n      // allow the observe to be unordered\n      this._depend({\n        added: true,\n        removed: true\n      }, true);\n    }\n    return this._getRawObjects({\n      ordered: true\n    }).length;\n  }\n\n  /**\n   * @summary Return all matching documents as an Array.\n   * @memberOf Mongo.Cursor\n   * @method  fetch\n   * @instance\n   * @locus Anywhere\n   * @returns {Object[]}\n   */\n  fetch() {\n    const result = [];\n    this.forEach(doc => {\n      result.push(doc);\n    });\n    return result;\n  }\n  [Symbol.iterator]() {\n    if (this.reactive) {\n      this._depend({\n        addedBefore: true,\n        removed: true,\n        changed: true,\n        movedBefore: true\n      });\n    }\n    let index = 0;\n    const objects = this._getRawObjects({\n      ordered: true\n    });\n    return {\n      next: () => {\n        if (index < objects.length) {\n          // This doubles as a clone operation.\n          let element = this._projectionFn(objects[index++]);\n          if (this._transform) element = this._transform(element);\n          return {\n            value: element\n          };\n        }\n        return {\n          done: true\n        };\n      }\n    };\n  }\n  [Symbol.asyncIterator]() {\n    const syncResult = this[Symbol.iterator]();\n    return {\n      next() {\n        return Promise.asyncApply(() => {\n          return Promise.resolve(syncResult.next());\n        });\n      }\n    };\n  }\n\n  /**\n   * @callback IterationCallback\n   * @param {Object} doc\n   * @param {Number} index\n   */\n  /**\n   * @summary Call `callback` once for each matching document, sequentially and\n   *          synchronously.\n   * @locus Anywhere\n   * @method  forEach\n   * @instance\n   * @memberOf Mongo.Cursor\n   * @param {IterationCallback} callback Function to call. It will be called\n   *                                     with three arguments: the document, a\n   *                                     0-based index, and <em>cursor</em>\n   *                                     itself.\n   * @param {Any} [thisArg] An object which will be the value of `this` inside\n   *                        `callback`.\n   */\n  forEach(callback, thisArg) {\n    if (this.reactive) {\n      this._depend({\n        addedBefore: true,\n        removed: true,\n        changed: true,\n        movedBefore: true\n      });\n    }\n    this._getRawObjects({\n      ordered: true\n    }).forEach((element, i) => {\n      // This doubles as a clone operation.\n      element = this._projectionFn(element);\n      if (this._transform) {\n        element = this._transform(element);\n      }\n      callback.call(thisArg, element, i, this);\n    });\n  }\n  getTransform() {\n    return this._transform;\n  }\n\n  /**\n   * @summary Map callback over all matching documents.  Returns an Array.\n   * @locus Anywhere\n   * @method map\n   * @instance\n   * @memberOf Mongo.Cursor\n   * @param {IterationCallback} callback Function to call. It will be called\n   *                                     with three arguments: the document, a\n   *                                     0-based index, and <em>cursor</em>\n   *                                     itself.\n   * @param {Any} [thisArg] An object which will be the value of `this` inside\n   *                        `callback`.\n   */\n  map(callback, thisArg) {\n    const result = [];\n    this.forEach((doc, i) => {\n      result.push(callback.call(thisArg, doc, i, this));\n    });\n    return result;\n  }\n\n  // options to contain:\n  //  * callbacks for observe():\n  //    - addedAt (document, atIndex)\n  //    - added (document)\n  //    - changedAt (newDocument, oldDocument, atIndex)\n  //    - changed (newDocument, oldDocument)\n  //    - removedAt (document, atIndex)\n  //    - removed (document)\n  //    - movedTo (document, oldIndex, newIndex)\n  //\n  // attributes available on returned query handle:\n  //  * stop(): end updates\n  //  * collection: the collection this query is querying\n  //\n  // iff x is a returned query handle, (x instanceof\n  // LocalCollection.ObserveHandle) is true\n  //\n  // initial results delivered through added callback\n  // XXX maybe callbacks should take a list of objects, to expose transactions?\n  // XXX maybe support field limiting (to limit what you're notified on)\n\n  /**\n   * @summary Watch a query.  Receive callbacks as the result set changes.\n   * @locus Anywhere\n   * @memberOf Mongo.Cursor\n   * @instance\n   * @param {Object} callbacks Functions to call to deliver the result set as it\n   *                           changes\n   */\n  observe(options) {\n    return LocalCollection._observeFromObserveChanges(this, options);\n  }\n\n  /**\n   * @summary Watch a query. Receive callbacks as the result set changes. Only\n   *          the differences between the old and new documents are passed to\n   *          the callbacks.\n   * @locus Anywhere\n   * @memberOf Mongo.Cursor\n   * @instance\n   * @param {Object} callbacks Functions to call to deliver the result set as it\n   *                           changes\n   */\n  observeChanges(options) {\n    const ordered = LocalCollection._observeChangesCallbacksAreOrdered(options);\n\n    // there are several places that assume you aren't combining skip/limit with\n    // unordered observe.  eg, update's EJSON.clone, and the \"there are several\"\n    // comment in _modifyAndNotify\n    // XXX allow skip/limit with unordered observe\n    if (!options._allow_unordered && !ordered && (this.skip || this.limit)) {\n      throw new Error(\"Must use an ordered observe with skip or limit (i.e. 'addedBefore' \" + \"for observeChanges or 'addedAt' for observe, instead of 'added').\");\n    }\n    if (this.fields && (this.fields._id === 0 || this.fields._id === false)) {\n      throw Error('You may not observe a cursor with {fields: {_id: 0}}');\n    }\n    const distances = this.matcher.hasGeoQuery() && ordered && new LocalCollection._IdMap();\n    const query = {\n      cursor: this,\n      dirty: false,\n      distances,\n      matcher: this.matcher,\n      // not fast pathed\n      ordered,\n      projectionFn: this._projectionFn,\n      resultsSnapshot: null,\n      sorter: ordered && this.sorter\n    };\n    let qid;\n\n    // Non-reactive queries call added[Before] and then never call anything\n    // else.\n    if (this.reactive) {\n      qid = this.collection.next_qid++;\n      this.collection.queries[qid] = query;\n    }\n    query.results = this._getRawObjects({\n      ordered,\n      distances: query.distances\n    });\n    if (this.collection.paused) {\n      query.resultsSnapshot = ordered ? [] : new LocalCollection._IdMap();\n    }\n\n    // wrap callbacks we were passed. callbacks only fire when not paused and\n    // are never undefined\n    // Filters out blacklisted fields according to cursor's projection.\n    // XXX wrong place for this?\n\n    // furthermore, callbacks enqueue until the operation we're working on is\n    // done.\n    const wrapCallback = fn => {\n      if (!fn) {\n        return () => {};\n      }\n      const self = this;\n      return function /* args*/\n      () {\n        if (self.collection.paused) {\n          return;\n        }\n        const args = arguments;\n        self.collection._observeQueue.queueTask(() => {\n          fn.apply(this, args);\n        });\n      };\n    };\n    query.added = wrapCallback(options.added);\n    query.changed = wrapCallback(options.changed);\n    query.removed = wrapCallback(options.removed);\n    if (ordered) {\n      query.addedBefore = wrapCallback(options.addedBefore);\n      query.movedBefore = wrapCallback(options.movedBefore);\n    }\n    if (!options._suppress_initial && !this.collection.paused) {\n      query.results.forEach(doc => {\n        const fields = EJSON.clone(doc);\n        delete fields._id;\n        if (ordered) {\n          query.addedBefore(doc._id, this._projectionFn(fields), null);\n        }\n        query.added(doc._id, this._projectionFn(fields));\n      });\n    }\n    const handle = Object.assign(new LocalCollection.ObserveHandle(), {\n      collection: this.collection,\n      stop: () => {\n        if (this.reactive) {\n          delete this.collection.queries[qid];\n        }\n      }\n    });\n    if (this.reactive && Tracker.active) {\n      // XXX in many cases, the same observe will be recreated when\n      // the current autorun is rerun.  we could save work by\n      // letting it linger across rerun and potentially get\n      // repurposed if the same observe is performed, using logic\n      // similar to that of Meteor.subscribe.\n      Tracker.onInvalidate(() => {\n        handle.stop();\n      });\n    }\n\n    // run the observe callbacks resulting from the initial contents\n    // before we leave the observe.\n    this.collection._observeQueue.drain();\n    return handle;\n  }\n\n  // XXX Maybe we need a version of observe that just calls a callback if\n  // anything changed.\n  _depend(changers, _allow_unordered) {\n    if (Tracker.active) {\n      const dependency = new Tracker.Dependency();\n      const notify = dependency.changed.bind(dependency);\n      dependency.depend();\n      const options = {\n        _allow_unordered,\n        _suppress_initial: true\n      };\n      ['added', 'addedBefore', 'changed', 'movedBefore', 'removed'].forEach(fn => {\n        if (changers[fn]) {\n          options[fn] = notify;\n        }\n      });\n\n      // observeChanges will stop() when this computation is invalidated\n      this.observeChanges(options);\n    }\n  }\n  _getCollectionName() {\n    return this.collection.name;\n  }\n\n  // Returns a collection of matching objects, but doesn't deep copy them.\n  //\n  // If ordered is set, returns a sorted array, respecting sorter, skip, and\n  // limit properties of the query provided that options.applySkipLimit is\n  // not set to false (#1201). If sorter is falsey, no sort -- you get the\n  // natural order.\n  //\n  // If ordered is not set, returns an object mapping from ID to doc (sorter,\n  // skip and limit should not be set).\n  //\n  // If ordered is set and this cursor is a $near geoquery, then this function\n  // will use an _IdMap to track each distance from the $near argument point in\n  // order to use it as a sort key. If an _IdMap is passed in the 'distances'\n  // argument, this function will clear it and use it for this purpose\n  // (otherwise it will just create its own _IdMap). The observeChanges\n  // implementation uses this to remember the distances after this function\n  // returns.\n  _getRawObjects() {\n    let options = arguments.length > 0 && arguments[0] !== undefined ? arguments[0] : {};\n    // By default this method will respect skip and limit because .fetch(),\n    // .forEach() etc... expect this behaviour. It can be forced to ignore\n    // skip and limit by setting applySkipLimit to false (.count() does this,\n    // for example)\n    const applySkipLimit = options.applySkipLimit !== false;\n\n    // XXX use OrderedDict instead of array, and make IdMap and OrderedDict\n    // compatible\n    const results = options.ordered ? [] : new LocalCollection._IdMap();\n\n    // fast path for single ID value\n    if (this._selectorId !== undefined) {\n      // If you have non-zero skip and ask for a single id, you get nothing.\n      // This is so it matches the behavior of the '{_id: foo}' path.\n      if (applySkipLimit && this.skip) {\n        return results;\n      }\n      const selectedDoc = this.collection._docs.get(this._selectorId);\n      if (selectedDoc) {\n        if (options.ordered) {\n          results.push(selectedDoc);\n        } else {\n          results.set(this._selectorId, selectedDoc);\n        }\n      }\n      return results;\n    }\n\n    // slow path for arbitrary selector, sort, skip, limit\n\n    // in the observeChanges case, distances is actually part of the \"query\"\n    // (ie, live results set) object.  in other cases, distances is only used\n    // inside this function.\n    let distances;\n    if (this.matcher.hasGeoQuery() && options.ordered) {\n      if (options.distances) {\n        distances = options.distances;\n        distances.clear();\n      } else {\n        distances = new LocalCollection._IdMap();\n      }\n    }\n    this.collection._docs.forEach((doc, id) => {\n      const matchResult = this.matcher.documentMatches(doc);\n      if (matchResult.result) {\n        if (options.ordered) {\n          results.push(doc);\n          if (distances && matchResult.distance !== undefined) {\n            distances.set(id, matchResult.distance);\n          }\n        } else {\n          results.set(id, doc);\n        }\n      }\n\n      // Override to ensure all docs are matched if ignoring skip & limit\n      if (!applySkipLimit) {\n        return true;\n      }\n\n      // Fast path for limited unsorted queries.\n      // XXX 'length' check here seems wrong for ordered\n      return !this.limit || this.skip || this.sorter || results.length !== this.limit;\n    });\n    if (!options.ordered) {\n      return results;\n    }\n    if (this.sorter) {\n      results.sort(this.sorter.getComparator({\n        distances\n      }));\n    }\n\n    // Return the full set of results if there is no skip or limit or if we're\n    // ignoring them\n    if (!applySkipLimit || !this.limit && !this.skip) {\n      return results;\n    }\n    return results.slice(this.skip, this.limit ? this.limit + this.skip : results.length);\n  }\n  _publishCursor(subscription) {\n    // XXX minimongo should not depend on mongo-livedata!\n    if (!Package.mongo) {\n      throw new Error('Can\\'t publish from Minimongo without the `mongo` package.');\n    }\n    if (!this.collection.name) {\n      throw new Error('Can\\'t publish a cursor from a collection without a name.');\n    }\n    return Package.mongo.Mongo.Collection._publishCursor(this, subscription, this.collection.name);\n  }\n}\n// Implements async version of cursor methods to keep collections isomorphic\nASYNC_CURSOR_METHODS.forEach(method => {\n  const asyncName = getAsyncMethodName(method);\n  Cursor.prototype[asyncName] = function () {\n    try {\n      this[method].isCalledFromAsync = true;\n      for (var _len = arguments.length, args = new Array(_len), _key = 0; _key < _len; _key++) {\n        args[_key] = arguments[_key];\n      }\n      return Promise.resolve(this[method].apply(this, args));\n    } catch (error) {\n      return Promise.reject(error);\n    }\n  };\n});","map":{"version":3,"names":["module","export","default","Cursor","LocalCollection","link","v","hasOwn","ASYNC_CURSOR_METHODS","getAsyncMethodName","constructor","collection","selector","options","arguments","length","undefined","sorter","matcher","Minimongo","Matcher","_selectorIsIdPerhapsAsObject","_selectorId","call","_id","hasGeoQuery","sort","Sorter","skip","limit","fields","projection","_projectionFn","_compileProjection","_transform","wrapTransform","transform","Tracker","reactive","count","_depend","added","removed","_getRawObjects","ordered","fetch","result","forEach","doc","push","Symbol","iterator","addedBefore","changed","movedBefore","index","objects","next","element","value","done","asyncIterator","syncResult","Promise","asyncApply","resolve","callback","thisArg","i","getTransform","map","observe","_observeFromObserveChanges","observeChanges","_observeChangesCallbacksAreOrdered","_allow_unordered","Error","distances","_IdMap","query","cursor","dirty","projectionFn","resultsSnapshot","qid","next_qid","queries","results","paused","wrapCallback","fn","self","args","_observeQueue","queueTask","apply","_suppress_initial","EJSON","clone","handle","Object","assign","ObserveHandle","stop","active","onInvalidate","drain","changers","dependency","Dependency","notify","bind","depend","_getCollectionName","name","applySkipLimit","selectedDoc","_docs","get","set","clear","id","matchResult","documentMatches","distance","getComparator","slice","_publishCursor","subscription","Package","mongo","Mongo","Collection","method","asyncName","prototype","isCalledFromAsync","_len","Array","_key","error","reject"],"sources":["packages/minimongo/cursor.js"],"sourcesContent":["import LocalCollection from './local_collection.js';\nimport { hasOwn } from './common.js';\nimport { ASYNC_CURSOR_METHODS, getAsyncMethodName } from \"./constants\";\n\n// Cursor: a specification for a particular subset of documents, w/ a defined\n// order, limit, and offset.  creating a Cursor with LocalCollection.find(),\nexport default class Cursor {\n  // don't call this ctor directly.  use LocalCollection.find().\n  constructor(collection, selector, options = {}) {\n    this.collection = collection;\n    this.sorter = null;\n    this.matcher = new Minimongo.Matcher(selector);\n\n    if (LocalCollection._selectorIsIdPerhapsAsObject(selector)) {\n      // stash for fast _id and { _id }\n      this._selectorId = hasOwn.call(selector, '_id')\n        ? selector._id\n        : selector;\n    } else {\n      this._selectorId = undefined;\n\n      if (this.matcher.hasGeoQuery() || options.sort) {\n        this.sorter = new Minimongo.Sorter(options.sort || []);\n      }\n    }\n\n    this.skip = options.skip || 0;\n    this.limit = options.limit;\n    this.fields = options.projection || options.fields;\n\n    this._projectionFn = LocalCollection._compileProjection(this.fields || {});\n\n    this._transform = LocalCollection.wrapTransform(options.transform);\n\n    // by default, queries register w/ Tracker when it is available.\n    if (typeof Tracker !== 'undefined') {\n      this.reactive = options.reactive === undefined ? true : options.reactive;\n    }\n  }\n\n  /**\n   * @deprecated in 2.9\n   * @summary Returns the number of documents that match a query. This method is\n   *          [deprecated since MongoDB 4.0](https://www.mongodb.com/docs/v4.4/reference/command/count/);\n   *          see `Collection.countDocuments` and\n   *          `Collection.estimatedDocumentCount` for a replacement.\n   * @memberOf Mongo.Cursor\n   * @method  count\n   * @instance\n   * @locus Anywhere\n   * @returns {Number}\n   */\n  count() {\n    if (this.reactive) {\n      // allow the observe to be unordered\n      this._depend({added: true, removed: true}, true);\n    }\n\n    return this._getRawObjects({\n      ordered: true,\n    }).length;\n  }\n\n  /**\n   * @summary Return all matching documents as an Array.\n   * @memberOf Mongo.Cursor\n   * @method  fetch\n   * @instance\n   * @locus Anywhere\n   * @returns {Object[]}\n   */\n  fetch() {\n    const result = [];\n\n    this.forEach(doc => {\n      result.push(doc);\n    });\n\n    return result;\n  }\n\n  [Symbol.iterator]() {\n    if (this.reactive) {\n      this._depend({\n        addedBefore: true,\n        removed: true,\n        changed: true,\n        movedBefore: true});\n    }\n\n    let index = 0;\n    const objects = this._getRawObjects({ordered: true});\n\n    return {\n      next: () => {\n        if (index < objects.length) {\n          // This doubles as a clone operation.\n          let element = this._projectionFn(objects[index++]);\n\n          if (this._transform)\n            element = this._transform(element);\n\n          return {value: element};\n        }\n\n        return {done: true};\n      }\n    };\n  }\n\n  [Symbol.asyncIterator]() {\n    const syncResult = this[Symbol.iterator]();\n    return {\n      async next() {\n        return Promise.resolve(syncResult.next());\n      }\n    };\n  }\n\n  /**\n   * @callback IterationCallback\n   * @param {Object} doc\n   * @param {Number} index\n   */\n  /**\n   * @summary Call `callback` once for each matching document, sequentially and\n   *          synchronously.\n   * @locus Anywhere\n   * @method  forEach\n   * @instance\n   * @memberOf Mongo.Cursor\n   * @param {IterationCallback} callback Function to call. It will be called\n   *                                     with three arguments: the document, a\n   *                                     0-based index, and <em>cursor</em>\n   *                                     itself.\n   * @param {Any} [thisArg] An object which will be the value of `this` inside\n   *                        `callback`.\n   */\n  forEach(callback, thisArg) {\n    if (this.reactive) {\n      this._depend({\n        addedBefore: true,\n        removed: true,\n        changed: true,\n        movedBefore: true});\n    }\n\n    this._getRawObjects({ordered: true}).forEach((element, i) => {\n      // This doubles as a clone operation.\n      element = this._projectionFn(element);\n\n      if (this._transform) {\n        element = this._transform(element);\n      }\n\n      callback.call(thisArg, element, i, this);\n    });\n  }\n\n  getTransform() {\n    return this._transform;\n  }\n\n  /**\n   * @summary Map callback over all matching documents.  Returns an Array.\n   * @locus Anywhere\n   * @method map\n   * @instance\n   * @memberOf Mongo.Cursor\n   * @param {IterationCallback} callback Function to call. It will be called\n   *                                     with three arguments: the document, a\n   *                                     0-based index, and <em>cursor</em>\n   *                                     itself.\n   * @param {Any} [thisArg] An object which will be the value of `this` inside\n   *                        `callback`.\n   */\n  map(callback, thisArg) {\n    const result = [];\n\n    this.forEach((doc, i) => {\n      result.push(callback.call(thisArg, doc, i, this));\n    });\n\n    return result;\n  }\n\n  // options to contain:\n  //  * callbacks for observe():\n  //    - addedAt (document, atIndex)\n  //    - added (document)\n  //    - changedAt (newDocument, oldDocument, atIndex)\n  //    - changed (newDocument, oldDocument)\n  //    - removedAt (document, atIndex)\n  //    - removed (document)\n  //    - movedTo (document, oldIndex, newIndex)\n  //\n  // attributes available on returned query handle:\n  //  * stop(): end updates\n  //  * collection: the collection this query is querying\n  //\n  // iff x is a returned query handle, (x instanceof\n  // LocalCollection.ObserveHandle) is true\n  //\n  // initial results delivered through added callback\n  // XXX maybe callbacks should take a list of objects, to expose transactions?\n  // XXX maybe support field limiting (to limit what you're notified on)\n\n  /**\n   * @summary Watch a query.  Receive callbacks as the result set changes.\n   * @locus Anywhere\n   * @memberOf Mongo.Cursor\n   * @instance\n   * @param {Object} callbacks Functions to call to deliver the result set as it\n   *                           changes\n   */\n  observe(options) {\n    return LocalCollection._observeFromObserveChanges(this, options);\n  }\n\n  /**\n   * @summary Watch a query. Receive callbacks as the result set changes. Only\n   *          the differences between the old and new documents are passed to\n   *          the callbacks.\n   * @locus Anywhere\n   * @memberOf Mongo.Cursor\n   * @instance\n   * @param {Object} callbacks Functions to call to deliver the result set as it\n   *                           changes\n   */\n  observeChanges(options) {\n    const ordered = LocalCollection._observeChangesCallbacksAreOrdered(options);\n\n    // there are several places that assume you aren't combining skip/limit with\n    // unordered observe.  eg, update's EJSON.clone, and the \"there are several\"\n    // comment in _modifyAndNotify\n    // XXX allow skip/limit with unordered observe\n    if (!options._allow_unordered && !ordered && (this.skip || this.limit)) {\n      throw new Error(\n        \"Must use an ordered observe with skip or limit (i.e. 'addedBefore' \" +\n        \"for observeChanges or 'addedAt' for observe, instead of 'added').\"\n      );\n    }\n\n    if (this.fields && (this.fields._id === 0 || this.fields._id === false)) {\n      throw Error('You may not observe a cursor with {fields: {_id: 0}}');\n    }\n\n    const distances = (\n      this.matcher.hasGeoQuery() &&\n      ordered &&\n      new LocalCollection._IdMap\n    );\n\n    const query = {\n      cursor: this,\n      dirty: false,\n      distances,\n      matcher: this.matcher, // not fast pathed\n      ordered,\n      projectionFn: this._projectionFn,\n      resultsSnapshot: null,\n      sorter: ordered && this.sorter\n    };\n\n    let qid;\n\n    // Non-reactive queries call added[Before] and then never call anything\n    // else.\n    if (this.reactive) {\n      qid = this.collection.next_qid++;\n      this.collection.queries[qid] = query;\n    }\n\n    query.results = this._getRawObjects({ordered, distances: query.distances});\n\n    if (this.collection.paused) {\n      query.resultsSnapshot = ordered ? [] : new LocalCollection._IdMap;\n    }\n\n    // wrap callbacks we were passed. callbacks only fire when not paused and\n    // are never undefined\n    // Filters out blacklisted fields according to cursor's projection.\n    // XXX wrong place for this?\n\n    // furthermore, callbacks enqueue until the operation we're working on is\n    // done.\n    const wrapCallback = fn => {\n      if (!fn) {\n        return () => {};\n      }\n\n      const self = this;\n      return function(/* args*/) {\n        if (self.collection.paused) {\n          return;\n        }\n\n        const args = arguments;\n\n        self.collection._observeQueue.queueTask(() => {\n          fn.apply(this, args);\n        });\n      };\n    };\n\n    query.added = wrapCallback(options.added);\n    query.changed = wrapCallback(options.changed);\n    query.removed = wrapCallback(options.removed);\n\n    if (ordered) {\n      query.addedBefore = wrapCallback(options.addedBefore);\n      query.movedBefore = wrapCallback(options.movedBefore);\n    }\n\n    if (!options._suppress_initial && !this.collection.paused) {\n      query.results.forEach(doc => {\n        const fields = EJSON.clone(doc);\n\n        delete fields._id;\n\n        if (ordered) {\n          query.addedBefore(doc._id, this._projectionFn(fields), null);\n        }\n\n        query.added(doc._id, this._projectionFn(fields));\n      });\n    }\n\n    const handle = Object.assign(new LocalCollection.ObserveHandle, {\n      collection: this.collection,\n      stop: () => {\n        if (this.reactive) {\n          delete this.collection.queries[qid];\n        }\n      }\n    });\n\n    if (this.reactive && Tracker.active) {\n      // XXX in many cases, the same observe will be recreated when\n      // the current autorun is rerun.  we could save work by\n      // letting it linger across rerun and potentially get\n      // repurposed if the same observe is performed, using logic\n      // similar to that of Meteor.subscribe.\n      Tracker.onInvalidate(() => {\n        handle.stop();\n      });\n    }\n\n    // run the observe callbacks resulting from the initial contents\n    // before we leave the observe.\n    this.collection._observeQueue.drain();\n\n    return handle;\n  }\n\n  // XXX Maybe we need a version of observe that just calls a callback if\n  // anything changed.\n  _depend(changers, _allow_unordered) {\n    if (Tracker.active) {\n      const dependency = new Tracker.Dependency;\n      const notify = dependency.changed.bind(dependency);\n\n      dependency.depend();\n\n      const options = {_allow_unordered, _suppress_initial: true};\n\n      ['added', 'addedBefore', 'changed', 'movedBefore', 'removed']\n        .forEach(fn => {\n          if (changers[fn]) {\n            options[fn] = notify;\n          }\n        });\n\n      // observeChanges will stop() when this computation is invalidated\n      this.observeChanges(options);\n    }\n  }\n\n  _getCollectionName() {\n    return this.collection.name;\n  }\n\n  // Returns a collection of matching objects, but doesn't deep copy them.\n  //\n  // If ordered is set, returns a sorted array, respecting sorter, skip, and\n  // limit properties of the query provided that options.applySkipLimit is\n  // not set to false (#1201). If sorter is falsey, no sort -- you get the\n  // natural order.\n  //\n  // If ordered is not set, returns an object mapping from ID to doc (sorter,\n  // skip and limit should not be set).\n  //\n  // If ordered is set and this cursor is a $near geoquery, then this function\n  // will use an _IdMap to track each distance from the $near argument point in\n  // order to use it as a sort key. If an _IdMap is passed in the 'distances'\n  // argument, this function will clear it and use it for this purpose\n  // (otherwise it will just create its own _IdMap). The observeChanges\n  // implementation uses this to remember the distances after this function\n  // returns.\n  _getRawObjects(options = {}) {\n    // By default this method will respect skip and limit because .fetch(),\n    // .forEach() etc... expect this behaviour. It can be forced to ignore\n    // skip and limit by setting applySkipLimit to false (.count() does this,\n    // for example)\n    const applySkipLimit = options.applySkipLimit !== false;\n\n    // XXX use OrderedDict instead of array, and make IdMap and OrderedDict\n    // compatible\n    const results = options.ordered ? [] : new LocalCollection._IdMap;\n\n    // fast path for single ID value\n    if (this._selectorId !== undefined) {\n      // If you have non-zero skip and ask for a single id, you get nothing.\n      // This is so it matches the behavior of the '{_id: foo}' path.\n      if (applySkipLimit && this.skip) {\n        return results;\n      }\n\n      const selectedDoc = this.collection._docs.get(this._selectorId);\n\n      if (selectedDoc) {\n        if (options.ordered) {\n          results.push(selectedDoc);\n        } else {\n          results.set(this._selectorId, selectedDoc);\n        }\n      }\n\n      return results;\n    }\n\n    // slow path for arbitrary selector, sort, skip, limit\n\n    // in the observeChanges case, distances is actually part of the \"query\"\n    // (ie, live results set) object.  in other cases, distances is only used\n    // inside this function.\n    let distances;\n    if (this.matcher.hasGeoQuery() && options.ordered) {\n      if (options.distances) {\n        distances = options.distances;\n        distances.clear();\n      } else {\n        distances = new LocalCollection._IdMap();\n      }\n    }\n\n    this.collection._docs.forEach((doc, id) => {\n      const matchResult = this.matcher.documentMatches(doc);\n\n      if (matchResult.result) {\n        if (options.ordered) {\n          results.push(doc);\n\n          if (distances && matchResult.distance !== undefined) {\n            distances.set(id, matchResult.distance);\n          }\n        } else {\n          results.set(id, doc);\n        }\n      }\n\n      // Override to ensure all docs are matched if ignoring skip & limit\n      if (!applySkipLimit) {\n        return true;\n      }\n\n      // Fast path for limited unsorted queries.\n      // XXX 'length' check here seems wrong for ordered\n      return (\n        !this.limit ||\n        this.skip ||\n        this.sorter ||\n        results.length !== this.limit\n      );\n    });\n\n    if (!options.ordered) {\n      return results;\n    }\n\n    if (this.sorter) {\n      results.sort(this.sorter.getComparator({distances}));\n    }\n\n    // Return the full set of results if there is no skip or limit or if we're\n    // ignoring them\n    if (!applySkipLimit || (!this.limit && !this.skip)) {\n      return results;\n    }\n\n    return results.slice(\n      this.skip,\n      this.limit ? this.limit + this.skip : results.length\n    );\n  }\n\n  _publishCursor(subscription) {\n    // XXX minimongo should not depend on mongo-livedata!\n    if (!Package.mongo) {\n      throw new Error(\n        'Can\\'t publish from Minimongo without the `mongo` package.'\n      );\n    }\n\n    if (!this.collection.name) {\n      throw new Error(\n        'Can\\'t publish a cursor from a collection without a name.'\n      );\n    }\n\n    return Package.mongo.Mongo.Collection._publishCursor(\n      this,\n      subscription,\n      this.collection.name\n    );\n  }\n}\n\n// Implements async version of cursor methods to keep collections isomorphic\nASYNC_CURSOR_METHODS.forEach(method => {\n  const asyncName = getAsyncMethodName(method);\n  Cursor.prototype[asyncName] = function(...args) {\n    try {\n      this[method].isCalledFromAsync = true;\n      return Promise.resolve(this[method].apply(this, args));\n    } catch (error) {\n      return Promise.reject(error);\n    }\n  };\n});\n"],"mappings":"AAAAA,MAAM,CAACC,MAAM,CAAC;EAACC,OAAO,EAACA,CAAA,KAAIC;AAAM,CAAC,CAAC;AAAC,IAAIC,eAAe;AAACJ,MAAM,CAACK,IAAI,CAAC,uBAAuB,EAAC;EAACH,OAAOA,CAACI,CAAC,EAAC;IAACF,eAAe,GAACE,CAAC;EAAA;AAAC,CAAC,EAAC,CAAC,CAAC;AAAC,IAAIC,MAAM;AAACP,MAAM,CAACK,IAAI,CAAC,aAAa,EAAC;EAACE,MAAMA,CAACD,CAAC,EAAC;IAACC,MAAM,GAACD,CAAC;EAAA;AAAC,CAAC,EAAC,CAAC,CAAC;AAAC,IAAIE,oBAAoB,EAACC,kBAAkB;AAACT,MAAM,CAACK,IAAI,CAAC,aAAa,EAAC;EAACG,oBAAoBA,CAACF,CAAC,EAAC;IAACE,oBAAoB,GAACF,CAAC;EAAA,CAAC;EAACG,kBAAkBA,CAACH,CAAC,EAAC;IAACG,kBAAkB,GAACH,CAAC;EAAA;AAAC,CAAC,EAAC,CAAC,CAAC;AAMpV,MAAMH,MAAM,CAAC;EAC1B;EACAO,WAAWA,CAACC,UAAU,EAAEC,QAAQ,EAAgB;IAAA,IAAdC,OAAO,GAAAC,SAAA,CAAAC,MAAA,QAAAD,SAAA,QAAAE,SAAA,GAAAF,SAAA,MAAG,CAAC,CAAC;IAC5C,IAAI,CAACH,UAAU,GAAGA,UAAU;IAC5B,IAAI,CAACM,MAAM,GAAG,IAAI;IAClB,IAAI,CAACC,OAAO,GAAG,IAAIC,SAAS,CAACC,OAAO,CAACR,QAAQ,CAAC;IAE9C,IAAIR,eAAe,CAACiB,4BAA4B,CAACT,QAAQ,CAAC,EAAE;MAC1D;MACA,IAAI,CAACU,WAAW,GAAGf,MAAM,CAACgB,IAAI,CAACX,QAAQ,EAAE,KAAK,CAAC,GAC3CA,QAAQ,CAACY,GAAG,GACZZ,QAAQ;IACd,CAAC,MAAM;MACL,IAAI,CAACU,WAAW,GAAGN,SAAS;MAE5B,IAAI,IAAI,CAACE,OAAO,CAACO,WAAW,CAAC,CAAC,IAAIZ,OAAO,CAACa,IAAI,EAAE;QAC9C,IAAI,CAACT,MAAM,GAAG,IAAIE,SAAS,CAACQ,MAAM,CAACd,OAAO,CAACa,IAAI,IAAI,EAAE,CAAC;MACxD;IACF;IAEA,IAAI,CAACE,IAAI,GAAGf,OAAO,CAACe,IAAI,IAAI,CAAC;IAC7B,IAAI,CAACC,KAAK,GAAGhB,OAAO,CAACgB,KAAK;IAC1B,IAAI,CAACC,MAAM,GAAGjB,OAAO,CAACkB,UAAU,IAAIlB,OAAO,CAACiB,MAAM;IAElD,IAAI,CAACE,aAAa,GAAG5B,eAAe,CAAC6B,kBAAkB,CAAC,IAAI,CAACH,MAAM,IAAI,CAAC,CAAC,CAAC;IAE1E,IAAI,CAACI,UAAU,GAAG9B,eAAe,CAAC+B,aAAa,CAACtB,OAAO,CAACuB,SAAS,CAAC;;IAElE;IACA,IAAI,OAAOC,OAAO,KAAK,WAAW,EAAE;MAClC,IAAI,CAACC,QAAQ,GAAGzB,OAAO,CAACyB,QAAQ,KAAKtB,SAAS,GAAG,IAAI,GAAGH,OAAO,CAACyB,QAAQ;IAC1E;EACF;;EAEA;AACF;AACA;AACA;AACA;AACA;AACA;AACA;AACA;AACA;AACA;AACA;EACEC,KAAKA,CAAA,EAAG;IACN,IAAI,IAAI,CAACD,QAAQ,EAAE;MACjB;MACA,IAAI,CAACE,OAAO,CAAC;QAACC,KAAK,EAAE,IAAI;QAAEC,OAAO,EAAE;MAAI,CAAC,EAAE,IAAI,CAAC;IAClD;IAEA,OAAO,IAAI,CAACC,cAAc,CAAC;MACzBC,OAAO,EAAE;IACX,CAAC,CAAC,CAAC7B,MAAM;EACX;;EAEA;AACF;AACA;AACA;AACA;AACA;AACA;AACA;EACE8B,KAAKA,CAAA,EAAG;IACN,MAAMC,MAAM,GAAG,EAAE;IAEjB,IAAI,CAACC,OAAO,CAACC,GAAG,IAAI;MAClBF,MAAM,CAACG,IAAI,CAACD,GAAG,CAAC;IAClB,CAAC,CAAC;IAEF,OAAOF,MAAM;EACf;EAEA,CAACI,MAAM,CAACC,QAAQ,IAAI;IAClB,IAAI,IAAI,CAACb,QAAQ,EAAE;MACjB,IAAI,CAACE,OAAO,CAAC;QACXY,WAAW,EAAE,IAAI;QACjBV,OAAO,EAAE,IAAI;QACbW,OAAO,EAAE,IAAI;QACbC,WAAW,EAAE;MAAI,CAAC,CAAC;IACvB;IAEA,IAAIC,KAAK,GAAG,CAAC;IACb,MAAMC,OAAO,GAAG,IAAI,CAACb,cAAc,CAAC;MAACC,OAAO,EAAE;IAAI,CAAC,CAAC;IAEpD,OAAO;MACLa,IAAI,EAAEA,CAAA,KAAM;QACV,IAAIF,KAAK,GAAGC,OAAO,CAACzC,MAAM,EAAE;UAC1B;UACA,IAAI2C,OAAO,GAAG,IAAI,CAAC1B,aAAa,CAACwB,OAAO,CAACD,KAAK,EAAE,CAAC,CAAC;UAElD,IAAI,IAAI,CAACrB,UAAU,EACjBwB,OAAO,GAAG,IAAI,CAACxB,UAAU,CAACwB,OAAO,CAAC;UAEpC,OAAO;YAACC,KAAK,EAAED;UAAO,CAAC;QACzB;QAEA,OAAO;UAACE,IAAI,EAAE;QAAI,CAAC;MACrB;IACF,CAAC;EACH;EAEA,CAACV,MAAM,CAACW,aAAa,IAAI;IACvB,MAAMC,UAAU,GAAG,IAAI,CAACZ,MAAM,CAACC,QAAQ,CAAC,CAAC,CAAC;IAC1C,OAAO;MACCM,IAAIA,CAAA;QAAA,OAAAM,OAAA,CAAAC,UAAA,OAAG;UACX,OAAOD,OAAO,CAACE,OAAO,CAACH,UAAU,CAACL,IAAI,CAAC,CAAC,CAAC;QAC3C,CAAC;MAAA;IACH,CAAC;EACH;;EAEA;AACF;AACA;AACA;AACA;EACE;AACF;AACA;AACA;AACA;AACA;AACA;AACA;AACA;AACA;AACA;AACA;AACA;AACA;EACEV,OAAOA,CAACmB,QAAQ,EAAEC,OAAO,EAAE;IACzB,IAAI,IAAI,CAAC7B,QAAQ,EAAE;MACjB,IAAI,CAACE,OAAO,CAAC;QACXY,WAAW,EAAE,IAAI;QACjBV,OAAO,EAAE,IAAI;QACbW,OAAO,EAAE,IAAI;QACbC,WAAW,EAAE;MAAI,CAAC,CAAC;IACvB;IAEA,IAAI,CAACX,cAAc,CAAC;MAACC,OAAO,EAAE;IAAI,CAAC,CAAC,CAACG,OAAO,CAAC,CAACW,OAAO,EAAEU,CAAC,KAAK;MAC3D;MACAV,OAAO,GAAG,IAAI,CAAC1B,aAAa,CAAC0B,OAAO,CAAC;MAErC,IAAI,IAAI,CAACxB,UAAU,EAAE;QACnBwB,OAAO,GAAG,IAAI,CAACxB,UAAU,CAACwB,OAAO,CAAC;MACpC;MAEAQ,QAAQ,CAAC3C,IAAI,CAAC4C,OAAO,EAAET,OAAO,EAAEU,CAAC,EAAE,IAAI,CAAC;IAC1C,CAAC,CAAC;EACJ;EAEAC,YAAYA,CAAA,EAAG;IACb,OAAO,IAAI,CAACnC,UAAU;EACxB;;EAEA;AACF;AACA;AACA;AACA;AACA;AACA;AACA;AACA;AACA;AACA;AACA;AACA;EACEoC,GAAGA,CAACJ,QAAQ,EAAEC,OAAO,EAAE;IACrB,MAAMrB,MAAM,GAAG,EAAE;IAEjB,IAAI,CAACC,OAAO,CAAC,CAACC,GAAG,EAAEoB,CAAC,KAAK;MACvBtB,MAAM,CAACG,IAAI,CAACiB,QAAQ,CAAC3C,IAAI,CAAC4C,OAAO,EAAEnB,GAAG,EAAEoB,CAAC,EAAE,IAAI,CAAC,CAAC;IACnD,CAAC,CAAC;IAEF,OAAOtB,MAAM;EACf;;EAEA;EACA;EACA;EACA;EACA;EACA;EACA;EACA;EACA;EACA;EACA;EACA;EACA;EACA;EACA;EACA;EACA;EACA;EACA;EACA;;EAEA;AACF;AACA;AACA;AACA;AACA;AACA;AACA;EACEyB,OAAOA,CAAC1D,OAAO,EAAE;IACf,OAAOT,eAAe,CAACoE,0BAA0B,CAAC,IAAI,EAAE3D,OAAO,CAAC;EAClE;;EAEA;AACF;AACA;AACA;AACA;AACA;AACA;AACA;AACA;AACA;EACE4D,cAAcA,CAAC5D,OAAO,EAAE;IACtB,MAAM+B,OAAO,GAAGxC,eAAe,CAACsE,kCAAkC,CAAC7D,OAAO,CAAC;;IAE3E;IACA;IACA;IACA;IACA,IAAI,CAACA,OAAO,CAAC8D,gBAAgB,IAAI,CAAC/B,OAAO,KAAK,IAAI,CAAChB,IAAI,IAAI,IAAI,CAACC,KAAK,CAAC,EAAE;MACtE,MAAM,IAAI+C,KAAK,CACb,qEAAqE,GACrE,mEACF,CAAC;IACH;IAEA,IAAI,IAAI,CAAC9C,MAAM,KAAK,IAAI,CAACA,MAAM,CAACN,GAAG,KAAK,CAAC,IAAI,IAAI,CAACM,MAAM,CAACN,GAAG,KAAK,KAAK,CAAC,EAAE;MACvE,MAAMoD,KAAK,CAAC,sDAAsD,CAAC;IACrE;IAEA,MAAMC,SAAS,GACb,IAAI,CAAC3D,OAAO,CAACO,WAAW,CAAC,CAAC,IAC1BmB,OAAO,IACP,IAAIxC,eAAe,CAAC0E,MAAM,CAAD,CAC1B;IAED,MAAMC,KAAK,GAAG;MACZC,MAAM,EAAE,IAAI;MACZC,KAAK,EAAE,KAAK;MACZJ,SAAS;MACT3D,OAAO,EAAE,IAAI,CAACA,OAAO;MAAE;MACvB0B,OAAO;MACPsC,YAAY,EAAE,IAAI,CAAClD,aAAa;MAChCmD,eAAe,EAAE,IAAI;MACrBlE,MAAM,EAAE2B,OAAO,IAAI,IAAI,CAAC3B;IAC1B,CAAC;IAED,IAAImE,GAAG;;IAEP;IACA;IACA,IAAI,IAAI,CAAC9C,QAAQ,EAAE;MACjB8C,GAAG,GAAG,IAAI,CAACzE,UAAU,CAAC0E,QAAQ,EAAE;MAChC,IAAI,CAAC1E,UAAU,CAAC2E,OAAO,CAACF,GAAG,CAAC,GAAGL,KAAK;IACtC;IAEAA,KAAK,CAACQ,OAAO,GAAG,IAAI,CAAC5C,cAAc,CAAC;MAACC,OAAO;MAAEiC,SAAS,EAAEE,KAAK,CAACF;IAAS,CAAC,CAAC;IAE1E,IAAI,IAAI,CAAClE,UAAU,CAAC6E,MAAM,EAAE;MAC1BT,KAAK,CAACI,eAAe,GAAGvC,OAAO,GAAG,EAAE,GAAG,IAAIxC,eAAe,CAAC0E,MAAM,CAAD,CAAC;IACnE;;IAEA;IACA;IACA;IACA;;IAEA;IACA;IACA,MAAMW,YAAY,GAAGC,EAAE,IAAI;MACzB,IAAI,CAACA,EAAE,EAAE;QACP,OAAO,MAAM,CAAC,CAAC;MACjB;MAEA,MAAMC,IAAI,GAAG,IAAI;MACjB,OAAO,SAAS;MAAA,GAAW;QACzB,IAAIA,IAAI,CAAChF,UAAU,CAAC6E,MAAM,EAAE;UAC1B;QACF;QAEA,MAAMI,IAAI,GAAG9E,SAAS;QAEtB6E,IAAI,CAAChF,UAAU,CAACkF,aAAa,CAACC,SAAS,CAAC,MAAM;UAC5CJ,EAAE,CAACK,KAAK,CAAC,IAAI,EAAEH,IAAI,CAAC;QACtB,CAAC,CAAC;MACJ,CAAC;IACH,CAAC;IAEDb,KAAK,CAACtC,KAAK,GAAGgD,YAAY,CAAC5E,OAAO,CAAC4B,KAAK,CAAC;IACzCsC,KAAK,CAAC1B,OAAO,GAAGoC,YAAY,CAAC5E,OAAO,CAACwC,OAAO,CAAC;IAC7C0B,KAAK,CAACrC,OAAO,GAAG+C,YAAY,CAAC5E,OAAO,CAAC6B,OAAO,CAAC;IAE7C,IAAIE,OAAO,EAAE;MACXmC,KAAK,CAAC3B,WAAW,GAAGqC,YAAY,CAAC5E,OAAO,CAACuC,WAAW,CAAC;MACrD2B,KAAK,CAACzB,WAAW,GAAGmC,YAAY,CAAC5E,OAAO,CAACyC,WAAW,CAAC;IACvD;IAEA,IAAI,CAACzC,OAAO,CAACmF,iBAAiB,IAAI,CAAC,IAAI,CAACrF,UAAU,CAAC6E,MAAM,EAAE;MACzDT,KAAK,CAACQ,OAAO,CAACxC,OAAO,CAACC,GAAG,IAAI;QAC3B,MAAMlB,MAAM,GAAGmE,KAAK,CAACC,KAAK,CAAClD,GAAG,CAAC;QAE/B,OAAOlB,MAAM,CAACN,GAAG;QAEjB,IAAIoB,OAAO,EAAE;UACXmC,KAAK,CAAC3B,WAAW,CAACJ,GAAG,CAACxB,GAAG,EAAE,IAAI,CAACQ,aAAa,CAACF,MAAM,CAAC,EAAE,IAAI,CAAC;QAC9D;QAEAiD,KAAK,CAACtC,KAAK,CAACO,GAAG,CAACxB,GAAG,EAAE,IAAI,CAACQ,aAAa,CAACF,MAAM,CAAC,CAAC;MAClD,CAAC,CAAC;IACJ;IAEA,MAAMqE,MAAM,GAAGC,MAAM,CAACC,MAAM,CAAC,IAAIjG,eAAe,CAACkG,aAAa,CAAD,CAAC,EAAE;MAC9D3F,UAAU,EAAE,IAAI,CAACA,UAAU;MAC3B4F,IAAI,EAAEA,CAAA,KAAM;QACV,IAAI,IAAI,CAACjE,QAAQ,EAAE;UACjB,OAAO,IAAI,CAAC3B,UAAU,CAAC2E,OAAO,CAACF,GAAG,CAAC;QACrC;MACF;IACF,CAAC,CAAC;IAEF,IAAI,IAAI,CAAC9C,QAAQ,IAAID,OAAO,CAACmE,MAAM,EAAE;MACnC;MACA;MACA;MACA;MACA;MACAnE,OAAO,CAACoE,YAAY,CAAC,MAAM;QACzBN,MAAM,CAACI,IAAI,CAAC,CAAC;MACf,CAAC,CAAC;IACJ;;IAEA;IACA;IACA,IAAI,CAAC5F,UAAU,CAACkF,aAAa,CAACa,KAAK,CAAC,CAAC;IAErC,OAAOP,MAAM;EACf;;EAEA;EACA;EACA3D,OAAOA,CAACmE,QAAQ,EAAEhC,gBAAgB,EAAE;IAClC,IAAItC,OAAO,CAACmE,MAAM,EAAE;MAClB,MAAMI,UAAU,GAAG,IAAIvE,OAAO,CAACwE,UAAU,CAAD,CAAC;MACzC,MAAMC,MAAM,GAAGF,UAAU,CAACvD,OAAO,CAAC0D,IAAI,CAACH,UAAU,CAAC;MAElDA,UAAU,CAACI,MAAM,CAAC,CAAC;MAEnB,MAAMnG,OAAO,GAAG;QAAC8D,gBAAgB;QAAEqB,iBAAiB,EAAE;MAAI,CAAC;MAE3D,CAAC,OAAO,EAAE,aAAa,EAAE,SAAS,EAAE,aAAa,EAAE,SAAS,CAAC,CAC1DjD,OAAO,CAAC2C,EAAE,IAAI;QACb,IAAIiB,QAAQ,CAACjB,EAAE,CAAC,EAAE;UAChB7E,OAAO,CAAC6E,EAAE,CAAC,GAAGoB,MAAM;QACtB;MACF,CAAC,CAAC;;MAEJ;MACA,IAAI,CAACrC,cAAc,CAAC5D,OAAO,CAAC;IAC9B;EACF;EAEAoG,kBAAkBA,CAAA,EAAG;IACnB,OAAO,IAAI,CAACtG,UAAU,CAACuG,IAAI;EAC7B;;EAEA;EACA;EACA;EACA;EACA;EACA;EACA;EACA;EACA;EACA;EACA;EACA;EACA;EACA;EACA;EACA;EACA;EACAvE,cAAcA,CAAA,EAAe;IAAA,IAAd9B,OAAO,GAAAC,SAAA,CAAAC,MAAA,QAAAD,SAAA,QAAAE,SAAA,GAAAF,SAAA,MAAG,CAAC,CAAC;IACzB;IACA;IACA;IACA;IACA,MAAMqG,cAAc,GAAGtG,OAAO,CAACsG,cAAc,KAAK,KAAK;;IAEvD;IACA;IACA,MAAM5B,OAAO,GAAG1E,OAAO,CAAC+B,OAAO,GAAG,EAAE,GAAG,IAAIxC,eAAe,CAAC0E,MAAM,CAAD,CAAC;;IAEjE;IACA,IAAI,IAAI,CAACxD,WAAW,KAAKN,SAAS,EAAE;MAClC;MACA;MACA,IAAImG,cAAc,IAAI,IAAI,CAACvF,IAAI,EAAE;QAC/B,OAAO2D,OAAO;MAChB;MAEA,MAAM6B,WAAW,GAAG,IAAI,CAACzG,UAAU,CAAC0G,KAAK,CAACC,GAAG,CAAC,IAAI,CAAChG,WAAW,CAAC;MAE/D,IAAI8F,WAAW,EAAE;QACf,IAAIvG,OAAO,CAAC+B,OAAO,EAAE;UACnB2C,OAAO,CAACtC,IAAI,CAACmE,WAAW,CAAC;QAC3B,CAAC,MAAM;UACL7B,OAAO,CAACgC,GAAG,CAAC,IAAI,CAACjG,WAAW,EAAE8F,WAAW,CAAC;QAC5C;MACF;MAEA,OAAO7B,OAAO;IAChB;;IAEA;;IAEA;IACA;IACA;IACA,IAAIV,SAAS;IACb,IAAI,IAAI,CAAC3D,OAAO,CAACO,WAAW,CAAC,CAAC,IAAIZ,OAAO,CAAC+B,OAAO,EAAE;MACjD,IAAI/B,OAAO,CAACgE,SAAS,EAAE;QACrBA,SAAS,GAAGhE,OAAO,CAACgE,SAAS;QAC7BA,SAAS,CAAC2C,KAAK,CAAC,CAAC;MACnB,CAAC,MAAM;QACL3C,SAAS,GAAG,IAAIzE,eAAe,CAAC0E,MAAM,CAAC,CAAC;MAC1C;IACF;IAEA,IAAI,CAACnE,UAAU,CAAC0G,KAAK,CAACtE,OAAO,CAAC,CAACC,GAAG,EAAEyE,EAAE,KAAK;MACzC,MAAMC,WAAW,GAAG,IAAI,CAACxG,OAAO,CAACyG,eAAe,CAAC3E,GAAG,CAAC;MAErD,IAAI0E,WAAW,CAAC5E,MAAM,EAAE;QACtB,IAAIjC,OAAO,CAAC+B,OAAO,EAAE;UACnB2C,OAAO,CAACtC,IAAI,CAACD,GAAG,CAAC;UAEjB,IAAI6B,SAAS,IAAI6C,WAAW,CAACE,QAAQ,KAAK5G,SAAS,EAAE;YACnD6D,SAAS,CAAC0C,GAAG,CAACE,EAAE,EAAEC,WAAW,CAACE,QAAQ,CAAC;UACzC;QACF,CAAC,MAAM;UACLrC,OAAO,CAACgC,GAAG,CAACE,EAAE,EAAEzE,GAAG,CAAC;QACtB;MACF;;MAEA;MACA,IAAI,CAACmE,cAAc,EAAE;QACnB,OAAO,IAAI;MACb;;MAEA;MACA;MACA,OACE,CAAC,IAAI,CAACtF,KAAK,IACX,IAAI,CAACD,IAAI,IACT,IAAI,CAACX,MAAM,IACXsE,OAAO,CAACxE,MAAM,KAAK,IAAI,CAACc,KAAK;IAEjC,CAAC,CAAC;IAEF,IAAI,CAAChB,OAAO,CAAC+B,OAAO,EAAE;MACpB,OAAO2C,OAAO;IAChB;IAEA,IAAI,IAAI,CAACtE,MAAM,EAAE;MACfsE,OAAO,CAAC7D,IAAI,CAAC,IAAI,CAACT,MAAM,CAAC4G,aAAa,CAAC;QAAChD;MAAS,CAAC,CAAC,CAAC;IACtD;;IAEA;IACA;IACA,IAAI,CAACsC,cAAc,IAAK,CAAC,IAAI,CAACtF,KAAK,IAAI,CAAC,IAAI,CAACD,IAAK,EAAE;MAClD,OAAO2D,OAAO;IAChB;IAEA,OAAOA,OAAO,CAACuC,KAAK,CAClB,IAAI,CAAClG,IAAI,EACT,IAAI,CAACC,KAAK,GAAG,IAAI,CAACA,KAAK,GAAG,IAAI,CAACD,IAAI,GAAG2D,OAAO,CAACxE,MAChD,CAAC;EACH;EAEAgH,cAAcA,CAACC,YAAY,EAAE;IAC3B;IACA,IAAI,CAACC,OAAO,CAACC,KAAK,EAAE;MAClB,MAAM,IAAItD,KAAK,CACb,4DACF,CAAC;IACH;IAEA,IAAI,CAAC,IAAI,CAACjE,UAAU,CAACuG,IAAI,EAAE;MACzB,MAAM,IAAItC,KAAK,CACb,2DACF,CAAC;IACH;IAEA,OAAOqD,OAAO,CAACC,KAAK,CAACC,KAAK,CAACC,UAAU,CAACL,cAAc,CAClD,IAAI,EACJC,YAAY,EACZ,IAAI,CAACrH,UAAU,CAACuG,IAClB,CAAC;EACH;AACF;AAEA;AACA1G,oBAAoB,CAACuC,OAAO,CAACsF,MAAM,IAAI;EACrC,MAAMC,SAAS,GAAG7H,kBAAkB,CAAC4H,MAAM,CAAC;EAC5ClI,MAAM,CAACoI,SAAS,CAACD,SAAS,CAAC,GAAG,YAAkB;IAC9C,IAAI;MACF,IAAI,CAACD,MAAM,CAAC,CAACG,iBAAiB,GAAG,IAAI;MAAC,SAAAC,IAAA,GAAA3H,SAAA,CAAAC,MAAA,EAFA6E,IAAI,OAAA8C,KAAA,CAAAD,IAAA,GAAAE,IAAA,MAAAA,IAAA,GAAAF,IAAA,EAAAE,IAAA;QAAJ/C,IAAI,CAAA+C,IAAA,IAAA7H,SAAA,CAAA6H,IAAA;MAAA;MAG1C,OAAO5E,OAAO,CAACE,OAAO,CAAC,IAAI,CAACoE,MAAM,CAAC,CAACtC,KAAK,CAAC,IAAI,EAAEH,IAAI,CAAC,CAAC;IACxD,CAAC,CAAC,OAAOgD,KAAK,EAAE;MACd,OAAO7E,OAAO,CAAC8E,MAAM,CAACD,KAAK,CAAC;IAC9B;EACF,CAAC;AACH,CAAC,CAAC"},"sourceType":"module","externalDependencies":{},"hash":"b392b5a4d831035169a380e286181c48025a4478"}
