{"metadata":{},"options":{"assumptions":{},"compact":false,"sourceMaps":true,"ast":true,"babelrc":false,"configFile":false,"parserOpts":{"sourceType":"module","sourceFileName":"D:\\loan_app\\loan-management\\packages\\random\\createRandom.js","plugins":["*","flow","jsx","asyncGenerators","bigInt","classPrivateMethods","classPrivateProperties","classProperties","doExpressions","dynamicImport","exportDefaultFrom","exportExtensions","exportNamespaceFrom","functionBind","functionSent","importMeta","nullishCoalescingOperator","numericSeparator","objectRestSpread","optionalCatchBinding","optionalChaining",["pipelineOperator",{"proposal":"minimal"}],"throwExpressions","classProperties","classPrivateProperties","jsx","nullishCoalescingOperator","nullishCoalescingOperator","optionalChaining","optionalChaining","optionalCatchBinding","optionalCatchBinding","classProperties","classPrivateProperties","classPrivateMethods","classProperties","classPrivateProperties","asyncGenerators","asyncGenerators","objectRestSpread","objectRestSpread","logicalAssignment"],"allowImportExportEverywhere":true,"allowReturnOutsideFunction":true,"allowUndeclaredExports":true,"strictMode":false},"caller":{"name":"meteor","arch":"web.browser"},"sourceFileName":"packages/random/createRandom.js","filename":"D:\\loan_app\\loan-management\\packages\\random\\createRandom.js","targets":{},"cloneInputAst":true,"browserslistConfigFile":false,"passPerPreset":false,"envName":"development","cwd":"D:\\loan_app\\loan-management","root":"D:\\loan_app\\loan-management","rootMode":"root","plugins":[{"key":"base$0","visitor":{"_exploded":true,"_verified":true},"options":{},"externalDependencies":[]},{"key":"base$0$0","visitor":{"Program":{"enter":[null],"exit":[null]},"_exploded":true,"_verified":true},"options":{"avoidModernSyntax":false,"enforceStrictMode":false,"dynamicImport":true,"generateLetDeclarations":true},"externalDependencies":[]},{"key":"transform-runtime","visitor":{"MemberExpression":{"enter":[null]},"ObjectPattern":{"enter":[null]},"BinaryExpression":{"enter":[null]},"Identifier":{"enter":[null]},"JSXIdentifier":{"enter":[null]},"_exploded":true,"_verified":true},"options":{"version":"7.17.2","helpers":true,"useESModules":false,"corejs":false},"externalDependencies":[]},{"key":"proposal-class-properties","visitor":{"ExportDefaultDeclaration":{"enter":[null]},"_exploded":true,"_verified":true,"ClassExpression":{"enter":[null]},"ClassDeclaration":{"enter":[null]}},"options":{"loose":true},"externalDependencies":[]},{"key":"transform-react-jsx","visitor":{"JSXNamespacedName":{"enter":[null]},"JSXSpreadChild":{"enter":[null]},"Program":{"enter":[null]},"JSXFragment":{"exit":[null]},"JSXElement":{"exit":[null]},"JSXAttribute":{"enter":[null]},"_exploded":true,"_verified":true},"options":{"pragma":"React.createElement","pragmaFrag":"React.Fragment","runtime":"classic","throwIfNamespace":true,"useBuiltIns":false},"externalDependencies":[]},{"key":"transform-react-display-name","visitor":{"ExportDefaultDeclaration":{"enter":[null]},"CallExpression":{"enter":[null]},"_exploded":true,"_verified":true},"options":{},"externalDependencies":[]},{"key":"transform-react-pure-annotations","visitor":{"CallExpression":{"enter":[null]},"_exploded":true,"_verified":true},"options":{},"externalDependencies":[]},{"key":"syntax-nullish-coalescing-operator","visitor":{"_exploded":true,"_verified":true},"options":{},"externalDependencies":[]},{"key":"proposal-nullish-coalescing-operator","visitor":{"LogicalExpression":{"enter":[null]},"_exploded":true,"_verified":true},"options":{},"externalDependencies":[]},{"key":"syntax-optional-chaining","visitor":{"_exploded":true,"_verified":true},"options":{},"externalDependencies":[]},{"key":"proposal-optional-chaining","visitor":{"OptionalCallExpression":{"enter":[null]},"OptionalMemberExpression":{"enter":[null]},"_exploded":true,"_verified":true},"options":{},"externalDependencies":[]},{"key":"syntax-optional-catch-binding","visitor":{"_exploded":true,"_verified":true},"options":{},"externalDependencies":[]},{"key":"proposal-optional-catch-binding","visitor":{"CatchClause":{"enter":[null]},"_exploded":true,"_verified":true},"options":{},"externalDependencies":[]},{"key":"syntax-class-properties","visitor":{"_exploded":true,"_verified":true},"options":{},"externalDependencies":[]},{"key":"proposal-class-properties","visitor":{"ExportDefaultDeclaration":{"enter":[null]},"_exploded":true,"_verified":true,"ClassExpression":{"enter":[null]},"ClassDeclaration":{"enter":[null]}},"options":{},"externalDependencies":[]},{"key":"syntax-async-generators","visitor":{"_exploded":true,"_verified":true},"options":{},"externalDependencies":[]},{"key":"proposal-async-generator-functions","visitor":{"Program":{"enter":[null]},"_exploded":true,"_verified":true},"options":{},"externalDependencies":[]},{"key":"syntax-object-rest-spread","visitor":{"_exploded":true,"_verified":true},"options":{},"externalDependencies":[]},{"key":"proposal-object-rest-spread","visitor":{"VariableDeclarator":{"enter":[null]},"ExportNamedDeclaration":{"enter":[null]},"CatchClause":{"enter":[null]},"AssignmentExpression":{"enter":[null]},"ArrayPattern":{"enter":[null]},"ObjectExpression":{"enter":[null]},"FunctionDeclaration":{"enter":[null]},"FunctionExpression":{"enter":[null]},"ObjectMethod":{"enter":[null]},"ArrowFunctionExpression":{"enter":[null]},"ClassMethod":{"enter":[null]},"ClassPrivateMethod":{"enter":[null]},"ForInStatement":{"enter":[null]},"ForOfStatement":{"enter":[null]},"_exploded":true,"_verified":true},"options":{},"externalDependencies":[]},{"key":"proposal-logical-assignment-operators","visitor":{"AssignmentExpression":{"enter":[null]},"_exploded":true,"_verified":true},"options":{},"externalDependencies":[]},{"key":"transform-literals","visitor":{"NumericLiteral":{"enter":[null]},"StringLiteral":{"enter":[null]},"_exploded":true,"_verified":true},"options":{},"externalDependencies":[]},{"key":"transform-template-literals","visitor":{"TaggedTemplateExpression":{"enter":[null]},"TemplateLiteral":{"enter":[null]},"_exploded":true,"_verified":true},"options":{},"externalDependencies":[]},{"key":"transform-parameters","visitor":{"_exploded":true,"_verified":true,"FunctionDeclaration":{"enter":[null]},"FunctionExpression":{"enter":[null]},"ObjectMethod":{"enter":[null]},"ArrowFunctionExpression":{"enter":[null]},"ClassMethod":{"enter":[null]},"ClassPrivateMethod":{"enter":[null]}},"options":{},"externalDependencies":[]},{"key":"transform-exponentiation-operator","visitor":{"AssignmentExpression":{"enter":[null]},"BinaryExpression":{"enter":[null]},"_exploded":true,"_verified":true},"options":{},"externalDependencies":[]}],"presets":[],"generatorOpts":{"filename":"D:\\loan_app\\loan-management\\packages\\random\\createRandom.js","comments":true,"compact":false,"sourceMaps":true,"sourceFileName":"packages/random/createRandom.js"}},"code":"module.export({\n  default: () => createRandom\n});\nlet AleaRandomGenerator;\nmodule.link(\"./AleaRandomGenerator\", {\n  default(v) {\n    AleaRandomGenerator = v;\n  }\n}, 0);\nlet createAleaGeneratorWithGeneratedSeed;\nmodule.link(\"./createAleaGenerator\", {\n  default(v) {\n    createAleaGeneratorWithGeneratedSeed = v;\n  }\n}, 1);\nfunction createRandom(generator) {\n  // Create a non-cryptographically secure PRNG with a given seed (using\n  // the Alea algorithm)\n  generator.createWithSeeds = function () {\n    for (var _len = arguments.length, seeds = new Array(_len), _key = 0; _key < _len; _key++) {\n      seeds[_key] = arguments[_key];\n    }\n    if (seeds.length === 0) {\n      throw new Error('No seeds were provided');\n    }\n    return new AleaRandomGenerator({\n      seeds\n    });\n  };\n\n  // Used like `Random`, but much faster and not cryptographically\n  // secure\n  generator.insecure = createAleaGeneratorWithGeneratedSeed();\n  return generator;\n}","map":{"version":3,"names":["module","export","default","createRandom","AleaRandomGenerator","link","v","createAleaGeneratorWithGeneratedSeed","generator","createWithSeeds","_len","arguments","length","seeds","Array","_key","Error","insecure"],"sources":["packages/random/createRandom.js"],"sourcesContent":["import AleaRandomGenerator from './AleaRandomGenerator'\nimport createAleaGeneratorWithGeneratedSeed from './createAleaGenerator';\n\nexport default function createRandom(generator) {\n  // Create a non-cryptographically secure PRNG with a given seed (using\n  // the Alea algorithm)\n  generator.createWithSeeds = (...seeds) => {\n    if (seeds.length === 0) {\n      throw new Error('No seeds were provided');\n    }\n    return new AleaRandomGenerator({ seeds });\n  };\n\n  // Used like `Random`, but much faster and not cryptographically\n  // secure\n  generator.insecure = createAleaGeneratorWithGeneratedSeed();\n\n  return generator;\n}\n"],"mappings":"AAAAA,MAAM,CAACC,MAAM,CAAC;EAACC,OAAO,EAACA,CAAA,KAAIC;AAAY,CAAC,CAAC;AAAC,IAAIC,mBAAmB;AAACJ,MAAM,CAACK,IAAI,CAAC,uBAAuB,EAAC;EAACH,OAAOA,CAACI,CAAC,EAAC;IAACF,mBAAmB,GAACE,CAAC;EAAA;AAAC,CAAC,EAAC,CAAC,CAAC;AAAC,IAAIC,oCAAoC;AAACP,MAAM,CAACK,IAAI,CAAC,uBAAuB,EAAC;EAACH,OAAOA,CAACI,CAAC,EAAC;IAACC,oCAAoC,GAACD,CAAC;EAAA;AAAC,CAAC,EAAC,CAAC,CAAC;AAGlQ,SAASH,YAAYA,CAACK,SAAS,EAAE;EAC9C;EACA;EACAA,SAAS,CAACC,eAAe,GAAG,YAAc;IAAA,SAAAC,IAAA,GAAAC,SAAA,CAAAC,MAAA,EAAVC,KAAK,OAAAC,KAAA,CAAAJ,IAAA,GAAAK,IAAA,MAAAA,IAAA,GAAAL,IAAA,EAAAK,IAAA;MAALF,KAAK,CAAAE,IAAA,IAAAJ,SAAA,CAAAI,IAAA;IAAA;IACnC,IAAIF,KAAK,CAACD,MAAM,KAAK,CAAC,EAAE;MACtB,MAAM,IAAII,KAAK,CAAC,wBAAwB,CAAC;IAC3C;IACA,OAAO,IAAIZ,mBAAmB,CAAC;MAAES;IAAM,CAAC,CAAC;EAC3C,CAAC;;EAED;EACA;EACAL,SAAS,CAACS,QAAQ,GAAGV,oCAAoC,CAAC,CAAC;EAE3D,OAAOC,SAAS;AAClB"},"sourceType":"module","externalDependencies":{},"hash":"b4bc83c7effe15408185868401171de8c4e62c61"}
