{"metadata":{},"options":{"assumptions":{},"compact":false,"sourceMaps":true,"ast":true,"babelrc":false,"configFile":false,"parserOpts":{"sourceType":"module","sourceFileName":"D:\\loan_app\\loan-management\\packages\\aldeed:simple-schema\\lib\\SimpleSchemaGroup.js","plugins":["*","flow","jsx","asyncGenerators","bigInt","classPrivateMethods","classPrivateProperties","classProperties","doExpressions","dynamicImport","exportDefaultFrom","exportExtensions","exportNamespaceFrom","functionBind","functionSent","importMeta","nullishCoalescingOperator","numericSeparator","objectRestSpread","optionalCatchBinding","optionalChaining",["pipelineOperator",{"proposal":"minimal"}],"throwExpressions","classProperties","classPrivateProperties","jsx","nullishCoalescingOperator","nullishCoalescingOperator","optionalChaining","optionalChaining","optionalCatchBinding","optionalCatchBinding","classProperties","classPrivateProperties","classPrivateMethods","classProperties","classPrivateProperties","asyncGenerators","asyncGenerators","objectRestSpread","objectRestSpread","logicalAssignment"],"allowImportExportEverywhere":true,"allowReturnOutsideFunction":true,"allowUndeclaredExports":true,"strictMode":false},"caller":{"name":"meteor","arch":"web.browser.legacy"},"sourceFileName":"packages/aldeed:simple-schema/lib/SimpleSchemaGroup.js","filename":"D:\\loan_app\\loan-management\\packages\\aldeed:simple-schema\\lib\\SimpleSchemaGroup.js","targets":{},"cloneInputAst":true,"browserslistConfigFile":false,"passPerPreset":false,"envName":"development","cwd":"D:\\loan_app\\loan-management","root":"D:\\loan_app\\loan-management","rootMode":"root","plugins":[{"key":"base$0","visitor":{"_exploded":true,"_verified":true},"options":{},"externalDependencies":[]},{"key":"base$0$0","visitor":{"Program":{"enter":[null],"exit":[null]},"_exploded":true,"_verified":true},"options":{"avoidModernSyntax":true,"enforceStrictMode":false,"dynamicImport":true},"externalDependencies":[]},{"key":"transform-runtime","visitor":{"MemberExpression":{"enter":[null]},"ObjectPattern":{"enter":[null]},"BinaryExpression":{"enter":[null]},"Identifier":{"enter":[null]},"JSXIdentifier":{"enter":[null]},"_exploded":true,"_verified":true},"options":{"version":"7.17.2","helpers":true,"useESModules":false,"corejs":false},"externalDependencies":[]},{"key":"proposal-class-properties","visitor":{"ExportDefaultDeclaration":{"enter":[null]},"_exploded":true,"_verified":true,"ClassExpression":{"enter":[null]},"ClassDeclaration":{"enter":[null]}},"options":{"loose":true},"externalDependencies":[]},{"key":"base$0$3","visitor":{"FunctionExpression":{"exit":[null]},"_exploded":true,"_verified":true},"options":{},"externalDependencies":[]},{"key":"base$0$4","visitor":{"ForInStatement":{"enter":[null]},"_exploded":true,"_verified":true},"options":{},"externalDependencies":[]},{"key":"transform-react-jsx","visitor":{"JSXNamespacedName":{"enter":[null]},"JSXSpreadChild":{"enter":[null]},"Program":{"enter":[null]},"JSXFragment":{"exit":[null]},"JSXElement":{"exit":[null]},"JSXAttribute":{"enter":[null]},"_exploded":true,"_verified":true},"options":{"pragma":"React.createElement","pragmaFrag":"React.Fragment","runtime":"classic","throwIfNamespace":true,"useBuiltIns":false},"externalDependencies":[]},{"key":"transform-react-display-name","visitor":{"ExportDefaultDeclaration":{"enter":[null]},"CallExpression":{"enter":[null]},"_exploded":true,"_verified":true},"options":{},"externalDependencies":[]},{"key":"transform-react-pure-annotations","visitor":{"CallExpression":{"enter":[null]},"_exploded":true,"_verified":true},"options":{},"externalDependencies":[]},{"key":"syntax-nullish-coalescing-operator","visitor":{"_exploded":true,"_verified":true},"options":{},"externalDependencies":[]},{"key":"proposal-nullish-coalescing-operator","visitor":{"LogicalExpression":{"enter":[null]},"_exploded":true,"_verified":true},"options":{},"externalDependencies":[]},{"key":"syntax-optional-chaining","visitor":{"_exploded":true,"_verified":true},"options":{},"externalDependencies":[]},{"key":"proposal-optional-chaining","visitor":{"OptionalCallExpression":{"enter":[null]},"OptionalMemberExpression":{"enter":[null]},"_exploded":true,"_verified":true},"options":{},"externalDependencies":[]},{"key":"syntax-optional-catch-binding","visitor":{"_exploded":true,"_verified":true},"options":{},"externalDependencies":[]},{"key":"proposal-optional-catch-binding","visitor":{"CatchClause":{"enter":[null]},"_exploded":true,"_verified":true},"options":{},"externalDependencies":[]},{"key":"syntax-class-properties","visitor":{"_exploded":true,"_verified":true},"options":{},"externalDependencies":[]},{"key":"proposal-class-properties","visitor":{"ExportDefaultDeclaration":{"enter":[null]},"_exploded":true,"_verified":true,"ClassExpression":{"enter":[null]},"ClassDeclaration":{"enter":[null]}},"options":{},"externalDependencies":[]},{"key":"syntax-async-generators","visitor":{"_exploded":true,"_verified":true},"options":{},"externalDependencies":[]},{"key":"proposal-async-generator-functions","visitor":{"Program":{"enter":[null]},"_exploded":true,"_verified":true},"options":{},"externalDependencies":[]},{"key":"syntax-object-rest-spread","visitor":{"_exploded":true,"_verified":true},"options":{},"externalDependencies":[]},{"key":"proposal-object-rest-spread","visitor":{"VariableDeclarator":{"enter":[null]},"ExportNamedDeclaration":{"enter":[null]},"CatchClause":{"enter":[null]},"AssignmentExpression":{"enter":[null]},"ArrayPattern":{"enter":[null]},"ObjectExpression":{"enter":[null]},"FunctionDeclaration":{"enter":[null]},"FunctionExpression":{"enter":[null]},"ObjectMethod":{"enter":[null]},"ArrowFunctionExpression":{"enter":[null]},"ClassMethod":{"enter":[null]},"ClassPrivateMethod":{"enter":[null]},"ForInStatement":{"enter":[null]},"ForOfStatement":{"enter":[null]},"_exploded":true,"_verified":true},"options":{},"externalDependencies":[]},{"key":"proposal-logical-assignment-operators","visitor":{"AssignmentExpression":{"enter":[null]},"_exploded":true,"_verified":true},"options":{},"externalDependencies":[]},{"key":"transform-arrow-functions","visitor":{"ArrowFunctionExpression":{"enter":[null]},"_exploded":true,"_verified":true},"options":{},"externalDependencies":[]},{"key":"transform-block-scoped-functions","visitor":{"BlockStatement":{"enter":[null]},"SwitchCase":{"enter":[null]},"_exploded":true,"_verified":true},"options":{},"externalDependencies":[]},{"key":"transform-block-scoping","visitor":{"VariableDeclaration":{"enter":[null,null]},"BlockStatement":{"enter":[null]},"SwitchCase":{"enter":[null]},"ClassDeclaration":{"enter":[null]},"DoWhileStatement":{"enter":[null]},"ForInStatement":{"enter":[null]},"ForStatement":{"enter":[null]},"WhileStatement":{"enter":[null]},"ForOfStatement":{"enter":[null]},"_exploded":true,"_verified":true},"options":{},"externalDependencies":[]},{"key":"transform-classes","visitor":{"ExportDefaultDeclaration":{"enter":[null]},"ClassDeclaration":{"enter":[null]},"ClassExpression":{"enter":[null]},"_exploded":true,"_verified":true},"options":{"loose":true},"externalDependencies":[]},{"key":"transform-computed-properties","visitor":{"ObjectExpression":{"exit":[null]},"_exploded":true,"_verified":true},"options":{"loose":true},"externalDependencies":[]},{"key":"transform-destructuring","visitor":{"ExportNamedDeclaration":{"enter":[null]},"CatchClause":{"enter":[null]},"AssignmentExpression":{"enter":[null]},"VariableDeclaration":{"enter":[null]},"_exploded":true,"_verified":true,"ForInStatement":{"enter":[null]},"ForOfStatement":{"enter":[null]}},"options":{},"externalDependencies":[]},{"key":"transform-for-of","visitor":{"ForOfStatement":{"enter":[null]},"_exploded":true,"_verified":true},"options":{"loose":true},"externalDependencies":[]},{"key":"transform-literals","visitor":{"NumericLiteral":{"enter":[null]},"StringLiteral":{"enter":[null]},"_exploded":true,"_verified":true},"options":{},"externalDependencies":[]},{"key":"transform-object-super","visitor":{"ObjectExpression":{"enter":[null]},"_exploded":true,"_verified":true,"DoWhileStatement":{"exit":[null]},"ForInStatement":{"exit":[null]},"ForStatement":{"exit":[null]},"WhileStatement":{"exit":[null]},"ForOfStatement":{"exit":[null]}},"options":{},"externalDependencies":[]},{"key":"transform-parameters","visitor":{"_exploded":true,"_verified":true,"FunctionDeclaration":{"enter":[null]},"FunctionExpression":{"enter":[null]},"ObjectMethod":{"enter":[null]},"ArrowFunctionExpression":{"enter":[null]},"ClassMethod":{"enter":[null]},"ClassPrivateMethod":{"enter":[null]}},"options":{},"externalDependencies":[]},{"key":"transform-shorthand-properties","visitor":{"ObjectMethod":{"enter":[null]},"ObjectProperty":{"enter":[null]},"_exploded":true,"_verified":true},"options":{},"externalDependencies":[]},{"key":"transform-spread","visitor":{"ArrayExpression":{"enter":[null]},"CallExpression":{"enter":[null]},"NewExpression":{"enter":[null]},"_exploded":true,"_verified":true},"options":{},"externalDependencies":[]},{"key":"transform-sticky-regex","visitor":{"RegExpLiteral":{"enter":[null]},"_exploded":true,"_verified":true},"options":{},"externalDependencies":[]},{"key":"transform-template-literals","visitor":{"TaggedTemplateExpression":{"enter":[null]},"TemplateLiteral":{"enter":[null]},"_exploded":true,"_verified":true},"options":{"loose":true},"externalDependencies":[]},{"key":"transform-typeof-symbol","visitor":{"UnaryExpression":{"enter":[null]},"_exploded":true,"_verified":true,"BlockStatement":{"enter":[null]},"CatchClause":{"enter":[null]},"DoWhileStatement":{"enter":[null]},"ForInStatement":{"enter":[null]},"ForStatement":{"enter":[null]},"FunctionDeclaration":{"enter":[null]},"FunctionExpression":{"enter":[null]},"Program":{"enter":[null]},"ObjectMethod":{"enter":[null]},"SwitchStatement":{"enter":[null]},"WhileStatement":{"enter":[null]},"ArrowFunctionExpression":{"enter":[null]},"ClassExpression":{"enter":[null]},"ClassDeclaration":{"enter":[null]},"ForOfStatement":{"enter":[null]},"ClassMethod":{"enter":[null]},"ClassPrivateMethod":{"enter":[null]},"StaticBlock":{"enter":[null]},"TSModuleBlock":{"enter":[null]},"AssignmentPattern":{"enter":[null]},"ArrayPattern":{"enter":[null]},"ObjectPattern":{"enter":[null]}},"options":{},"externalDependencies":[]},{"key":"transform-unicode-regex","visitor":{"RegExpLiteral":{"enter":[null]},"_exploded":true,"_verified":true},"options":{},"externalDependencies":[]},{"key":"transform-property-literals","visitor":{"ObjectProperty":{"exit":[null]},"_exploded":true,"_verified":true},"options":{},"externalDependencies":[]},{"key":"transform-exponentiation-operator","visitor":{"AssignmentExpression":{"enter":[null]},"BinaryExpression":{"enter":[null]},"_exploded":true,"_verified":true},"options":{},"externalDependencies":[]},{"key":"transform-regenerator","visitor":{"ObjectMethod":{"enter":[null],"exit":[null]},"ClassMethod":{"enter":[null],"exit":[null]},"ClassPrivateMethod":{"enter":[null],"exit":[null]},"FunctionDeclaration":{"exit":[null]},"FunctionExpression":{"exit":[null]},"ArrowFunctionExpression":{"exit":[null]},"MemberExpression":{"enter":[null]},"_exploded":true,"_verified":true},"options":{},"externalDependencies":[]}],"presets":[],"generatorOpts":{"filename":"D:\\loan_app\\loan-management\\packages\\aldeed:simple-schema\\lib\\SimpleSchemaGroup.js","comments":true,"compact":false,"sourceMaps":true,"sourceFileName":"packages/aldeed:simple-schema/lib/SimpleSchemaGroup.js"}},"code":"var _construct;\nmodule.link(\"@babel/runtime/helpers/construct\", {\n  default: function (v) {\n    _construct = v;\n  }\n}, 0);\nvar _toConsumableArray;\nmodule.link(\"@babel/runtime/helpers/toConsumableArray\", {\n  default: function (v) {\n    _toConsumableArray = v;\n  }\n}, 1);\nvar _objectSpread;\nmodule.link(\"@babel/runtime/helpers/objectSpread2\", {\n  default: function (v) {\n    _objectSpread = v;\n  }\n}, 2);\nvar _createClass;\nmodule.link(\"@babel/runtime/helpers/createClass\", {\n  default: function (v) {\n    _createClass = v;\n  }\n}, 3);\nvar MongoObject;\nmodule.link(\"mongo-object\", {\n  \"default\": function (v) {\n    MongoObject = v;\n  }\n}, 0);\nvar SimpleSchemaGroup = /*#__PURE__*/function () {\n  function SimpleSchemaGroup() {\n    for (var _len = arguments.length, definitions = new Array(_len), _key = 0; _key < _len; _key++) {\n      definitions[_key] = arguments[_key];\n    }\n    this.definitions = definitions.map(function (definition) {\n      if (MongoObject.isBasicObject(definition)) {\n        return _objectSpread({}, definition);\n      }\n      if (definition instanceof RegExp) {\n        return {\n          type: String,\n          regEx: definition\n        };\n      }\n      return {\n        type: definition\n      };\n    });\n  }\n  var _proto = SimpleSchemaGroup.prototype;\n  _proto.clone = function () {\n    function clone() {\n      return _construct(SimpleSchemaGroup, _toConsumableArray(this.definitions));\n    }\n    return clone;\n  }();\n  _proto.extend = function () {\n    function extend(otherGroup) {\n      // We extend based on index being the same. No better way I can think of at the moment.\n      this.definitions = this.definitions.map(function (def, index) {\n        var otherDef = otherGroup.definitions[index];\n        if (!otherDef) return def;\n        return _objectSpread(_objectSpread({}, def), otherDef);\n      });\n    }\n    return extend;\n  }();\n  _createClass(SimpleSchemaGroup, [{\n    key: \"singleType\",\n    get: function () {\n      return this.definitions[0].type;\n    }\n  }]);\n  return SimpleSchemaGroup;\n}();\nmodule.exportDefault(SimpleSchemaGroup);","map":{"version":3,"names":["_construct","module","link","default","v","_toConsumableArray","_objectSpread","_createClass","MongoObject","SimpleSchemaGroup","_len","arguments","length","definitions","Array","_key","map","definition","isBasicObject","RegExp","type","String","regEx","_proto","prototype","clone","extend","otherGroup","def","index","otherDef","key","get","exportDefault"],"sources":["packages/aldeed:simple-schema/lib/SimpleSchemaGroup.js"],"sourcesContent":["import MongoObject from 'mongo-object';\n\nclass SimpleSchemaGroup {\n  constructor(...definitions) {\n    this.definitions = definitions.map((definition) => {\n      if (MongoObject.isBasicObject(definition)) {\n        return { ...definition };\n      }\n\n      if (definition instanceof RegExp) {\n        return {\n          type: String,\n          regEx: definition,\n        };\n      }\n\n      return { type: definition };\n    });\n  }\n\n  get singleType() {\n    return this.definitions[0].type;\n  }\n\n  clone() {\n    return new SimpleSchemaGroup(...this.definitions);\n  }\n\n  extend(otherGroup) {\n    // We extend based on index being the same. No better way I can think of at the moment.\n    this.definitions = this.definitions.map((def, index) => {\n      const otherDef = otherGroup.definitions[index];\n      if (!otherDef) return def;\n      return { ...def, ...otherDef };\n    });\n  }\n}\n\nexport default SimpleSchemaGroup;\n"],"mappings":"AAAA,IAAIA,UAAU;AAACC,MAAM,CAACC,IAAI,CAAC,kCAAkC,EAAC;EAACC,OAAO,EAAC,SAAAA,CAASC,CAAC,EAAC;IAACJ,UAAU,GAACI,CAAC;EAAA;AAAC,CAAC,EAAC,CAAC,CAAC;AAAC,IAAIC,kBAAkB;AAACJ,MAAM,CAACC,IAAI,CAAC,0CAA0C,EAAC;EAACC,OAAO,EAAC,SAAAA,CAASC,CAAC,EAAC;IAACC,kBAAkB,GAACD,CAAC;EAAA;AAAC,CAAC,EAAC,CAAC,CAAC;AAAC,IAAIE,aAAa;AAACL,MAAM,CAACC,IAAI,CAAC,sCAAsC,EAAC;EAACC,OAAO,EAAC,SAAAA,CAASC,CAAC,EAAC;IAACE,aAAa,GAACF,CAAC;EAAA;AAAC,CAAC,EAAC,CAAC,CAAC;AAAC,IAAIG,YAAY;AAACN,MAAM,CAACC,IAAI,CAAC,oCAAoC,EAAC;EAACC,OAAO,EAAC,SAAAA,CAASC,CAAC,EAAC;IAACG,YAAY,GAACH,CAAC;EAAA;AAAC,CAAC,EAAC,CAAC,CAAC;AAA3b,IAAII,WAAW;AAACP,MAAM,CAACC,IAAI,CAAC,cAAc,EAAC;EAAC,WAAQ,SAAAC,CAASC,CAAC,EAAC;IAACI,WAAW,GAACJ,CAAC;EAAA;AAAC,CAAC,EAAC,CAAC,CAAC;AAAC,IAE7EK,iBAAiB;EACrB,SAAAA,kBAAA,EAA4B;IAAA,SAAAC,IAAA,GAAAC,SAAA,CAAAC,MAAA,EAAbC,WAAW,OAAAC,KAAA,CAAAJ,IAAA,GAAAK,IAAA,MAAAA,IAAA,GAAAL,IAAA,EAAAK,IAAA;MAAXF,WAAW,CAAAE,IAAA,IAAAJ,SAAA,CAAAI,IAAA;IAAA;IACxB,IAAI,CAACF,WAAW,GAAGA,WAAW,CAACG,GAAG,CAAC,UAACC,UAAU,EAAK;MACjD,IAAIT,WAAW,CAACU,aAAa,CAACD,UAAU,CAAC,EAAE;QACzC,OAAAX,aAAA,KAAYW,UAAU;MACxB;MAEA,IAAIA,UAAU,YAAYE,MAAM,EAAE;QAChC,OAAO;UACLC,IAAI,EAAEC,MAAM;UACZC,KAAK,EAAEL;QACT,CAAC;MACH;MAEA,OAAO;QAAEG,IAAI,EAAEH;MAAW,CAAC;IAC7B,CAAC,CAAC;EACJ;EAAC,IAAAM,MAAA,GAAAd,iBAAA,CAAAe,SAAA;EAAAD,MAAA,CAMDE,KAAK;IAAL,SAAAA,MAAA,EAAQ;MACN,OAAAzB,UAAA,CAAWS,iBAAiB,EAAAJ,kBAAA,CAAI,IAAI,CAACQ,WAAW;IAClD;IAAC,OAAAY,KAAA;EAAA;EAAAF,MAAA,CAEDG,MAAM;IAAN,SAAAA,OAAOC,UAAU,EAAE;MACjB;MACA,IAAI,CAACd,WAAW,GAAG,IAAI,CAACA,WAAW,CAACG,GAAG,CAAC,UAACY,GAAG,EAAEC,KAAK,EAAK;QACtD,IAAMC,QAAQ,GAAGH,UAAU,CAACd,WAAW,CAACgB,KAAK,CAAC;QAC9C,IAAI,CAACC,QAAQ,EAAE,OAAOF,GAAG;QACzB,OAAAtB,aAAA,CAAAA,aAAA,KAAYsB,GAAG,GAAKE,QAAQ;MAC9B,CAAC,CAAC;IACJ;IAAC,OAAAJ,MAAA;EAAA;EAAAnB,YAAA,CAAAE,iBAAA;IAAAsB,GAAA;IAAAC,GAAA,EAfD,SAAAA,CAAA,EAAiB;MACf,OAAO,IAAI,CAACnB,WAAW,CAAC,CAAC,CAAC,CAACO,IAAI;IACjC;EAAC;EAAA,OAAAX,iBAAA;AAAA;AAtBHR,MAAM,CAACgC,aAAa,CAsCLxB,iBAtCS,CAAC"},"sourceType":"module","externalDependencies":{},"hash":"badc59e90e1852c45fb7449fc99691fc7f38dcc6"}
