{"metadata":{},"options":{"assumptions":{},"compact":false,"sourceMaps":true,"ast":true,"babelrc":false,"configFile":false,"parserOpts":{"sourceType":"module","sourceFileName":"D:\\loan_app\\loan-management\\packages\\aldeed:simple-schema\\lib\\expandShorthand.js","plugins":["*","flow","jsx","asyncGenerators","bigInt","classPrivateMethods","classPrivateProperties","classProperties","doExpressions","dynamicImport","exportDefaultFrom","exportExtensions","exportNamespaceFrom","functionBind","functionSent","importMeta","nullishCoalescingOperator","numericSeparator","objectRestSpread","optionalCatchBinding","optionalChaining",["pipelineOperator",{"proposal":"minimal"}],"throwExpressions","objectRestSpread","objectRestSpread","asyncGenerators","classProperties","classPrivateProperties","jsx","nullishCoalescingOperator","nullishCoalescingOperator","optionalChaining","optionalChaining","optionalCatchBinding","optionalCatchBinding","classProperties","classPrivateProperties","classPrivateMethods","classProperties","classPrivateProperties","asyncGenerators","asyncGenerators","objectRestSpread","objectRestSpread","logicalAssignment"],"allowImportExportEverywhere":true,"allowReturnOutsideFunction":true,"allowUndeclaredExports":true,"strictMode":false},"caller":{"name":"meteor","arch":"os.windows.x86_64"},"sourceFileName":"packages/aldeed:simple-schema/lib/expandShorthand.js","filename":"D:\\loan_app\\loan-management\\packages\\aldeed:simple-schema\\lib\\expandShorthand.js","targets":{},"cloneInputAst":true,"browserslistConfigFile":false,"passPerPreset":false,"envName":"development","cwd":"D:\\loan_app\\loan-management","root":"D:\\loan_app\\loan-management","rootMode":"root","plugins":[{"key":"base$0","visitor":{"_exploded":true,"_verified":true},"options":{},"externalDependencies":[]},{"key":"base$0$0","visitor":{"Program":{"enter":[null],"exit":[null]},"_exploded":true,"_verified":true},"options":{"avoidModernSyntax":false,"enforceStrictMode":false,"dynamicImport":true,"generateLetDeclarations":true},"externalDependencies":[]},{"key":"transform-runtime","visitor":{"MemberExpression":{"enter":[null]},"ObjectPattern":{"enter":[null]},"BinaryExpression":{"enter":[null]},"Identifier":{"enter":[null]},"JSXIdentifier":{"enter":[null]},"_exploded":true,"_verified":true},"options":{"version":"7.17.2","helpers":true,"useESModules":false,"corejs":false},"externalDependencies":[]},{"key":"syntax-object-rest-spread","visitor":{"_exploded":true,"_verified":true},"options":{},"externalDependencies":[]},{"key":"proposal-object-rest-spread","visitor":{"VariableDeclarator":{"enter":[null]},"ExportNamedDeclaration":{"enter":[null]},"CatchClause":{"enter":[null]},"AssignmentExpression":{"enter":[null]},"ArrayPattern":{"enter":[null]},"ObjectExpression":{"enter":[null]},"FunctionDeclaration":{"enter":[null]},"FunctionExpression":{"enter":[null]},"ObjectMethod":{"enter":[null]},"ArrowFunctionExpression":{"enter":[null]},"ClassMethod":{"enter":[null]},"ClassPrivateMethod":{"enter":[null]},"ForInStatement":{"enter":[null]},"ForOfStatement":{"enter":[null]},"_exploded":true,"_verified":true},"options":{},"externalDependencies":[]},{"key":"transform-meteor-async-await","visitor":{"AwaitExpression":{"enter":[null]},"_exploded":true,"_verified":true,"FunctionDeclaration":{"exit":[null]},"FunctionExpression":{"exit":[null]},"ObjectMethod":{"exit":[null]},"ArrowFunctionExpression":{"exit":[null]},"ClassMethod":{"exit":[null]},"ClassPrivateMethod":{"exit":[null]}},"options":{"useNativeAsyncAwait":false},"externalDependencies":[]},{"key":"proposal-async-generator-functions","visitor":{"Program":{"enter":[null]},"_exploded":true,"_verified":true},"options":{},"externalDependencies":[]},{"key":"proposal-class-properties","visitor":{"ExportDefaultDeclaration":{"enter":[null]},"_exploded":true,"_verified":true,"ClassExpression":{"enter":[null]},"ClassDeclaration":{"enter":[null]}},"options":{"loose":true},"externalDependencies":[]},{"key":"transform-react-jsx","visitor":{"JSXNamespacedName":{"enter":[null]},"JSXSpreadChild":{"enter":[null]},"Program":{"enter":[null]},"JSXFragment":{"exit":[null]},"JSXElement":{"exit":[null]},"JSXAttribute":{"enter":[null]},"_exploded":true,"_verified":true},"options":{"pragma":"React.createElement","pragmaFrag":"React.Fragment","runtime":"classic","throwIfNamespace":true,"useBuiltIns":false},"externalDependencies":[]},{"key":"transform-react-display-name","visitor":{"ExportDefaultDeclaration":{"enter":[null]},"CallExpression":{"enter":[null]},"_exploded":true,"_verified":true},"options":{},"externalDependencies":[]},{"key":"transform-react-pure-annotations","visitor":{"CallExpression":{"enter":[null]},"_exploded":true,"_verified":true},"options":{},"externalDependencies":[]},{"key":"syntax-nullish-coalescing-operator","visitor":{"_exploded":true,"_verified":true},"options":{},"externalDependencies":[]},{"key":"proposal-nullish-coalescing-operator","visitor":{"LogicalExpression":{"enter":[null]},"_exploded":true,"_verified":true},"options":{},"externalDependencies":[]},{"key":"syntax-optional-chaining","visitor":{"_exploded":true,"_verified":true},"options":{},"externalDependencies":[]},{"key":"proposal-optional-chaining","visitor":{"OptionalCallExpression":{"enter":[null]},"OptionalMemberExpression":{"enter":[null]},"_exploded":true,"_verified":true},"options":{},"externalDependencies":[]},{"key":"syntax-optional-catch-binding","visitor":{"_exploded":true,"_verified":true},"options":{},"externalDependencies":[]},{"key":"proposal-optional-catch-binding","visitor":{"CatchClause":{"enter":[null]},"_exploded":true,"_verified":true},"options":{},"externalDependencies":[]},{"key":"syntax-class-properties","visitor":{"_exploded":true,"_verified":true},"options":{},"externalDependencies":[]},{"key":"proposal-class-properties","visitor":{"ExportDefaultDeclaration":{"enter":[null]},"_exploded":true,"_verified":true,"ClassExpression":{"enter":[null]},"ClassDeclaration":{"enter":[null]}},"options":{},"externalDependencies":[]},{"key":"syntax-async-generators","visitor":{"_exploded":true,"_verified":true},"options":{},"externalDependencies":[]},{"key":"proposal-async-generator-functions","visitor":{"Program":{"enter":[null]},"_exploded":true,"_verified":true},"options":{},"externalDependencies":[]},{"key":"syntax-object-rest-spread","visitor":{"_exploded":true,"_verified":true},"options":{},"externalDependencies":[]},{"key":"proposal-object-rest-spread","visitor":{"VariableDeclarator":{"enter":[null]},"ExportNamedDeclaration":{"enter":[null]},"CatchClause":{"enter":[null]},"AssignmentExpression":{"enter":[null]},"ArrayPattern":{"enter":[null]},"ObjectExpression":{"enter":[null]},"FunctionDeclaration":{"enter":[null]},"FunctionExpression":{"enter":[null]},"ObjectMethod":{"enter":[null]},"ArrowFunctionExpression":{"enter":[null]},"ClassMethod":{"enter":[null]},"ClassPrivateMethod":{"enter":[null]},"ForInStatement":{"enter":[null]},"ForOfStatement":{"enter":[null]},"_exploded":true,"_verified":true},"options":{},"externalDependencies":[]},{"key":"proposal-logical-assignment-operators","visitor":{"AssignmentExpression":{"enter":[null]},"_exploded":true,"_verified":true},"options":{},"externalDependencies":[]},{"key":"transform-literals","visitor":{"NumericLiteral":{"enter":[null]},"StringLiteral":{"enter":[null]},"_exploded":true,"_verified":true},"options":{},"externalDependencies":[]},{"key":"transform-template-literals","visitor":{"TaggedTemplateExpression":{"enter":[null]},"TemplateLiteral":{"enter":[null]},"_exploded":true,"_verified":true},"options":{},"externalDependencies":[]},{"key":"transform-parameters","visitor":{"_exploded":true,"_verified":true,"FunctionDeclaration":{"enter":[null]},"FunctionExpression":{"enter":[null]},"ObjectMethod":{"enter":[null]},"ArrowFunctionExpression":{"enter":[null]},"ClassMethod":{"enter":[null]},"ClassPrivateMethod":{"enter":[null]}},"options":{},"externalDependencies":[]},{"key":"transform-exponentiation-operator","visitor":{"AssignmentExpression":{"enter":[null]},"BinaryExpression":{"enter":[null]},"_exploded":true,"_verified":true},"options":{},"externalDependencies":[]}],"presets":[],"generatorOpts":{"filename":"D:\\loan_app\\loan-management\\packages\\aldeed:simple-schema\\lib\\expandShorthand.js","comments":true,"compact":false,"sourceMaps":true,"sourceFileName":"packages/aldeed:simple-schema/lib/expandShorthand.js"}},"code":"let _objectSpread;\nmodule.link(\"@babel/runtime/helpers/objectSpread2\", {\n  default(v) {\n    _objectSpread = v;\n  }\n}, 0);\nlet MongoObject;\nmodule.link(\"mongo-object\", {\n  default(v) {\n    MongoObject = v;\n  }\n}, 0);\n/**\n * Clones a schema object, expanding shorthand as it does it.\n */\nfunction expandShorthand(schema) {\n  const schemaClone = {};\n  Object.keys(schema).forEach(key => {\n    const definition = schema[key];\n    // CASE 1: Not shorthand. Just clone\n    if (MongoObject.isBasicObject(definition)) {\n      schemaClone[key] = _objectSpread({}, definition);\n      return;\n    }\n\n    // CASE 2: The definition is an array of some type\n    if (Array.isArray(definition)) {\n      if (Array.isArray(definition[0])) {\n        throw new Error(\"Array shorthand may only be used to one level of depth (\".concat(key, \")\"));\n      }\n      const type = definition[0];\n      schemaClone[key] = {\n        type: Array\n      };\n\n      // Also add the item key definition\n      const itemKey = \"\".concat(key, \".$\");\n      if (schema[itemKey]) {\n        throw new Error(\"Array shorthand used for \".concat(key, \" field but \").concat(key, \".$ key is already in the schema\"));\n      }\n      if (type instanceof RegExp) {\n        schemaClone[itemKey] = {\n          type: String,\n          regEx: type\n        };\n      } else {\n        schemaClone[itemKey] = {\n          type\n        };\n      }\n      return;\n    }\n\n    // CASE 3: The definition is a regular expression\n    if (definition instanceof RegExp) {\n      schemaClone[key] = {\n        type: String,\n        regEx: definition\n      };\n      return;\n    }\n\n    // CASE 4: The definition is something, a type\n    schemaClone[key] = {\n      type: definition\n    };\n  });\n  return schemaClone;\n}\nmodule.exportDefault(expandShorthand);","map":{"version":3,"names":["_objectSpread","module","link","default","v","MongoObject","expandShorthand","schema","schemaClone","Object","keys","forEach","key","definition","isBasicObject","Array","isArray","Error","concat","type","itemKey","RegExp","String","regEx","exportDefault"],"sources":["packages/aldeed:simple-schema/lib/expandShorthand.js"],"sourcesContent":["import MongoObject from 'mongo-object';\n\n/**\n * Clones a schema object, expanding shorthand as it does it.\n */\nfunction expandShorthand(schema) {\n  const schemaClone = {};\n\n  Object.keys(schema).forEach((key) => {\n    const definition = schema[key];\n    // CASE 1: Not shorthand. Just clone\n    if (MongoObject.isBasicObject(definition)) {\n      schemaClone[key] = { ...definition };\n      return;\n    }\n\n    // CASE 2: The definition is an array of some type\n    if (Array.isArray(definition)) {\n      if (Array.isArray(definition[0])) {\n        throw new Error(`Array shorthand may only be used to one level of depth (${key})`);\n      }\n      const type = definition[0];\n      schemaClone[key] = { type: Array };\n\n      // Also add the item key definition\n      const itemKey = `${key}.$`;\n      if (schema[itemKey]) {\n        throw new Error(`Array shorthand used for ${key} field but ${key}.$ key is already in the schema`);\n      }\n\n      if (type instanceof RegExp) {\n        schemaClone[itemKey] = { type: String, regEx: type };\n      } else {\n        schemaClone[itemKey] = { type };\n      }\n      return;\n    }\n\n    // CASE 3: The definition is a regular expression\n    if (definition instanceof RegExp) {\n      schemaClone[key] = {\n        type: String,\n        regEx: definition,\n      };\n      return;\n    }\n\n    // CASE 4: The definition is something, a type\n    schemaClone[key] = { type: definition };\n  });\n\n  return schemaClone;\n}\n\nexport default expandShorthand;\n"],"mappings":"AAAA,IAAIA,aAAa;AAACC,MAAM,CAACC,IAAI,CAAC,sCAAsC,EAAC;EAACC,OAAOA,CAACC,CAAC,EAAC;IAACJ,aAAa,GAACI,CAAC;EAAA;AAAC,CAAC,EAAC,CAAC,CAAC;AAArG,IAAIC,WAAW;AAACJ,MAAM,CAACC,IAAI,CAAC,cAAc,EAAC;EAACC,OAAOA,CAACC,CAAC,EAAC;IAACC,WAAW,GAACD,CAAC;EAAA;AAAC,CAAC,EAAC,CAAC,CAAC;AAEzE;AACA;AACA;AACA,SAASE,eAAeA,CAACC,MAAM,EAAE;EAC/B,MAAMC,WAAW,GAAG,CAAC,CAAC;EAEtBC,MAAM,CAACC,IAAI,CAACH,MAAM,CAAC,CAACI,OAAO,CAAEC,GAAG,IAAK;IACnC,MAAMC,UAAU,GAAGN,MAAM,CAACK,GAAG,CAAC;IAC9B;IACA,IAAIP,WAAW,CAACS,aAAa,CAACD,UAAU,CAAC,EAAE;MACzCL,WAAW,CAACI,GAAG,CAAC,GAAAZ,aAAA,KAAQa,UAAU,CAAE;MACpC;IACF;;IAEA;IACA,IAAIE,KAAK,CAACC,OAAO,CAACH,UAAU,CAAC,EAAE;MAC7B,IAAIE,KAAK,CAACC,OAAO,CAACH,UAAU,CAAC,CAAC,CAAC,CAAC,EAAE;QAChC,MAAM,IAAII,KAAK,4DAAAC,MAAA,CAA4DN,GAAG,MAAG,CAAC;MACpF;MACA,MAAMO,IAAI,GAAGN,UAAU,CAAC,CAAC,CAAC;MAC1BL,WAAW,CAACI,GAAG,CAAC,GAAG;QAAEO,IAAI,EAAEJ;MAAM,CAAC;;MAElC;MACA,MAAMK,OAAO,MAAAF,MAAA,CAAMN,GAAG,OAAI;MAC1B,IAAIL,MAAM,CAACa,OAAO,CAAC,EAAE;QACnB,MAAM,IAAIH,KAAK,6BAAAC,MAAA,CAA6BN,GAAG,iBAAAM,MAAA,CAAcN,GAAG,oCAAiC,CAAC;MACpG;MAEA,IAAIO,IAAI,YAAYE,MAAM,EAAE;QAC1Bb,WAAW,CAACY,OAAO,CAAC,GAAG;UAAED,IAAI,EAAEG,MAAM;UAAEC,KAAK,EAAEJ;QAAK,CAAC;MACtD,CAAC,MAAM;QACLX,WAAW,CAACY,OAAO,CAAC,GAAG;UAAED;QAAK,CAAC;MACjC;MACA;IACF;;IAEA;IACA,IAAIN,UAAU,YAAYQ,MAAM,EAAE;MAChCb,WAAW,CAACI,GAAG,CAAC,GAAG;QACjBO,IAAI,EAAEG,MAAM;QACZC,KAAK,EAAEV;MACT,CAAC;MACD;IACF;;IAEA;IACAL,WAAW,CAACI,GAAG,CAAC,GAAG;MAAEO,IAAI,EAAEN;IAAW,CAAC;EACzC,CAAC,CAAC;EAEF,OAAOL,WAAW;AACpB;AApDAP,MAAM,CAACuB,aAAa,CAsDLlB,eAtDS,CAAC"},"sourceType":"module","externalDependencies":{},"hash":"c2ec85f77e19028d06800596915ea417473f1991"}
