{"metadata":{},"options":{"assumptions":{},"compact":false,"sourceMaps":true,"ast":true,"babelrc":false,"configFile":false,"parserOpts":{"sourceType":"module","sourceFileName":"D:\\loan_app\\loan-management\\packages\\random\\AleaRandomGenerator.js","plugins":["*","flow","jsx","asyncGenerators","bigInt","classPrivateMethods","classPrivateProperties","classProperties","doExpressions","dynamicImport","exportDefaultFrom","exportExtensions","exportNamespaceFrom","functionBind","functionSent","importMeta","nullishCoalescingOperator","numericSeparator","objectRestSpread","optionalCatchBinding","optionalChaining",["pipelineOperator",{"proposal":"minimal"}],"throwExpressions","classProperties","classPrivateProperties","jsx","nullishCoalescingOperator","nullishCoalescingOperator","optionalChaining","optionalChaining","optionalCatchBinding","optionalCatchBinding","classProperties","classPrivateProperties","classPrivateMethods","classProperties","classPrivateProperties","asyncGenerators","asyncGenerators","objectRestSpread","objectRestSpread","logicalAssignment"],"allowImportExportEverywhere":true,"allowReturnOutsideFunction":true,"allowUndeclaredExports":true,"strictMode":false},"caller":{"name":"meteor","arch":"web.browser.legacy"},"sourceFileName":"packages/random/AleaRandomGenerator.js","filename":"D:\\loan_app\\loan-management\\packages\\random\\AleaRandomGenerator.js","targets":{},"cloneInputAst":true,"browserslistConfigFile":false,"passPerPreset":false,"envName":"development","cwd":"D:\\loan_app\\loan-management","root":"D:\\loan_app\\loan-management","rootMode":"root","plugins":[{"key":"base$0","visitor":{"_exploded":true,"_verified":true},"options":{},"externalDependencies":[]},{"key":"base$0$0","visitor":{"Program":{"enter":[null],"exit":[null]},"_exploded":true,"_verified":true},"options":{"avoidModernSyntax":true,"enforceStrictMode":false,"dynamicImport":true},"externalDependencies":[]},{"key":"transform-runtime","visitor":{"MemberExpression":{"enter":[null]},"ObjectPattern":{"enter":[null]},"BinaryExpression":{"enter":[null]},"Identifier":{"enter":[null]},"JSXIdentifier":{"enter":[null]},"_exploded":true,"_verified":true},"options":{"version":"7.17.2","helpers":true,"useESModules":false,"corejs":false},"externalDependencies":[]},{"key":"proposal-class-properties","visitor":{"ExportDefaultDeclaration":{"enter":[null]},"_exploded":true,"_verified":true,"ClassExpression":{"enter":[null]},"ClassDeclaration":{"enter":[null]}},"options":{"loose":true},"externalDependencies":[]},{"key":"base$0$3","visitor":{"FunctionExpression":{"exit":[null]},"_exploded":true,"_verified":true},"options":{},"externalDependencies":[]},{"key":"base$0$4","visitor":{"ForInStatement":{"enter":[null]},"_exploded":true,"_verified":true},"options":{},"externalDependencies":[]},{"key":"transform-react-jsx","visitor":{"JSXNamespacedName":{"enter":[null]},"JSXSpreadChild":{"enter":[null]},"Program":{"enter":[null]},"JSXFragment":{"exit":[null]},"JSXElement":{"exit":[null]},"JSXAttribute":{"enter":[null]},"_exploded":true,"_verified":true},"options":{"pragma":"React.createElement","pragmaFrag":"React.Fragment","runtime":"classic","throwIfNamespace":true,"useBuiltIns":false},"externalDependencies":[]},{"key":"transform-react-display-name","visitor":{"ExportDefaultDeclaration":{"enter":[null]},"CallExpression":{"enter":[null]},"_exploded":true,"_verified":true},"options":{},"externalDependencies":[]},{"key":"transform-react-pure-annotations","visitor":{"CallExpression":{"enter":[null]},"_exploded":true,"_verified":true},"options":{},"externalDependencies":[]},{"key":"syntax-nullish-coalescing-operator","visitor":{"_exploded":true,"_verified":true},"options":{},"externalDependencies":[]},{"key":"proposal-nullish-coalescing-operator","visitor":{"LogicalExpression":{"enter":[null]},"_exploded":true,"_verified":true},"options":{},"externalDependencies":[]},{"key":"syntax-optional-chaining","visitor":{"_exploded":true,"_verified":true},"options":{},"externalDependencies":[]},{"key":"proposal-optional-chaining","visitor":{"OptionalCallExpression":{"enter":[null]},"OptionalMemberExpression":{"enter":[null]},"_exploded":true,"_verified":true},"options":{},"externalDependencies":[]},{"key":"syntax-optional-catch-binding","visitor":{"_exploded":true,"_verified":true},"options":{},"externalDependencies":[]},{"key":"proposal-optional-catch-binding","visitor":{"CatchClause":{"enter":[null]},"_exploded":true,"_verified":true},"options":{},"externalDependencies":[]},{"key":"syntax-class-properties","visitor":{"_exploded":true,"_verified":true},"options":{},"externalDependencies":[]},{"key":"proposal-class-properties","visitor":{"ExportDefaultDeclaration":{"enter":[null]},"_exploded":true,"_verified":true,"ClassExpression":{"enter":[null]},"ClassDeclaration":{"enter":[null]}},"options":{},"externalDependencies":[]},{"key":"syntax-async-generators","visitor":{"_exploded":true,"_verified":true},"options":{},"externalDependencies":[]},{"key":"proposal-async-generator-functions","visitor":{"Program":{"enter":[null]},"_exploded":true,"_verified":true},"options":{},"externalDependencies":[]},{"key":"syntax-object-rest-spread","visitor":{"_exploded":true,"_verified":true},"options":{},"externalDependencies":[]},{"key":"proposal-object-rest-spread","visitor":{"VariableDeclarator":{"enter":[null]},"ExportNamedDeclaration":{"enter":[null]},"CatchClause":{"enter":[null]},"AssignmentExpression":{"enter":[null]},"ArrayPattern":{"enter":[null]},"ObjectExpression":{"enter":[null]},"FunctionDeclaration":{"enter":[null]},"FunctionExpression":{"enter":[null]},"ObjectMethod":{"enter":[null]},"ArrowFunctionExpression":{"enter":[null]},"ClassMethod":{"enter":[null]},"ClassPrivateMethod":{"enter":[null]},"ForInStatement":{"enter":[null]},"ForOfStatement":{"enter":[null]},"_exploded":true,"_verified":true},"options":{},"externalDependencies":[]},{"key":"proposal-logical-assignment-operators","visitor":{"AssignmentExpression":{"enter":[null]},"_exploded":true,"_verified":true},"options":{},"externalDependencies":[]},{"key":"transform-arrow-functions","visitor":{"ArrowFunctionExpression":{"enter":[null]},"_exploded":true,"_verified":true},"options":{},"externalDependencies":[]},{"key":"transform-block-scoped-functions","visitor":{"BlockStatement":{"enter":[null]},"SwitchCase":{"enter":[null]},"_exploded":true,"_verified":true},"options":{},"externalDependencies":[]},{"key":"transform-block-scoping","visitor":{"VariableDeclaration":{"enter":[null,null]},"BlockStatement":{"enter":[null]},"SwitchCase":{"enter":[null]},"ClassDeclaration":{"enter":[null]},"DoWhileStatement":{"enter":[null]},"ForInStatement":{"enter":[null]},"ForStatement":{"enter":[null]},"WhileStatement":{"enter":[null]},"ForOfStatement":{"enter":[null]},"_exploded":true,"_verified":true},"options":{},"externalDependencies":[]},{"key":"transform-classes","visitor":{"ExportDefaultDeclaration":{"enter":[null]},"ClassDeclaration":{"enter":[null]},"ClassExpression":{"enter":[null]},"_exploded":true,"_verified":true},"options":{"loose":true},"externalDependencies":[]},{"key":"transform-computed-properties","visitor":{"ObjectExpression":{"exit":[null]},"_exploded":true,"_verified":true},"options":{"loose":true},"externalDependencies":[]},{"key":"transform-destructuring","visitor":{"ExportNamedDeclaration":{"enter":[null]},"CatchClause":{"enter":[null]},"AssignmentExpression":{"enter":[null]},"VariableDeclaration":{"enter":[null]},"_exploded":true,"_verified":true,"ForInStatement":{"enter":[null]},"ForOfStatement":{"enter":[null]}},"options":{},"externalDependencies":[]},{"key":"transform-for-of","visitor":{"ForOfStatement":{"enter":[null]},"_exploded":true,"_verified":true},"options":{"loose":true},"externalDependencies":[]},{"key":"transform-literals","visitor":{"NumericLiteral":{"enter":[null]},"StringLiteral":{"enter":[null]},"_exploded":true,"_verified":true},"options":{},"externalDependencies":[]},{"key":"transform-object-super","visitor":{"ObjectExpression":{"enter":[null]},"_exploded":true,"_verified":true,"DoWhileStatement":{"exit":[null]},"ForInStatement":{"exit":[null]},"ForStatement":{"exit":[null]},"WhileStatement":{"exit":[null]},"ForOfStatement":{"exit":[null]}},"options":{},"externalDependencies":[]},{"key":"transform-parameters","visitor":{"_exploded":true,"_verified":true,"FunctionDeclaration":{"enter":[null]},"FunctionExpression":{"enter":[null]},"ObjectMethod":{"enter":[null]},"ArrowFunctionExpression":{"enter":[null]},"ClassMethod":{"enter":[null]},"ClassPrivateMethod":{"enter":[null]}},"options":{},"externalDependencies":[]},{"key":"transform-shorthand-properties","visitor":{"ObjectMethod":{"enter":[null]},"ObjectProperty":{"enter":[null]},"_exploded":true,"_verified":true},"options":{},"externalDependencies":[]},{"key":"transform-spread","visitor":{"ArrayExpression":{"enter":[null]},"CallExpression":{"enter":[null]},"NewExpression":{"enter":[null]},"_exploded":true,"_verified":true},"options":{},"externalDependencies":[]},{"key":"transform-sticky-regex","visitor":{"RegExpLiteral":{"enter":[null]},"_exploded":true,"_verified":true},"options":{},"externalDependencies":[]},{"key":"transform-template-literals","visitor":{"TaggedTemplateExpression":{"enter":[null]},"TemplateLiteral":{"enter":[null]},"_exploded":true,"_verified":true},"options":{"loose":true},"externalDependencies":[]},{"key":"transform-typeof-symbol","visitor":{"UnaryExpression":{"enter":[null]},"_exploded":true,"_verified":true,"BlockStatement":{"enter":[null]},"CatchClause":{"enter":[null]},"DoWhileStatement":{"enter":[null]},"ForInStatement":{"enter":[null]},"ForStatement":{"enter":[null]},"FunctionDeclaration":{"enter":[null]},"FunctionExpression":{"enter":[null]},"Program":{"enter":[null]},"ObjectMethod":{"enter":[null]},"SwitchStatement":{"enter":[null]},"WhileStatement":{"enter":[null]},"ArrowFunctionExpression":{"enter":[null]},"ClassExpression":{"enter":[null]},"ClassDeclaration":{"enter":[null]},"ForOfStatement":{"enter":[null]},"ClassMethod":{"enter":[null]},"ClassPrivateMethod":{"enter":[null]},"StaticBlock":{"enter":[null]},"TSModuleBlock":{"enter":[null]},"AssignmentPattern":{"enter":[null]},"ArrayPattern":{"enter":[null]},"ObjectPattern":{"enter":[null]}},"options":{},"externalDependencies":[]},{"key":"transform-unicode-regex","visitor":{"RegExpLiteral":{"enter":[null]},"_exploded":true,"_verified":true},"options":{},"externalDependencies":[]},{"key":"transform-property-literals","visitor":{"ObjectProperty":{"exit":[null]},"_exploded":true,"_verified":true},"options":{},"externalDependencies":[]},{"key":"transform-exponentiation-operator","visitor":{"AssignmentExpression":{"enter":[null]},"BinaryExpression":{"enter":[null]},"_exploded":true,"_verified":true},"options":{},"externalDependencies":[]},{"key":"transform-regenerator","visitor":{"ObjectMethod":{"enter":[null],"exit":[null]},"ClassMethod":{"enter":[null],"exit":[null]},"ClassPrivateMethod":{"enter":[null],"exit":[null]},"FunctionDeclaration":{"exit":[null]},"FunctionExpression":{"exit":[null]},"ArrowFunctionExpression":{"exit":[null]},"MemberExpression":{"enter":[null]},"_exploded":true,"_verified":true},"options":{},"externalDependencies":[]}],"presets":[],"generatorOpts":{"filename":"D:\\loan_app\\loan-management\\packages\\random\\AleaRandomGenerator.js","comments":true,"compact":false,"sourceMaps":true,"sourceFileName":"packages/random/AleaRandomGenerator.js"}},"code":"var _inheritsLoose;\nmodule.link(\"@babel/runtime/helpers/inheritsLoose\", {\n  default: function (v) {\n    _inheritsLoose = v;\n  }\n}, 0);\nmodule.export({\n  \"default\": function () {\n    return AleaRandomGenerator;\n  }\n});\nvar RandomGenerator;\nmodule.link(\"./AbstractRandomGenerator\", {\n  \"default\": function (v) {\n    RandomGenerator = v;\n  }\n}, 0);\n// Alea PRNG, which is not cryptographically strong\n// see http://baagoe.org/en/wiki/Better_random_numbers_for_javascript\n// for a full discussion and Alea implementation.\nfunction Alea(seeds) {\n  function Mash() {\n    var n = 0xefc8249d;\n    var mash = function (data) {\n      data = data.toString();\n      for (var i = 0; i < data.length; i++) {\n        n += data.charCodeAt(i);\n        var h = 0.02519603282416938 * n;\n        n = h >>> 0;\n        h -= n;\n        h *= n;\n        n = h >>> 0;\n        h -= n;\n        n += h * 0x100000000; // 2^32\n      }\n      return (n >>> 0) * 2.3283064365386963e-10; // 2^-32\n    };\n    mash.version = 'Mash 0.9';\n    return mash;\n  }\n  var s0 = 0;\n  var s1 = 0;\n  var s2 = 0;\n  var c = 1;\n  if (seeds.length === 0) {\n    seeds = [+new Date()];\n  }\n  var mash = Mash();\n  s0 = mash(' ');\n  s1 = mash(' ');\n  s2 = mash(' ');\n  for (var i = 0; i < seeds.length; i++) {\n    s0 -= mash(seeds[i]);\n    if (s0 < 0) {\n      s0 += 1;\n    }\n    s1 -= mash(seeds[i]);\n    if (s1 < 0) {\n      s1 += 1;\n    }\n    s2 -= mash(seeds[i]);\n    if (s2 < 0) {\n      s2 += 1;\n    }\n  }\n  mash = null;\n  var random = function () {\n    var t = 2091639 * s0 + c * 2.3283064365386963e-10; // 2^-32\n    s0 = s1;\n    s1 = s2;\n    return s2 = t - (c = t | 0);\n  };\n  random.uint32 = function () {\n    return random() * 0x100000000;\n  }; // 2^32\n  random.fract53 = function () {\n    return random() + (random() * 0x200000 | 0) * 1.1102230246251565e-16;\n  }; // 2^-53\n\n  random.version = 'Alea 0.9';\n  random.args = seeds;\n  return random;\n}\n\n// options:\n// - seeds: an array\n//   whose items will be `toString`ed and used as the seed to the Alea\n//   algorithm\nvar AleaRandomGenerator = /*#__PURE__*/function (_RandomGenerator) {\n  _inheritsLoose(AleaRandomGenerator, _RandomGenerator);\n  function AleaRandomGenerator() {\n    var _this;\n    var _ref = arguments.length > 0 && arguments[0] !== undefined ? arguments[0] : {},\n      _ref$seeds = _ref.seeds,\n      seeds = _ref$seeds === void 0 ? [] : _ref$seeds;\n    _this = _RandomGenerator.call(this) || this;\n    if (!seeds) {\n      throw new Error('No seeds were provided for Alea PRNG');\n    }\n    _this.alea = Alea(seeds);\n    return _this;\n  }\n\n  /**\n   * @name Random.fraction\n   * @summary Return a number between 0 and 1, like `Math.random`.\n   * @locus Anywhere\n   */\n  var _proto = AleaRandomGenerator.prototype;\n  _proto.fraction = function () {\n    function fraction() {\n      return this.alea();\n    }\n    return fraction;\n  }();\n  return AleaRandomGenerator;\n}(RandomGenerator);","map":{"version":3,"names":["_inheritsLoose","module","link","default","v","export","AleaRandomGenerator","RandomGenerator","Alea","seeds","Mash","n","mash","data","toString","i","length","charCodeAt","h","version","s0","s1","s2","c","Date","random","t","uint32","fract53","args","_RandomGenerator","_this","_ref","arguments","undefined","_ref$seeds","call","Error","alea","_proto","prototype","fraction"],"sources":["packages/random/AleaRandomGenerator.js"],"sourcesContent":["import RandomGenerator from './AbstractRandomGenerator';\n\n// Alea PRNG, which is not cryptographically strong\n// see http://baagoe.org/en/wiki/Better_random_numbers_for_javascript\n// for a full discussion and Alea implementation.\nfunction Alea(seeds) {\n  function Mash() {\n    let n = 0xefc8249d;\n\n    const mash = (data) => {\n      data = data.toString();\n      for (let i = 0; i < data.length; i++) {\n        n += data.charCodeAt(i);\n        let h = 0.02519603282416938 * n;\n        n = h >>> 0;\n        h -= n;\n        h *= n;\n        n = h >>> 0;\n        h -= n;\n        n += h * 0x100000000; // 2^32\n      }\n      return (n >>> 0) * 2.3283064365386963e-10; // 2^-32\n    };\n\n    mash.version = 'Mash 0.9';\n    return mash;\n  }\n\n  let s0 = 0;\n  let s1 = 0;\n  let s2 = 0;\n  let c = 1;\n  if (seeds.length === 0) {\n    seeds = [+new Date];\n  }\n  let mash = Mash();\n  s0 = mash(' ');\n  s1 = mash(' ');\n  s2 = mash(' ');\n\n  for (let i = 0; i < seeds.length; i++) {\n    s0 -= mash(seeds[i]);\n    if (s0 < 0) {\n      s0 += 1;\n    }\n    s1 -= mash(seeds[i]);\n    if (s1 < 0) {\n      s1 += 1;\n    }\n    s2 -= mash(seeds[i]);\n    if (s2 < 0) {\n      s2 += 1;\n    }\n  }\n  mash = null;\n\n  const random = () => {\n    const t = (2091639 * s0) + (c * 2.3283064365386963e-10); // 2^-32\n    s0 = s1;\n    s1 = s2;\n    return s2 = t - (c = t | 0);\n  };\n\n  random.uint32 = () => random() * 0x100000000; // 2^32\n  random.fract53 = () => random() +\n        ((random() * 0x200000 | 0) * 1.1102230246251565e-16); // 2^-53\n\n  random.version = 'Alea 0.9';\n  random.args = seeds;\n  return random;\n}\n\n// options:\n// - seeds: an array\n//   whose items will be `toString`ed and used as the seed to the Alea\n//   algorithm\nexport default class AleaRandomGenerator extends RandomGenerator {\n  constructor ({ seeds = [] } = {}) {\n    super();\n    if (!seeds) {\n      throw new Error('No seeds were provided for Alea PRNG');\n    }\n    this.alea = Alea(seeds);\n  }\n\n  /**\n   * @name Random.fraction\n   * @summary Return a number between 0 and 1, like `Math.random`.\n   * @locus Anywhere\n   */\n  fraction () {\n    return this.alea();\n  }\n}\n"],"mappings":"AAAA,IAAIA,cAAc;AAACC,MAAM,CAACC,IAAI,CAAC,sCAAsC,EAAC;EAACC,OAAO,EAAC,SAAAA,CAASC,CAAC,EAAC;IAACJ,cAAc,GAACI,CAAC;EAAA;AAAC,CAAC,EAAC,CAAC,CAAC;AAAhHH,MAAM,CAACI,MAAM,CAAC;EAAC,WAAQ,SAAAF,CAAA,EAAU;IAAC,OAAOG,mBAAmB;EAAA;AAAC,CAAC,CAAC;AAAC,IAAIC,eAAe;AAACN,MAAM,CAACC,IAAI,CAAC,2BAA2B,EAAC;EAAC,WAAQ,SAAAC,CAASC,CAAC,EAAC;IAACG,eAAe,GAACH,CAAC;EAAA;AAAC,CAAC,EAAC,CAAC,CAAC;AAEvK;AACA;AACA;AACA,SAASI,IAAIA,CAACC,KAAK,EAAE;EACnB,SAASC,IAAIA,CAAA,EAAG;IACd,IAAIC,CAAC,GAAG,UAAU;IAElB,IAAMC,IAAI,GAAG,SAAAA,CAACC,IAAI,EAAK;MACrBA,IAAI,GAAGA,IAAI,CAACC,QAAQ,CAAC,CAAC;MACtB,KAAK,IAAIC,CAAC,GAAG,CAAC,EAAEA,CAAC,GAAGF,IAAI,CAACG,MAAM,EAAED,CAAC,EAAE,EAAE;QACpCJ,CAAC,IAAIE,IAAI,CAACI,UAAU,CAACF,CAAC,CAAC;QACvB,IAAIG,CAAC,GAAG,mBAAmB,GAAGP,CAAC;QAC/BA,CAAC,GAAGO,CAAC,KAAK,CAAC;QACXA,CAAC,IAAIP,CAAC;QACNO,CAAC,IAAIP,CAAC;QACNA,CAAC,GAAGO,CAAC,KAAK,CAAC;QACXA,CAAC,IAAIP,CAAC;QACNA,CAAC,IAAIO,CAAC,GAAG,WAAW,CAAC,CAAC;MACxB;MACA,OAAO,CAACP,CAAC,KAAK,CAAC,IAAI,sBAAsB,CAAC,CAAC;IAC7C,CAAC;IAEDC,IAAI,CAACO,OAAO,GAAG,UAAU;IACzB,OAAOP,IAAI;EACb;EAEA,IAAIQ,EAAE,GAAG,CAAC;EACV,IAAIC,EAAE,GAAG,CAAC;EACV,IAAIC,EAAE,GAAG,CAAC;EACV,IAAIC,CAAC,GAAG,CAAC;EACT,IAAId,KAAK,CAACO,MAAM,KAAK,CAAC,EAAE;IACtBP,KAAK,GAAG,CAAC,CAAC,IAAIe,IAAI,CAAD,CAAC,CAAC;EACrB;EACA,IAAIZ,IAAI,GAAGF,IAAI,CAAC,CAAC;EACjBU,EAAE,GAAGR,IAAI,CAAC,GAAG,CAAC;EACdS,EAAE,GAAGT,IAAI,CAAC,GAAG,CAAC;EACdU,EAAE,GAAGV,IAAI,CAAC,GAAG,CAAC;EAEd,KAAK,IAAIG,CAAC,GAAG,CAAC,EAAEA,CAAC,GAAGN,KAAK,CAACO,MAAM,EAAED,CAAC,EAAE,EAAE;IACrCK,EAAE,IAAIR,IAAI,CAACH,KAAK,CAACM,CAAC,CAAC,CAAC;IACpB,IAAIK,EAAE,GAAG,CAAC,EAAE;MACVA,EAAE,IAAI,CAAC;IACT;IACAC,EAAE,IAAIT,IAAI,CAACH,KAAK,CAACM,CAAC,CAAC,CAAC;IACpB,IAAIM,EAAE,GAAG,CAAC,EAAE;MACVA,EAAE,IAAI,CAAC;IACT;IACAC,EAAE,IAAIV,IAAI,CAACH,KAAK,CAACM,CAAC,CAAC,CAAC;IACpB,IAAIO,EAAE,GAAG,CAAC,EAAE;MACVA,EAAE,IAAI,CAAC;IACT;EACF;EACAV,IAAI,GAAG,IAAI;EAEX,IAAMa,MAAM,GAAG,SAAAA,CAAA,EAAM;IACnB,IAAMC,CAAC,GAAI,OAAO,GAAGN,EAAE,GAAKG,CAAC,GAAG,sBAAuB,CAAC,CAAC;IACzDH,EAAE,GAAGC,EAAE;IACPA,EAAE,GAAGC,EAAE;IACP,OAAOA,EAAE,GAAGI,CAAC,IAAIH,CAAC,GAAGG,CAAC,GAAG,CAAC,CAAC;EAC7B,CAAC;EAEDD,MAAM,CAACE,MAAM,GAAG;IAAA,OAAMF,MAAM,CAAC,CAAC,GAAG,WAAW;EAAA,EAAC,CAAC;EAC9CA,MAAM,CAACG,OAAO,GAAG;IAAA,OAAMH,MAAM,CAAC,CAAC,GACxB,CAACA,MAAM,CAAC,CAAC,GAAG,QAAQ,GAAG,CAAC,IAAI,sBAAuB;EAAA,EAAC,CAAC;;EAE5DA,MAAM,CAACN,OAAO,GAAG,UAAU;EAC3BM,MAAM,CAACI,IAAI,GAAGpB,KAAK;EACnB,OAAOgB,MAAM;AACf;;AAEA;AACA;AACA;AACA;AAAA,IACqBnB,mBAAmB,0BAAAwB,gBAAA;EAAA9B,cAAA,CAAAM,mBAAA,EAAAwB,gBAAA;EACtC,SAAAxB,oBAAA,EAAkC;IAAA,IAAAyB,KAAA;IAAA,IAAAC,IAAA,GAAAC,SAAA,CAAAjB,MAAA,QAAAiB,SAAA,QAAAC,SAAA,GAAAD,SAAA,MAAJ,CAAC,CAAC;MAAAE,UAAA,GAAAH,IAAA,CAAjBvB,KAAK;MAALA,KAAK,GAAA0B,UAAA,cAAG,EAAE,GAAAA,UAAA;IACvBJ,KAAA,GAAAD,gBAAA,CAAAM,IAAA,KAAM,CAAC;IACP,IAAI,CAAC3B,KAAK,EAAE;MACV,MAAM,IAAI4B,KAAK,CAAC,sCAAsC,CAAC;IACzD;IACAN,KAAA,CAAKO,IAAI,GAAG9B,IAAI,CAACC,KAAK,CAAC;IAAC,OAAAsB,KAAA;EAC1B;;EAEA;AACF;AACA;AACA;AACA;EAJE,IAAAQ,MAAA,GAAAjC,mBAAA,CAAAkC,SAAA;EAAAD,MAAA,CAKAE,QAAQ;IAAR,SAAAA,SAAA,EAAY;MACV,OAAO,IAAI,CAACH,IAAI,CAAC,CAAC;IACpB;IAAC,OAAAG,QAAA;EAAA;EAAA,OAAAnC,mBAAA;AAAA,EAhB8CC,eAAe"},"sourceType":"module","externalDependencies":{},"hash":"c3e49e21b26bc9a5e723758a297ec2bc2f96f750"}
