{"metadata":{},"options":{"assumptions":{},"compact":false,"sourceMaps":true,"ast":true,"babelrc":false,"configFile":false,"parserOpts":{"sourceType":"module","sourceFileName":"D:\\loan_app\\loan-management\\client\\main.jsx","plugins":["*","flow","jsx","asyncGenerators","bigInt","classPrivateMethods","classPrivateProperties","classProperties","doExpressions","dynamicImport","exportDefaultFrom","exportExtensions","exportNamespaceFrom","functionBind","functionSent","importMeta","nullishCoalescingOperator","numericSeparator","objectRestSpread","optionalCatchBinding","optionalChaining",["pipelineOperator",{"proposal":"minimal"}],"throwExpressions","classProperties","classPrivateProperties","jsx","nullishCoalescingOperator","nullishCoalescingOperator","optionalChaining","optionalChaining","optionalCatchBinding","optionalCatchBinding","classProperties","classPrivateProperties","classPrivateMethods","classProperties","classPrivateProperties","asyncGenerators","asyncGenerators","objectRestSpread","objectRestSpread","logicalAssignment"],"allowImportExportEverywhere":true,"allowReturnOutsideFunction":true,"allowUndeclaredExports":true,"strictMode":false},"caller":{"name":"meteor","arch":"web.browser.legacy"},"sourceFileName":"client/main.jsx","filename":"D:\\loan_app\\loan-management\\client\\main.jsx","inputSourceMap":{"version":3,"names":["React","useState","Meteor","render","App","_s","email","setEmail","role","setRole","loanRequest","setLoanRequest","transactions","setTransactions","registerUser","call","error","result","console","reason","log","requestLoan","payLoan","subscribe","onReady","Transactions","find","fetch","e","target","value","map","transaction","_id","details","_c","startup","document","getElementById","$RefreshReg$"],"sources":["client/main.jsx"],"sourcesContent":["import React, { useState } from 'react';\nimport { Meteor } from 'meteor/meteor';\nimport { render } from 'react-dom';\n\nconst App = () => {\n  const [email, setEmail] = useState('');\n  const [role, setRole] = useState('');\n  const [loanRequest, setLoanRequest] = useState('');\n  const [transactions, setTransactions] = useState([]);\n\n  const registerUser = () => {\n    Meteor.call('users.register', email, role, (error, result) => {\n      if (error) {\n        console.error(error.reason);\n      } else {\n        console.log('User registered successfully');\n      }\n    });\n  };\n\n  const requestLoan = () => {\n    Meteor.call('transactions.requestLoan', loanRequest, (error, result) => {\n      if (error) {\n        console.error(error.reason);\n      } else {\n        console.log('Loan requested successfully');\n      }\n    });\n  };\n\n  const payLoan = () => {\n    Meteor.call('transactions.payLoan', (error, result) => {\n      if (error) {\n        console.error(error.reason);\n      } else {\n        console.log('Loan paid successfully');\n      }\n    });\n  };\n\n  Meteor.subscribe('transactions', {\n    onReady: () => {\n      const transactions = Transactions.find().fetch();\n      setTransactions(transactions);\n    },\n  });\n\n  return (\n    <div>\n      <h1>Loan Management System</h1>\n      <div>\n        <label>Email:</label>\n        <input type=\"text\" onChange={(e) => setEmail(e.target.value)} />\n      </div>\n      <div>\n        <label>Role:</label>\n        <select onChange={(e) => setRole(e.target.value)}>\n          <option value=\"admin\">Admin</option>\n          <option value=\"borrower\">Borrower</option>\n          <option value=\"lender\">Lender</option>\n        </select>\n      </div>\n      <button onClick={registerUser}>Register</button>\n\n      {role === 'borrower' && (\n        <div>\n          <div>\n            <label>Loan Request:</label>\n            <input type=\"text\" onChange={(e) => setLoanRequest(e.target.value)} />\n          </div>\n          <button onClick={requestLoan}>Request Loan</button>\n        </div>\n      )}\n\n      {role === 'lender' && <button onClick={payLoan}>Pay Loan</button>}\n\n      <div>\n        <h2>Transactions</h2>\n        <ul>\n          {transactions.map((transaction) => (\n            <li key={transaction._id}>{transaction.details}</li>\n          ))}\n        </ul>\n      </div>\n    </div>\n  );\n};\n\nMeteor.startup(() => {\n  render(<App />, document.getElementById('app'));\n});\n"],"mappings":";;AAAA,OAAOA,KAAK,IAAIC,QAAQ,QAAQ,OAAO;AACvC,SAASC,MAAM,QAAQ,eAAe;AACtC,SAASC,MAAM,QAAQ,WAAW;AAElC,MAAMC,GAAG,GAAGA,CAAA,KAAM;EAAAC,EAAA;EAChB,MAAM,CAACC,KAAK,EAAEC,QAAQ,CAAC,GAAGN,QAAQ,CAAC,EAAE,CAAC;EACtC,MAAM,CAACO,IAAI,EAAEC,OAAO,CAAC,GAAGR,QAAQ,CAAC,EAAE,CAAC;EACpC,MAAM,CAACS,WAAW,EAAEC,cAAc,CAAC,GAAGV,QAAQ,CAAC,EAAE,CAAC;EAClD,MAAM,CAACW,YAAY,EAAEC,eAAe,CAAC,GAAGZ,QAAQ,CAAC,EAAE,CAAC;EAEpD,MAAMa,YAAY,GAAGA,CAAA,KAAM;IACzBZ,MAAM,CAACa,IAAI,CAAC,gBAAgB,EAAET,KAAK,EAAEE,IAAI,EAAE,CAACQ,KAAK,EAAEC,MAAM,KAAK;MAC5D,IAAID,KAAK,EAAE;QACTE,OAAO,CAACF,KAAK,CAACA,KAAK,CAACG,MAAM,CAAC;MAC7B,CAAC,MAAM;QACLD,OAAO,CAACE,GAAG,CAAC,8BAA8B,CAAC;MAC7C;IACF,CAAC,CAAC;EACJ,CAAC;EAED,MAAMC,WAAW,GAAGA,CAAA,KAAM;IACxBnB,MAAM,CAACa,IAAI,CAAC,0BAA0B,EAAEL,WAAW,EAAE,CAACM,KAAK,EAAEC,MAAM,KAAK;MACtE,IAAID,KAAK,EAAE;QACTE,OAAO,CAACF,KAAK,CAACA,KAAK,CAACG,MAAM,CAAC;MAC7B,CAAC,MAAM;QACLD,OAAO,CAACE,GAAG,CAAC,6BAA6B,CAAC;MAC5C;IACF,CAAC,CAAC;EACJ,CAAC;EAED,MAAME,OAAO,GAAGA,CAAA,KAAM;IACpBpB,MAAM,CAACa,IAAI,CAAC,sBAAsB,EAAE,CAACC,KAAK,EAAEC,MAAM,KAAK;MACrD,IAAID,KAAK,EAAE;QACTE,OAAO,CAACF,KAAK,CAACA,KAAK,CAACG,MAAM,CAAC;MAC7B,CAAC,MAAM;QACLD,OAAO,CAACE,GAAG,CAAC,wBAAwB,CAAC;MACvC;IACF,CAAC,CAAC;EACJ,CAAC;EAEDlB,MAAM,CAACqB,SAAS,CAAC,cAAc,EAAE;IAC/BC,OAAO,EAAEA,CAAA,KAAM;MACb,MAAMZ,YAAY,GAAGa,YAAY,CAACC,IAAI,CAAC,CAAC,CAACC,KAAK,CAAC,CAAC;MAChDd,eAAe,CAACD,YAAY,CAAC;IAC/B;EACF,CAAC,CAAC;EAEF,OACE,CAAC,GAAG;AACR,MAAM,CAAC,EAAE,CAAC,sBAAsB,EAAE,EAAE;AACpC,MAAM,CAAC,GAAG;AACV,QAAQ,CAAC,KAAK,CAAC,MAAM,EAAE,KAAK;AAC5B,QAAQ,CAAC,KAAK,CAAC,IAAI,CAAC,MAAM,CAAC,QAAQ,CAAC,CAAEgB,CAAC,IAAKrB,QAAQ,CAACqB,CAAC,CAACC,MAAM,CAACC,KAAK,CAAC,CAAC;AACrE,MAAM,EAAE,GAAG;AACX,MAAM,CAAC,GAAG;AACV,QAAQ,CAAC,KAAK,CAAC,KAAK,EAAE,KAAK;AAC3B,QAAQ,CAAC,MAAM,CAAC,QAAQ,CAAC,CAAEF,CAAC,IAAKnB,OAAO,CAACmB,CAAC,CAACC,MAAM,CAACC,KAAK,CAAC,CAAC;AACzD,UAAU,CAAC,MAAM,CAAC,KAAK,CAAC,OAAO,CAAC,KAAK,EAAE,MAAM;AAC7C,UAAU,CAAC,MAAM,CAAC,KAAK,CAAC,UAAU,CAAC,QAAQ,EAAE,MAAM;AACnD,UAAU,CAAC,MAAM,CAAC,KAAK,CAAC,QAAQ,CAAC,MAAM,EAAE,MAAM;AAC/C,QAAQ,EAAE,MAAM;AAChB,MAAM,EAAE,GAAG;AACX,MAAM,CAAC,MAAM,CAAC,OAAO,CAAC,CAAChB,YAAY,CAAC,CAAC,QAAQ,EAAE,MAAM;AACrD;AACA,MAAM,CAACN,IAAI,KAAK,UAAU,IAClB,CAAC,GAAG;AACZ,UAAU,CAAC,GAAG;AACd,YAAY,CAAC,KAAK,CAAC,aAAa,EAAE,KAAK;AACvC,YAAY,CAAC,KAAK,CAAC,IAAI,CAAC,MAAM,CAAC,QAAQ,CAAC,CAAEoB,CAAC,IAAKjB,cAAc,CAACiB,CAAC,CAACC,MAAM,CAACC,KAAK,CAAC,CAAC;AAC/E,UAAU,EAAE,GAAG;AACf,UAAU,CAAC,MAAM,CAAC,OAAO,CAAC,CAACT,WAAW,CAAC,CAAC,YAAY,EAAE,MAAM;AAC5D,QAAQ,EAAE,GAAG,CACN;AACP;AACA,MAAM,CAACb,IAAI,KAAK,QAAQ,IAAI,CAAC,MAAM,CAAC,OAAO,CAAC,CAACc,OAAO,CAAC,CAAC,QAAQ,EAAE,MAAM,CAAC;AACvE;AACA,MAAM,CAAC,GAAG;AACV,QAAQ,CAAC,EAAE,CAAC,YAAY,EAAE,EAAE;AAC5B,QAAQ,CAAC,EAAE;AACX,UAAU,CAACV,YAAY,CAACmB,GAAG,CAAEC,WAAW,IAC5B,CAAC,EAAE,CAAC,GAAG,CAAC,CAACA,WAAW,CAACC,GAAG,CAAC,CAAC,CAACD,WAAW,CAACE,OAAO,CAAC,EAAE,EAAE,CACpD,CAAC;AACZ,QAAQ,EAAE,EAAE;AACZ,MAAM,EAAE,GAAG;AACX,IAAI,EAAE,GAAG,CAAC;AAEV,CAAC;AAAC7B,EAAA,CAlFID,GAAG;AAAA+B,EAAA,GAAH/B,GAAG;AAoFTF,MAAM,CAACkC,OAAO,CAAC,MAAM;EACnBjC,MAAM,CAAC,CAAC,GAAG,GAAG,EAAEkC,QAAQ,CAACC,cAAc,CAAC,KAAK,CAAC,CAAC;AACjD,CAAC,CAAC;AAAC,IAAAH,EAAA;AAAAI,YAAA,CAAAJ,EAAA"},"targets":{},"cloneInputAst":true,"browserslistConfigFile":false,"passPerPreset":false,"envName":"development","cwd":"D:\\loan_app\\loan-management","root":"D:\\loan_app\\loan-management","rootMode":"root","plugins":[{"key":"base$0","visitor":{"_exploded":true,"_verified":true},"options":{},"externalDependencies":[]},{"key":"base$0$0","visitor":{"Program":{"enter":[null],"exit":[null]},"_exploded":true,"_verified":true},"options":{"avoidModernSyntax":true,"enforceStrictMode":false,"dynamicImport":true},"externalDependencies":[]},{"key":"transform-runtime","visitor":{"MemberExpression":{"enter":[null]},"ObjectPattern":{"enter":[null]},"BinaryExpression":{"enter":[null]},"Identifier":{"enter":[null]},"JSXIdentifier":{"enter":[null]},"_exploded":true,"_verified":true},"options":{"version":"7.17.2","helpers":true,"useESModules":false,"corejs":false},"externalDependencies":[]},{"key":"proposal-class-properties","visitor":{"ExportDefaultDeclaration":{"enter":[null]},"_exploded":true,"_verified":true,"ClassExpression":{"enter":[null]},"ClassDeclaration":{"enter":[null]}},"options":{"loose":true},"externalDependencies":[]},{"key":"base$0$3","visitor":{"FunctionExpression":{"exit":[null]},"_exploded":true,"_verified":true},"options":{},"externalDependencies":[]},{"key":"base$0$4","visitor":{"ForInStatement":{"enter":[null]},"_exploded":true,"_verified":true},"options":{},"externalDependencies":[]},{"key":"transform-react-jsx","visitor":{"JSXNamespacedName":{"enter":[null]},"JSXSpreadChild":{"enter":[null]},"Program":{"enter":[null]},"JSXFragment":{"exit":[null]},"JSXElement":{"exit":[null]},"JSXAttribute":{"enter":[null]},"_exploded":true,"_verified":true},"options":{"pragma":"React.createElement","pragmaFrag":"React.Fragment","runtime":"classic","throwIfNamespace":true,"useBuiltIns":false},"externalDependencies":[]},{"key":"transform-react-display-name","visitor":{"ExportDefaultDeclaration":{"enter":[null]},"CallExpression":{"enter":[null]},"_exploded":true,"_verified":true},"options":{},"externalDependencies":[]},{"key":"transform-react-pure-annotations","visitor":{"CallExpression":{"enter":[null]},"_exploded":true,"_verified":true},"options":{},"externalDependencies":[]},{"key":"syntax-nullish-coalescing-operator","visitor":{"_exploded":true,"_verified":true},"options":{},"externalDependencies":[]},{"key":"proposal-nullish-coalescing-operator","visitor":{"LogicalExpression":{"enter":[null]},"_exploded":true,"_verified":true},"options":{},"externalDependencies":[]},{"key":"syntax-optional-chaining","visitor":{"_exploded":true,"_verified":true},"options":{},"externalDependencies":[]},{"key":"proposal-optional-chaining","visitor":{"OptionalCallExpression":{"enter":[null]},"OptionalMemberExpression":{"enter":[null]},"_exploded":true,"_verified":true},"options":{},"externalDependencies":[]},{"key":"syntax-optional-catch-binding","visitor":{"_exploded":true,"_verified":true},"options":{},"externalDependencies":[]},{"key":"proposal-optional-catch-binding","visitor":{"CatchClause":{"enter":[null]},"_exploded":true,"_verified":true},"options":{},"externalDependencies":[]},{"key":"syntax-class-properties","visitor":{"_exploded":true,"_verified":true},"options":{},"externalDependencies":[]},{"key":"proposal-class-properties","visitor":{"ExportDefaultDeclaration":{"enter":[null]},"_exploded":true,"_verified":true,"ClassExpression":{"enter":[null]},"ClassDeclaration":{"enter":[null]}},"options":{},"externalDependencies":[]},{"key":"syntax-async-generators","visitor":{"_exploded":true,"_verified":true},"options":{},"externalDependencies":[]},{"key":"proposal-async-generator-functions","visitor":{"Program":{"enter":[null]},"_exploded":true,"_verified":true},"options":{},"externalDependencies":[]},{"key":"syntax-object-rest-spread","visitor":{"_exploded":true,"_verified":true},"options":{},"externalDependencies":[]},{"key":"proposal-object-rest-spread","visitor":{"VariableDeclarator":{"enter":[null]},"ExportNamedDeclaration":{"enter":[null]},"CatchClause":{"enter":[null]},"AssignmentExpression":{"enter":[null]},"ArrayPattern":{"enter":[null]},"ObjectExpression":{"enter":[null]},"FunctionDeclaration":{"enter":[null]},"FunctionExpression":{"enter":[null]},"ObjectMethod":{"enter":[null]},"ArrowFunctionExpression":{"enter":[null]},"ClassMethod":{"enter":[null]},"ClassPrivateMethod":{"enter":[null]},"ForInStatement":{"enter":[null]},"ForOfStatement":{"enter":[null]},"_exploded":true,"_verified":true},"options":{},"externalDependencies":[]},{"key":"proposal-logical-assignment-operators","visitor":{"AssignmentExpression":{"enter":[null]},"_exploded":true,"_verified":true},"options":{},"externalDependencies":[]},{"key":"transform-arrow-functions","visitor":{"ArrowFunctionExpression":{"enter":[null]},"_exploded":true,"_verified":true},"options":{},"externalDependencies":[]},{"key":"transform-block-scoped-functions","visitor":{"BlockStatement":{"enter":[null]},"SwitchCase":{"enter":[null]},"_exploded":true,"_verified":true},"options":{},"externalDependencies":[]},{"key":"transform-block-scoping","visitor":{"VariableDeclaration":{"enter":[null,null]},"BlockStatement":{"enter":[null]},"SwitchCase":{"enter":[null]},"ClassDeclaration":{"enter":[null]},"DoWhileStatement":{"enter":[null]},"ForInStatement":{"enter":[null]},"ForStatement":{"enter":[null]},"WhileStatement":{"enter":[null]},"ForOfStatement":{"enter":[null]},"_exploded":true,"_verified":true},"options":{},"externalDependencies":[]},{"key":"transform-classes","visitor":{"ExportDefaultDeclaration":{"enter":[null]},"ClassDeclaration":{"enter":[null]},"ClassExpression":{"enter":[null]},"_exploded":true,"_verified":true},"options":{"loose":true},"externalDependencies":[]},{"key":"transform-computed-properties","visitor":{"ObjectExpression":{"exit":[null]},"_exploded":true,"_verified":true},"options":{"loose":true},"externalDependencies":[]},{"key":"transform-destructuring","visitor":{"ExportNamedDeclaration":{"enter":[null]},"CatchClause":{"enter":[null]},"AssignmentExpression":{"enter":[null]},"VariableDeclaration":{"enter":[null]},"_exploded":true,"_verified":true,"ForInStatement":{"enter":[null]},"ForOfStatement":{"enter":[null]}},"options":{},"externalDependencies":[]},{"key":"transform-for-of","visitor":{"ForOfStatement":{"enter":[null]},"_exploded":true,"_verified":true},"options":{"loose":true},"externalDependencies":[]},{"key":"transform-literals","visitor":{"NumericLiteral":{"enter":[null]},"StringLiteral":{"enter":[null]},"_exploded":true,"_verified":true},"options":{},"externalDependencies":[]},{"key":"transform-object-super","visitor":{"ObjectExpression":{"enter":[null]},"_exploded":true,"_verified":true,"DoWhileStatement":{"exit":[null]},"ForInStatement":{"exit":[null]},"ForStatement":{"exit":[null]},"WhileStatement":{"exit":[null]},"ForOfStatement":{"exit":[null]}},"options":{},"externalDependencies":[]},{"key":"transform-parameters","visitor":{"_exploded":true,"_verified":true,"FunctionDeclaration":{"enter":[null]},"FunctionExpression":{"enter":[null]},"ObjectMethod":{"enter":[null]},"ArrowFunctionExpression":{"enter":[null]},"ClassMethod":{"enter":[null]},"ClassPrivateMethod":{"enter":[null]}},"options":{},"externalDependencies":[]},{"key":"transform-shorthand-properties","visitor":{"ObjectMethod":{"enter":[null]},"ObjectProperty":{"enter":[null]},"_exploded":true,"_verified":true},"options":{},"externalDependencies":[]},{"key":"transform-spread","visitor":{"ArrayExpression":{"enter":[null]},"CallExpression":{"enter":[null]},"NewExpression":{"enter":[null]},"_exploded":true,"_verified":true},"options":{},"externalDependencies":[]},{"key":"transform-sticky-regex","visitor":{"RegExpLiteral":{"enter":[null]},"_exploded":true,"_verified":true},"options":{},"externalDependencies":[]},{"key":"transform-template-literals","visitor":{"TaggedTemplateExpression":{"enter":[null]},"TemplateLiteral":{"enter":[null]},"_exploded":true,"_verified":true},"options":{"loose":true},"externalDependencies":[]},{"key":"transform-typeof-symbol","visitor":{"UnaryExpression":{"enter":[null]},"_exploded":true,"_verified":true,"BlockStatement":{"enter":[null]},"CatchClause":{"enter":[null]},"DoWhileStatement":{"enter":[null]},"ForInStatement":{"enter":[null]},"ForStatement":{"enter":[null]},"FunctionDeclaration":{"enter":[null]},"FunctionExpression":{"enter":[null]},"Program":{"enter":[null]},"ObjectMethod":{"enter":[null]},"SwitchStatement":{"enter":[null]},"WhileStatement":{"enter":[null]},"ArrowFunctionExpression":{"enter":[null]},"ClassExpression":{"enter":[null]},"ClassDeclaration":{"enter":[null]},"ForOfStatement":{"enter":[null]},"ClassMethod":{"enter":[null]},"ClassPrivateMethod":{"enter":[null]},"StaticBlock":{"enter":[null]},"TSModuleBlock":{"enter":[null]},"AssignmentPattern":{"enter":[null]},"ArrayPattern":{"enter":[null]},"ObjectPattern":{"enter":[null]}},"options":{},"externalDependencies":[]},{"key":"transform-unicode-regex","visitor":{"RegExpLiteral":{"enter":[null]},"_exploded":true,"_verified":true},"options":{},"externalDependencies":[]},{"key":"transform-property-literals","visitor":{"ObjectProperty":{"exit":[null]},"_exploded":true,"_verified":true},"options":{},"externalDependencies":[]},{"key":"transform-exponentiation-operator","visitor":{"AssignmentExpression":{"enter":[null]},"BinaryExpression":{"enter":[null]},"_exploded":true,"_verified":true},"options":{},"externalDependencies":[]},{"key":"transform-regenerator","visitor":{"ObjectMethod":{"enter":[null],"exit":[null]},"ClassMethod":{"enter":[null],"exit":[null]},"ClassPrivateMethod":{"enter":[null],"exit":[null]},"FunctionDeclaration":{"exit":[null]},"FunctionExpression":{"exit":[null]},"ArrowFunctionExpression":{"exit":[null]},"MemberExpression":{"enter":[null]},"_exploded":true,"_verified":true},"options":{},"externalDependencies":[]}],"presets":[],"generatorOpts":{"filename":"D:\\loan_app\\loan-management\\client\\main.jsx","comments":true,"compact":false,"sourceMaps":true,"sourceFileName":"client/main.jsx","inputSourceMap":{"version":3,"names":["React","useState","Meteor","render","App","_s","email","setEmail","role","setRole","loanRequest","setLoanRequest","transactions","setTransactions","registerUser","call","error","result","console","reason","log","requestLoan","payLoan","subscribe","onReady","Transactions","find","fetch","e","target","value","map","transaction","_id","details","_c","startup","document","getElementById","$RefreshReg$"],"sources":["client/main.jsx"],"sourcesContent":["import React, { useState } from 'react';\nimport { Meteor } from 'meteor/meteor';\nimport { render } from 'react-dom';\n\nconst App = () => {\n  const [email, setEmail] = useState('');\n  const [role, setRole] = useState('');\n  const [loanRequest, setLoanRequest] = useState('');\n  const [transactions, setTransactions] = useState([]);\n\n  const registerUser = () => {\n    Meteor.call('users.register', email, role, (error, result) => {\n      if (error) {\n        console.error(error.reason);\n      } else {\n        console.log('User registered successfully');\n      }\n    });\n  };\n\n  const requestLoan = () => {\n    Meteor.call('transactions.requestLoan', loanRequest, (error, result) => {\n      if (error) {\n        console.error(error.reason);\n      } else {\n        console.log('Loan requested successfully');\n      }\n    });\n  };\n\n  const payLoan = () => {\n    Meteor.call('transactions.payLoan', (error, result) => {\n      if (error) {\n        console.error(error.reason);\n      } else {\n        console.log('Loan paid successfully');\n      }\n    });\n  };\n\n  Meteor.subscribe('transactions', {\n    onReady: () => {\n      const transactions = Transactions.find().fetch();\n      setTransactions(transactions);\n    },\n  });\n\n  return (\n    <div>\n      <h1>Loan Management System</h1>\n      <div>\n        <label>Email:</label>\n        <input type=\"text\" onChange={(e) => setEmail(e.target.value)} />\n      </div>\n      <div>\n        <label>Role:</label>\n        <select onChange={(e) => setRole(e.target.value)}>\n          <option value=\"admin\">Admin</option>\n          <option value=\"borrower\">Borrower</option>\n          <option value=\"lender\">Lender</option>\n        </select>\n      </div>\n      <button onClick={registerUser}>Register</button>\n\n      {role === 'borrower' && (\n        <div>\n          <div>\n            <label>Loan Request:</label>\n            <input type=\"text\" onChange={(e) => setLoanRequest(e.target.value)} />\n          </div>\n          <button onClick={requestLoan}>Request Loan</button>\n        </div>\n      )}\n\n      {role === 'lender' && <button onClick={payLoan}>Pay Loan</button>}\n\n      <div>\n        <h2>Transactions</h2>\n        <ul>\n          {transactions.map((transaction) => (\n            <li key={transaction._id}>{transaction.details}</li>\n          ))}\n        </ul>\n      </div>\n    </div>\n  );\n};\n\nMeteor.startup(() => {\n  render(<App />, document.getElementById('app'));\n});\n"],"mappings":";;AAAA,OAAOA,KAAK,IAAIC,QAAQ,QAAQ,OAAO;AACvC,SAASC,MAAM,QAAQ,eAAe;AACtC,SAASC,MAAM,QAAQ,WAAW;AAElC,MAAMC,GAAG,GAAGA,CAAA,KAAM;EAAAC,EAAA;EAChB,MAAM,CAACC,KAAK,EAAEC,QAAQ,CAAC,GAAGN,QAAQ,CAAC,EAAE,CAAC;EACtC,MAAM,CAACO,IAAI,EAAEC,OAAO,CAAC,GAAGR,QAAQ,CAAC,EAAE,CAAC;EACpC,MAAM,CAACS,WAAW,EAAEC,cAAc,CAAC,GAAGV,QAAQ,CAAC,EAAE,CAAC;EAClD,MAAM,CAACW,YAAY,EAAEC,eAAe,CAAC,GAAGZ,QAAQ,CAAC,EAAE,CAAC;EAEpD,MAAMa,YAAY,GAAGA,CAAA,KAAM;IACzBZ,MAAM,CAACa,IAAI,CAAC,gBAAgB,EAAET,KAAK,EAAEE,IAAI,EAAE,CAACQ,KAAK,EAAEC,MAAM,KAAK;MAC5D,IAAID,KAAK,EAAE;QACTE,OAAO,CAACF,KAAK,CAACA,KAAK,CAACG,MAAM,CAAC;MAC7B,CAAC,MAAM;QACLD,OAAO,CAACE,GAAG,CAAC,8BAA8B,CAAC;MAC7C;IACF,CAAC,CAAC;EACJ,CAAC;EAED,MAAMC,WAAW,GAAGA,CAAA,KAAM;IACxBnB,MAAM,CAACa,IAAI,CAAC,0BAA0B,EAAEL,WAAW,EAAE,CAACM,KAAK,EAAEC,MAAM,KAAK;MACtE,IAAID,KAAK,EAAE;QACTE,OAAO,CAACF,KAAK,CAACA,KAAK,CAACG,MAAM,CAAC;MAC7B,CAAC,MAAM;QACLD,OAAO,CAACE,GAAG,CAAC,6BAA6B,CAAC;MAC5C;IACF,CAAC,CAAC;EACJ,CAAC;EAED,MAAME,OAAO,GAAGA,CAAA,KAAM;IACpBpB,MAAM,CAACa,IAAI,CAAC,sBAAsB,EAAE,CAACC,KAAK,EAAEC,MAAM,KAAK;MACrD,IAAID,KAAK,EAAE;QACTE,OAAO,CAACF,KAAK,CAACA,KAAK,CAACG,MAAM,CAAC;MAC7B,CAAC,MAAM;QACLD,OAAO,CAACE,GAAG,CAAC,wBAAwB,CAAC;MACvC;IACF,CAAC,CAAC;EACJ,CAAC;EAEDlB,MAAM,CAACqB,SAAS,CAAC,cAAc,EAAE;IAC/BC,OAAO,EAAEA,CAAA,KAAM;MACb,MAAMZ,YAAY,GAAGa,YAAY,CAACC,IAAI,CAAC,CAAC,CAACC,KAAK,CAAC,CAAC;MAChDd,eAAe,CAACD,YAAY,CAAC;IAC/B;EACF,CAAC,CAAC;EAEF,OACE,CAAC,GAAG;AACR,MAAM,CAAC,EAAE,CAAC,sBAAsB,EAAE,EAAE;AACpC,MAAM,CAAC,GAAG;AACV,QAAQ,CAAC,KAAK,CAAC,MAAM,EAAE,KAAK;AAC5B,QAAQ,CAAC,KAAK,CAAC,IAAI,CAAC,MAAM,CAAC,QAAQ,CAAC,CAAEgB,CAAC,IAAKrB,QAAQ,CAACqB,CAAC,CAACC,MAAM,CAACC,KAAK,CAAC,CAAC;AACrE,MAAM,EAAE,GAAG;AACX,MAAM,CAAC,GAAG;AACV,QAAQ,CAAC,KAAK,CAAC,KAAK,EAAE,KAAK;AAC3B,QAAQ,CAAC,MAAM,CAAC,QAAQ,CAAC,CAAEF,CAAC,IAAKnB,OAAO,CAACmB,CAAC,CAACC,MAAM,CAACC,KAAK,CAAC,CAAC;AACzD,UAAU,CAAC,MAAM,CAAC,KAAK,CAAC,OAAO,CAAC,KAAK,EAAE,MAAM;AAC7C,UAAU,CAAC,MAAM,CAAC,KAAK,CAAC,UAAU,CAAC,QAAQ,EAAE,MAAM;AACnD,UAAU,CAAC,MAAM,CAAC,KAAK,CAAC,QAAQ,CAAC,MAAM,EAAE,MAAM;AAC/C,QAAQ,EAAE,MAAM;AAChB,MAAM,EAAE,GAAG;AACX,MAAM,CAAC,MAAM,CAAC,OAAO,CAAC,CAAChB,YAAY,CAAC,CAAC,QAAQ,EAAE,MAAM;AACrD;AACA,MAAM,CAACN,IAAI,KAAK,UAAU,IAClB,CAAC,GAAG;AACZ,UAAU,CAAC,GAAG;AACd,YAAY,CAAC,KAAK,CAAC,aAAa,EAAE,KAAK;AACvC,YAAY,CAAC,KAAK,CAAC,IAAI,CAAC,MAAM,CAAC,QAAQ,CAAC,CAAEoB,CAAC,IAAKjB,cAAc,CAACiB,CAAC,CAACC,MAAM,CAACC,KAAK,CAAC,CAAC;AAC/E,UAAU,EAAE,GAAG;AACf,UAAU,CAAC,MAAM,CAAC,OAAO,CAAC,CAACT,WAAW,CAAC,CAAC,YAAY,EAAE,MAAM;AAC5D,QAAQ,EAAE,GAAG,CACN;AACP;AACA,MAAM,CAACb,IAAI,KAAK,QAAQ,IAAI,CAAC,MAAM,CAAC,OAAO,CAAC,CAACc,OAAO,CAAC,CAAC,QAAQ,EAAE,MAAM,CAAC;AACvE;AACA,MAAM,CAAC,GAAG;AACV,QAAQ,CAAC,EAAE,CAAC,YAAY,EAAE,EAAE;AAC5B,QAAQ,CAAC,EAAE;AACX,UAAU,CAACV,YAAY,CAACmB,GAAG,CAAEC,WAAW,IAC5B,CAAC,EAAE,CAAC,GAAG,CAAC,CAACA,WAAW,CAACC,GAAG,CAAC,CAAC,CAACD,WAAW,CAACE,OAAO,CAAC,EAAE,EAAE,CACpD,CAAC;AACZ,QAAQ,EAAE,EAAE;AACZ,MAAM,EAAE,GAAG;AACX,IAAI,EAAE,GAAG,CAAC;AAEV,CAAC;AAAC7B,EAAA,CAlFID,GAAG;AAAA+B,EAAA,GAAH/B,GAAG;AAoFTF,MAAM,CAACkC,OAAO,CAAC,MAAM;EACnBjC,MAAM,CAAC,CAAC,GAAG,GAAG,EAAEkC,QAAQ,CAACC,cAAc,CAAC,KAAK,CAAC,CAAC;AACjD,CAAC,CAAC;AAAC,IAAAH,EAAA;AAAAI,YAAA,CAAAJ,EAAA"}}},"code":"!function (module1) {\n  var _slicedToArray;\n  module1.link(\"@babel/runtime/helpers/slicedToArray\", {\n    default: function (v) {\n      _slicedToArray = v;\n    }\n  }, 0);\n  var React, useState;\n  module1.link(\"react\", {\n    \"default\": function (v) {\n      React = v;\n    },\n    useState: function (v) {\n      useState = v;\n    }\n  }, 0);\n  var Meteor;\n  module1.link(\"meteor/meteor\", {\n    Meteor: function (v) {\n      Meteor = v;\n    }\n  }, 1);\n  var render;\n  module1.link(\"react-dom\", {\n    render: function (v) {\n      render = v;\n    }\n  }, 2);\n  ___INIT_METEOR_FAST_REFRESH(module);\n  var _s = $RefreshSig$();\n  var App = function () {\n    _s();\n    var _useState = useState(''),\n      _useState2 = _slicedToArray(_useState, 2),\n      email = _useState2[0],\n      setEmail = _useState2[1];\n    var _useState3 = useState(''),\n      _useState4 = _slicedToArray(_useState3, 2),\n      role = _useState4[0],\n      setRole = _useState4[1];\n    var _useState5 = useState(''),\n      _useState6 = _slicedToArray(_useState5, 2),\n      loanRequest = _useState6[0],\n      setLoanRequest = _useState6[1];\n    var _useState7 = useState([]),\n      _useState8 = _slicedToArray(_useState7, 2),\n      transactions = _useState8[0],\n      setTransactions = _useState8[1];\n    var registerUser = function () {\n      Meteor.call('users.register', email, role, function (error, result) {\n        if (error) {\n          console.error(error.reason);\n        } else {\n          console.log('User registered successfully');\n        }\n      });\n    };\n    var requestLoan = function () {\n      Meteor.call('transactions.requestLoan', loanRequest, function (error, result) {\n        if (error) {\n          console.error(error.reason);\n        } else {\n          console.log('Loan requested successfully');\n        }\n      });\n    };\n    var payLoan = function () {\n      Meteor.call('transactions.payLoan', function (error, result) {\n        if (error) {\n          console.error(error.reason);\n        } else {\n          console.log('Loan paid successfully');\n        }\n      });\n    };\n    Meteor.subscribe('transactions', {\n      onReady: function () {\n        var transactions = Transactions.find().fetch();\n        setTransactions(transactions);\n      }\n    });\n    return /*#__PURE__*/React.createElement(\"div\", null, /*#__PURE__*/React.createElement(\"h1\", null, \"Loan Management System\"), /*#__PURE__*/React.createElement(\"div\", null, /*#__PURE__*/React.createElement(\"label\", null, \"Email:\"), /*#__PURE__*/React.createElement(\"input\", {\n      type: \"text\",\n      onChange: function (e) {\n        return setEmail(e.target.value);\n      }\n    })), /*#__PURE__*/React.createElement(\"div\", null, /*#__PURE__*/React.createElement(\"label\", null, \"Role:\"), /*#__PURE__*/React.createElement(\"select\", {\n      onChange: function (e) {\n        return setRole(e.target.value);\n      }\n    }, /*#__PURE__*/React.createElement(\"option\", {\n      value: \"admin\"\n    }, \"Admin\"), /*#__PURE__*/React.createElement(\"option\", {\n      value: \"borrower\"\n    }, \"Borrower\"), /*#__PURE__*/React.createElement(\"option\", {\n      value: \"lender\"\n    }, \"Lender\"))), /*#__PURE__*/React.createElement(\"button\", {\n      onClick: registerUser\n    }, \"Register\"), role === 'borrower' && /*#__PURE__*/React.createElement(\"div\", null, /*#__PURE__*/React.createElement(\"div\", null, /*#__PURE__*/React.createElement(\"label\", null, \"Loan Request:\"), /*#__PURE__*/React.createElement(\"input\", {\n      type: \"text\",\n      onChange: function (e) {\n        return setLoanRequest(e.target.value);\n      }\n    })), /*#__PURE__*/React.createElement(\"button\", {\n      onClick: requestLoan\n    }, \"Request Loan\")), role === 'lender' && /*#__PURE__*/React.createElement(\"button\", {\n      onClick: payLoan\n    }, \"Pay Loan\"), /*#__PURE__*/React.createElement(\"div\", null, /*#__PURE__*/React.createElement(\"h2\", null, \"Transactions\"), /*#__PURE__*/React.createElement(\"ul\", null, transactions.map(function (transaction) {\n      return /*#__PURE__*/React.createElement(\"li\", {\n        key: transaction._id\n      }, transaction.details);\n    }))));\n  };\n  _s(App, \"iraXRfDk5bUX57lGXhw0LePUb1Y=\");\n  _c = App;\n  Meteor.startup(function () {\n    render( /*#__PURE__*/React.createElement(App, null), document.getElementById('app'));\n  });\n  var _c;\n  $RefreshReg$(_c, \"App\");\n}.call(this, module);","map":{"version":3,"names":["App","_s","_useState","useState","_useState2","_slicedToArray","email","setEmail","_useState3","_useState4","role","setRole","_useState5","_useState6","loanRequest","setLoanRequest","_useState7","_useState8","transactions","setTransactions","registerUser","Meteor","call","error","result","console","reason","log","requestLoan","payLoan","subscribe","onReady","Transactions","find","fetch","React","createElement","type","onChange","e","target","value","onClick","map","transaction","key","_id","details","_c","startup","render","document","getElementById","$RefreshReg$","module"],"sources":["client/main.jsx"],"sourcesContent":["import React, { useState } from 'react';\nimport { Meteor } from 'meteor/meteor';\nimport { render } from 'react-dom';\n\nconst App = () => {\n  const [email, setEmail] = useState('');\n  const [role, setRole] = useState('');\n  const [loanRequest, setLoanRequest] = useState('');\n  const [transactions, setTransactions] = useState([]);\n\n  const registerUser = () => {\n    Meteor.call('users.register', email, role, (error, result) => {\n      if (error) {\n        console.error(error.reason);\n      } else {\n        console.log('User registered successfully');\n      }\n    });\n  };\n\n  const requestLoan = () => {\n    Meteor.call('transactions.requestLoan', loanRequest, (error, result) => {\n      if (error) {\n        console.error(error.reason);\n      } else {\n        console.log('Loan requested successfully');\n      }\n    });\n  };\n\n  const payLoan = () => {\n    Meteor.call('transactions.payLoan', (error, result) => {\n      if (error) {\n        console.error(error.reason);\n      } else {\n        console.log('Loan paid successfully');\n      }\n    });\n  };\n\n  Meteor.subscribe('transactions', {\n    onReady: () => {\n      const transactions = Transactions.find().fetch();\n      setTransactions(transactions);\n    },\n  });\n\n  return (\n    <div>\n      <h1>Loan Management System</h1>\n      <div>\n        <label>Email:</label>\n        <input type=\"text\" onChange={(e) => setEmail(e.target.value)} />\n      </div>\n      <div>\n        <label>Role:</label>\n        <select onChange={(e) => setRole(e.target.value)}>\n          <option value=\"admin\">Admin</option>\n          <option value=\"borrower\">Borrower</option>\n          <option value=\"lender\">Lender</option>\n        </select>\n      </div>\n      <button onClick={registerUser}>Register</button>\n\n      {role === 'borrower' && (\n        <div>\n          <div>\n            <label>Loan Request:</label>\n            <input type=\"text\" onChange={(e) => setLoanRequest(e.target.value)} />\n          </div>\n          <button onClick={requestLoan}>Request Loan</button>\n        </div>\n      )}\n\n      {role === 'lender' && <button onClick={payLoan}>Pay Loan</button>}\n\n      <div>\n        <h2>Transactions</h2>\n        <ul>\n          {transactions.map((transaction) => (\n            <li key={transaction._id}>{transaction.details}</li>\n          ))}\n        </ul>\n      </div>\n    </div>\n  );\n};\n\nMeteor.startup(() => {\n  render(<App />, document.getElementById('app'));\n});\n"],"mappings":";;;;;;;;;;;;;;;;;;;;;;;;;;;;;;EAIA,IAAMA,GAAG,GAAG,SAAAA,CAAA,EAAM;IAAAC,EAAA;IAChB,IAAAC,SAAA,GAA0BC,QAAQ,CAAC,EAAE,CAAC;MAAAC,UAAA,GAAAC,cAAA,CAAAH,SAAA;MAA/BI,KAAK,GAAAF,UAAA;MAAEG,QAAQ,GAAAH,UAAA;IACtB,IAAAI,UAAA,GAAwBL,QAAQ,CAAC,EAAE,CAAC;MAAAM,UAAA,GAAAJ,cAAA,CAAAG,UAAA;MAA7BE,IAAI,GAAAD,UAAA;MAAEE,OAAO,GAAAF,UAAA;IACpB,IAAAG,UAAA,GAAsCT,QAAQ,CAAC,EAAE,CAAC;MAAAU,UAAA,GAAAR,cAAA,CAAAO,UAAA;MAA3CE,WAAW,GAAAD,UAAA;MAAEE,cAAc,GAAAF,UAAA;IAClC,IAAAG,UAAA,GAAwCb,QAAQ,CAAC,EAAE,CAAC;MAAAc,UAAA,GAAAZ,cAAA,CAAAW,UAAA;MAA7CE,YAAY,GAAAD,UAAA;MAAEE,eAAe,GAAAF,UAAA;IAEpC,IAAMG,YAAY,GAAG,SAAAA,CAAA,EAAM;MACzBC,MAAM,CAACC,IAAI,CAAC,gBAAgB,EAAEhB,KAAK,EAAEI,IAAI,EAAE,UAACa,KAAK,EAAEC,MAAM,EAAK;QAC5D,IAAID,KAAK,EAAE;UACTE,OAAO,CAACF,KAAK,CAACA,KAAK,CAACG,MAAM,CAAC;QAC7B,CAAC,MAAM;UACLD,OAAO,CAACE,GAAG,CAAC,8BAA8B,CAAC;QAC7C;MACF,CAAC,CAAC;IACJ,CAAC;IAED,IAAMC,WAAW,GAAG,SAAAA,CAAA,EAAM;MACxBP,MAAM,CAACC,IAAI,CAAC,0BAA0B,EAAER,WAAW,EAAE,UAACS,KAAK,EAAEC,MAAM,EAAK;QACtE,IAAID,KAAK,EAAE;UACTE,OAAO,CAACF,KAAK,CAACA,KAAK,CAACG,MAAM,CAAC;QAC7B,CAAC,MAAM;UACLD,OAAO,CAACE,GAAG,CAAC,6BAA6B,CAAC;QAC5C;MACF,CAAC,CAAC;IACJ,CAAC;IAED,IAAME,OAAO,GAAG,SAAAA,CAAA,EAAM;MACpBR,MAAM,CAACC,IAAI,CAAC,sBAAsB,EAAE,UAACC,KAAK,EAAEC,MAAM,EAAK;QACrD,IAAID,KAAK,EAAE;UACTE,OAAO,CAACF,KAAK,CAACA,KAAK,CAACG,MAAM,CAAC;QAC7B,CAAC,MAAM;UACLD,OAAO,CAACE,GAAG,CAAC,wBAAwB,CAAC;QACvC;MACF,CAAC,CAAC;IACJ,CAAC;IAEDN,MAAM,CAACS,SAAS,CAAC,cAAc,EAAE;MAC/BC,OAAO,EAAE,SAAAA,CAAA,EAAM;QACb,IAAMb,YAAY,GAAGc,YAAY,CAACC,IAAI,CAAC,CAAC,CAACC,KAAK,CAAC,CAAC;QAChDf,eAAe,CAACD,YAAY,CAAC;MAC/B;IACF,CAAC,CAAC;IAEF,oBACEiB,KAAA,CAAAC,aAAA,2BACED,KAAA,CAAAC,aAAA,aAAI,wBAA0B,gBAC9BD,KAAA,CAAAC,aAAA,2BACED,KAAA,CAAAC,aAAA,gBAAO,QAAa,gBACpBD,KAAA,CAAAC,aAAA;MAAOC,IAAI,EAAC,MAAM;MAACC,QAAQ,EAAG,SAAAA,CAAAC,CAAC;QAAA,OAAKhC,QAAQ,CAACgC,CAAC,CAACC,MAAM,CAACC,KAAK,CAAC;MAAA;IAAC,EAC1D,gBACLN,KAAA,CAAAC,aAAA,2BACED,KAAA,CAAAC,aAAA,gBAAO,OAAY,gBACnBD,KAAA,CAAAC,aAAA;MAAQE,QAAQ,EAAG,SAAAA,CAAAC,CAAC;QAAA,OAAK5B,OAAO,CAAC4B,CAAC,CAACC,MAAM,CAACC,KAAK,CAAC;MAAA;IAAC,gBAC/CN,KAAA,CAAAC,aAAA;MAAQK,KAAK,EAAC;IAAO,GAAC,OAAa,gBACnCN,KAAA,CAAAC,aAAA;MAAQK,KAAK,EAAC;IAAU,GAAC,UAAgB,gBACzCN,KAAA,CAAAC,aAAA;MAAQK,KAAK,EAAC;IAAQ,GAAC,QAAc,CAC/B,CACL,gBACLN,KAAA,CAAAC,aAAA;MAAQM,OAAO,EAAEtB;IAAa,GAAC,UAAgB,GAE9CV,IAAI,KAAK,UAAU,iBAClByB,KAAA,CAAAC,aAAA,2BACED,KAAA,CAAAC,aAAA,2BACED,KAAA,CAAAC,aAAA,gBAAO,eAAoB,gBAC3BD,KAAA,CAAAC,aAAA;MAAOC,IAAI,EAAC,MAAM;MAACC,QAAQ,EAAG,SAAAA,CAAAC,CAAC;QAAA,OAAKxB,cAAc,CAACwB,CAAC,CAACC,MAAM,CAACC,KAAK,CAAC;MAAA;IAAC,EAChE,gBACLN,KAAA,CAAAC,aAAA;MAAQM,OAAO,EAAEd;IAAY,GAAC,cAAoB,CAC/C,CACN,EAEAlB,IAAI,KAAK,QAAQ,iBAAIyB,KAAA,CAAAC,aAAA;MAAQM,OAAO,EAAEb;IAAQ,GAAC,UAAgB,CAAC,eAEjEM,KAAA,CAAAC,aAAA,2BACED,KAAA,CAAAC,aAAA,aAAI,cAAgB,gBACpBD,KAAA,CAAAC,aAAA,aACGlB,YAAY,CAACyB,GAAG,CAAE,UAAAC,WAAW;MAAA,oBAC5BT,KAAA,CAAAC,aAAA;QAAIS,GAAG,EAAED,WAAW,CAACE;MAAI,GAAEF,WAAW,CAACG,OAAY,CACpD;IAAA,EACC,CACD,CACF,CAAC;EAEV,CAAC;EAAC9C,EAAA,CAlFID,GAAG;EAAAgD,EAAA,GAAHhD,GAAG;EAoFTqB,MAAM,CAAC4B,OAAO,CAAC,YAAM;IACnBC,MAAM,eAACf,KAAA,CAAAC,aAAA,CAACpC,GAAG,OAAG,EAAEmD,QAAQ,CAACC,cAAc,CAAC,KAAK,CAAC,CAAC;EACjD,CAAC,CAAC;EAAC,IAAAJ,EAAA;EAAAK,YAAA,CAAAL,EAAA;AAAA,EAAA1B,IAAA,OAAAgC,MAAA"},"sourceType":"module","externalDependencies":{},"hash":"c9ccb3879569d7da829b8ce46ab7b296d714557a"}
