{"metadata":{},"options":{"assumptions":{},"compact":false,"sourceMaps":true,"ast":true,"babelrc":false,"configFile":false,"parserOpts":{"sourceType":"module","sourceFileName":"D:\\loan_app\\loan-management\\packages\\aldeed:simple-schema\\lib\\clean\\AutoValueRunner.js","plugins":["*","flow","jsx","asyncGenerators","bigInt","classPrivateMethods","classPrivateProperties","classProperties","doExpressions","dynamicImport","exportDefaultFrom","exportExtensions","exportNamespaceFrom","functionBind","functionSent","importMeta","nullishCoalescingOperator","numericSeparator","objectRestSpread","optionalCatchBinding","optionalChaining",["pipelineOperator",{"proposal":"minimal"}],"throwExpressions","objectRestSpread","objectRestSpread","asyncGenerators","classProperties","classPrivateProperties","jsx","nullishCoalescingOperator","nullishCoalescingOperator","optionalChaining","optionalChaining","optionalCatchBinding","optionalCatchBinding","classProperties","classPrivateProperties","classPrivateMethods","classProperties","classPrivateProperties","asyncGenerators","asyncGenerators","objectRestSpread","objectRestSpread","logicalAssignment"],"allowImportExportEverywhere":true,"allowReturnOutsideFunction":true,"allowUndeclaredExports":true,"strictMode":false},"caller":{"name":"meteor","arch":"os.windows.x86_64"},"sourceFileName":"packages/aldeed:simple-schema/lib/clean/AutoValueRunner.js","filename":"D:\\loan_app\\loan-management\\packages\\aldeed:simple-schema\\lib\\clean\\AutoValueRunner.js","targets":{},"cloneInputAst":true,"browserslistConfigFile":false,"passPerPreset":false,"envName":"development","cwd":"D:\\loan_app\\loan-management","root":"D:\\loan_app\\loan-management","rootMode":"root","plugins":[{"key":"base$0","visitor":{"_exploded":true,"_verified":true},"options":{},"externalDependencies":[]},{"key":"base$0$0","visitor":{"Program":{"enter":[null],"exit":[null]},"_exploded":true,"_verified":true},"options":{"avoidModernSyntax":false,"enforceStrictMode":false,"dynamicImport":true,"generateLetDeclarations":true},"externalDependencies":[]},{"key":"transform-runtime","visitor":{"MemberExpression":{"enter":[null]},"ObjectPattern":{"enter":[null]},"BinaryExpression":{"enter":[null]},"Identifier":{"enter":[null]},"JSXIdentifier":{"enter":[null]},"_exploded":true,"_verified":true},"options":{"version":"7.17.2","helpers":true,"useESModules":false,"corejs":false},"externalDependencies":[]},{"key":"syntax-object-rest-spread","visitor":{"_exploded":true,"_verified":true},"options":{},"externalDependencies":[]},{"key":"proposal-object-rest-spread","visitor":{"VariableDeclarator":{"enter":[null]},"ExportNamedDeclaration":{"enter":[null]},"CatchClause":{"enter":[null]},"AssignmentExpression":{"enter":[null]},"ArrayPattern":{"enter":[null]},"ObjectExpression":{"enter":[null]},"FunctionDeclaration":{"enter":[null]},"FunctionExpression":{"enter":[null]},"ObjectMethod":{"enter":[null]},"ArrowFunctionExpression":{"enter":[null]},"ClassMethod":{"enter":[null]},"ClassPrivateMethod":{"enter":[null]},"ForInStatement":{"enter":[null]},"ForOfStatement":{"enter":[null]},"_exploded":true,"_verified":true},"options":{},"externalDependencies":[]},{"key":"transform-meteor-async-await","visitor":{"AwaitExpression":{"enter":[null]},"_exploded":true,"_verified":true,"FunctionDeclaration":{"exit":[null]},"FunctionExpression":{"exit":[null]},"ObjectMethod":{"exit":[null]},"ArrowFunctionExpression":{"exit":[null]},"ClassMethod":{"exit":[null]},"ClassPrivateMethod":{"exit":[null]}},"options":{"useNativeAsyncAwait":false},"externalDependencies":[]},{"key":"proposal-async-generator-functions","visitor":{"Program":{"enter":[null]},"_exploded":true,"_verified":true},"options":{},"externalDependencies":[]},{"key":"proposal-class-properties","visitor":{"ExportDefaultDeclaration":{"enter":[null]},"_exploded":true,"_verified":true,"ClassExpression":{"enter":[null]},"ClassDeclaration":{"enter":[null]}},"options":{"loose":true},"externalDependencies":[]},{"key":"transform-react-jsx","visitor":{"JSXNamespacedName":{"enter":[null]},"JSXSpreadChild":{"enter":[null]},"Program":{"enter":[null]},"JSXFragment":{"exit":[null]},"JSXElement":{"exit":[null]},"JSXAttribute":{"enter":[null]},"_exploded":true,"_verified":true},"options":{"pragma":"React.createElement","pragmaFrag":"React.Fragment","runtime":"classic","throwIfNamespace":true,"useBuiltIns":false},"externalDependencies":[]},{"key":"transform-react-display-name","visitor":{"ExportDefaultDeclaration":{"enter":[null]},"CallExpression":{"enter":[null]},"_exploded":true,"_verified":true},"options":{},"externalDependencies":[]},{"key":"transform-react-pure-annotations","visitor":{"CallExpression":{"enter":[null]},"_exploded":true,"_verified":true},"options":{},"externalDependencies":[]},{"key":"syntax-nullish-coalescing-operator","visitor":{"_exploded":true,"_verified":true},"options":{},"externalDependencies":[]},{"key":"proposal-nullish-coalescing-operator","visitor":{"LogicalExpression":{"enter":[null]},"_exploded":true,"_verified":true},"options":{},"externalDependencies":[]},{"key":"syntax-optional-chaining","visitor":{"_exploded":true,"_verified":true},"options":{},"externalDependencies":[]},{"key":"proposal-optional-chaining","visitor":{"OptionalCallExpression":{"enter":[null]},"OptionalMemberExpression":{"enter":[null]},"_exploded":true,"_verified":true},"options":{},"externalDependencies":[]},{"key":"syntax-optional-catch-binding","visitor":{"_exploded":true,"_verified":true},"options":{},"externalDependencies":[]},{"key":"proposal-optional-catch-binding","visitor":{"CatchClause":{"enter":[null]},"_exploded":true,"_verified":true},"options":{},"externalDependencies":[]},{"key":"syntax-class-properties","visitor":{"_exploded":true,"_verified":true},"options":{},"externalDependencies":[]},{"key":"proposal-class-properties","visitor":{"ExportDefaultDeclaration":{"enter":[null]},"_exploded":true,"_verified":true,"ClassExpression":{"enter":[null]},"ClassDeclaration":{"enter":[null]}},"options":{},"externalDependencies":[]},{"key":"syntax-async-generators","visitor":{"_exploded":true,"_verified":true},"options":{},"externalDependencies":[]},{"key":"proposal-async-generator-functions","visitor":{"Program":{"enter":[null]},"_exploded":true,"_verified":true},"options":{},"externalDependencies":[]},{"key":"syntax-object-rest-spread","visitor":{"_exploded":true,"_verified":true},"options":{},"externalDependencies":[]},{"key":"proposal-object-rest-spread","visitor":{"VariableDeclarator":{"enter":[null]},"ExportNamedDeclaration":{"enter":[null]},"CatchClause":{"enter":[null]},"AssignmentExpression":{"enter":[null]},"ArrayPattern":{"enter":[null]},"ObjectExpression":{"enter":[null]},"FunctionDeclaration":{"enter":[null]},"FunctionExpression":{"enter":[null]},"ObjectMethod":{"enter":[null]},"ArrowFunctionExpression":{"enter":[null]},"ClassMethod":{"enter":[null]},"ClassPrivateMethod":{"enter":[null]},"ForInStatement":{"enter":[null]},"ForOfStatement":{"enter":[null]},"_exploded":true,"_verified":true},"options":{},"externalDependencies":[]},{"key":"proposal-logical-assignment-operators","visitor":{"AssignmentExpression":{"enter":[null]},"_exploded":true,"_verified":true},"options":{},"externalDependencies":[]},{"key":"transform-literals","visitor":{"NumericLiteral":{"enter":[null]},"StringLiteral":{"enter":[null]},"_exploded":true,"_verified":true},"options":{},"externalDependencies":[]},{"key":"transform-template-literals","visitor":{"TaggedTemplateExpression":{"enter":[null]},"TemplateLiteral":{"enter":[null]},"_exploded":true,"_verified":true},"options":{},"externalDependencies":[]},{"key":"transform-parameters","visitor":{"_exploded":true,"_verified":true,"FunctionDeclaration":{"enter":[null]},"FunctionExpression":{"enter":[null]},"ObjectMethod":{"enter":[null]},"ArrowFunctionExpression":{"enter":[null]},"ClassMethod":{"enter":[null]},"ClassPrivateMethod":{"enter":[null]}},"options":{},"externalDependencies":[]},{"key":"transform-exponentiation-operator","visitor":{"AssignmentExpression":{"enter":[null]},"BinaryExpression":{"enter":[null]},"_exploded":true,"_verified":true},"options":{},"externalDependencies":[]}],"presets":[],"generatorOpts":{"filename":"D:\\loan_app\\loan-management\\packages\\aldeed:simple-schema\\lib\\clean\\AutoValueRunner.js","comments":true,"compact":false,"sourceMaps":true,"sourceFileName":"packages/aldeed:simple-schema/lib/clean/AutoValueRunner.js"}},"code":"let _objectSpread;\nmodule.link(\"@babel/runtime/helpers/objectSpread2\", {\n  default(v) {\n    _objectSpread = v;\n  }\n}, 0);\nmodule.export({\n  default: () => AutoValueRunner\n});\nlet clone;\nmodule.link(\"clone\", {\n  default(v) {\n    clone = v;\n  }\n}, 0);\nlet getParentOfKey;\nmodule.link(\"../utility\", {\n  getParentOfKey(v) {\n    getParentOfKey = v;\n  }\n}, 1);\nfunction getFieldInfo(mongoObject, key) {\n  const keyInfo = mongoObject.getInfoForKey(key) || {};\n  return {\n    isSet: keyInfo.value !== undefined,\n    value: keyInfo.value,\n    operator: keyInfo.operator || null\n  };\n}\nclass AutoValueRunner {\n  constructor(options) {\n    this.options = options;\n    this.doneKeys = [];\n  }\n  runForPosition(_ref) {\n    let {\n      key: affectedKey,\n      operator,\n      position,\n      value\n    } = _ref;\n    const {\n      closestSubschemaFieldName,\n      extendedAutoValueContext,\n      func,\n      isModifier,\n      isUpsert,\n      mongoObject\n    } = this.options;\n\n    // If already called for this key, skip it\n    if (this.doneKeys.includes(affectedKey)) return;\n    const fieldParentName = getParentOfKey(affectedKey, true);\n    const parentFieldInfo = getFieldInfo(mongoObject, fieldParentName.slice(0, -1));\n    let doUnset = false;\n    if (Array.isArray(parentFieldInfo.value)) {\n      if (isNaN(affectedKey.split('.').slice(-1).pop())) {\n        // parent is an array, but the key to be set is not an integer (see issue #80)\n        return;\n      }\n    }\n    const autoValue = func.call(_objectSpread({\n      closestSubschemaFieldName: closestSubschemaFieldName.length ? closestSubschemaFieldName : null,\n      field(fName) {\n        return getFieldInfo(mongoObject, closestSubschemaFieldName + fName);\n      },\n      isModifier,\n      isUpsert,\n      isSet: value !== undefined,\n      key: affectedKey,\n      operator,\n      parentField() {\n        return parentFieldInfo;\n      },\n      siblingField(fName) {\n        return getFieldInfo(mongoObject, fieldParentName + fName);\n      },\n      unset() {\n        doUnset = true;\n      },\n      value\n    }, extendedAutoValueContext || {}), mongoObject.getObject());\n\n    // Update tracking of which keys we've run autovalue for\n    this.doneKeys.push(affectedKey);\n    if (doUnset && position) mongoObject.removeValueForPosition(position);\n    if (autoValue === undefined) return;\n\n    // If the user's auto value is of the pseudo-modifier format, parse it\n    // into operator and value.\n    if (isModifier) {\n      let op;\n      let newValue;\n      if (autoValue && typeof autoValue === 'object') {\n        const avOperator = Object.keys(autoValue).find(avProp => avProp.substring(0, 1) === '$');\n        if (avOperator) {\n          op = avOperator;\n          newValue = autoValue[avOperator];\n        }\n      }\n\n      // Add $set for updates and upserts if necessary. Keep this\n      // above the \"if (op)\" block below since we might change op\n      // in this line.\n      if (!op && position.slice(0, 1) !== '$') {\n        op = '$set';\n        newValue = autoValue;\n      }\n      if (op) {\n        // Update/change value\n        mongoObject.removeValueForPosition(position);\n        mongoObject.setValueForPosition(\"\".concat(op, \"[\").concat(affectedKey, \"]\"), clone(newValue));\n        return;\n      }\n    }\n\n    // Update/change value. Cloning is necessary in case it's an object, because\n    // if we later set some keys within it, they'd be set on the original object, too.\n    mongoObject.setValueForPosition(position, clone(autoValue));\n  }\n}","map":{"version":3,"names":["_objectSpread","module","link","default","v","export","AutoValueRunner","clone","getParentOfKey","getFieldInfo","mongoObject","key","keyInfo","getInfoForKey","isSet","value","undefined","operator","constructor","options","doneKeys","runForPosition","_ref","affectedKey","position","closestSubschemaFieldName","extendedAutoValueContext","func","isModifier","isUpsert","includes","fieldParentName","parentFieldInfo","slice","doUnset","Array","isArray","isNaN","split","pop","autoValue","call","length","field","fName","parentField","siblingField","unset","getObject","push","removeValueForPosition","op","newValue","avOperator","Object","keys","find","avProp","substring","setValueForPosition","concat"],"sources":["packages/aldeed:simple-schema/lib/clean/AutoValueRunner.js"],"sourcesContent":["import clone from 'clone';\nimport { getParentOfKey } from '../utility';\n\nfunction getFieldInfo(mongoObject, key) {\n  const keyInfo = mongoObject.getInfoForKey(key) || {};\n  return {\n    isSet: (keyInfo.value !== undefined),\n    value: keyInfo.value,\n    operator: keyInfo.operator || null,\n  };\n}\n\nexport default class AutoValueRunner {\n  constructor(options) {\n    this.options = options;\n    this.doneKeys = [];\n  }\n\n  runForPosition({\n    key: affectedKey,\n    operator,\n    position,\n    value,\n  }) {\n    const {\n      closestSubschemaFieldName,\n      extendedAutoValueContext,\n      func,\n      isModifier,\n      isUpsert,\n      mongoObject,\n    } = this.options;\n\n    // If already called for this key, skip it\n    if (this.doneKeys.includes(affectedKey)) return;\n\n    const fieldParentName = getParentOfKey(affectedKey, true);\n    const parentFieldInfo = getFieldInfo(mongoObject, fieldParentName.slice(0, -1));\n\n    let doUnset = false;\n\n    if (Array.isArray(parentFieldInfo.value)) {\n      if (isNaN(affectedKey.split('.').slice(-1).pop())) {\n        // parent is an array, but the key to be set is not an integer (see issue #80)\n        return;\n      }\n    }\n\n    const autoValue = func.call({\n      closestSubschemaFieldName: closestSubschemaFieldName.length ? closestSubschemaFieldName : null,\n      field(fName) {\n        return getFieldInfo(mongoObject, closestSubschemaFieldName + fName);\n      },\n      isModifier,\n      isUpsert,\n      isSet: (value !== undefined),\n      key: affectedKey,\n      operator,\n      parentField() {\n        return parentFieldInfo;\n      },\n      siblingField(fName) {\n        return getFieldInfo(mongoObject, fieldParentName + fName);\n      },\n      unset() {\n        doUnset = true;\n      },\n      value,\n      ...(extendedAutoValueContext || {}),\n    }, mongoObject.getObject());\n\n    // Update tracking of which keys we've run autovalue for\n    this.doneKeys.push(affectedKey);\n\n    if (doUnset && position) mongoObject.removeValueForPosition(position);\n\n    if (autoValue === undefined) return;\n\n    // If the user's auto value is of the pseudo-modifier format, parse it\n    // into operator and value.\n    if (isModifier) {\n      let op;\n      let newValue;\n      if (autoValue && typeof autoValue === 'object') {\n        const avOperator = Object.keys(autoValue).find((avProp) => avProp.substring(0, 1) === '$');\n        if (avOperator) {\n          op = avOperator;\n          newValue = autoValue[avOperator];\n        }\n      }\n\n      // Add $set for updates and upserts if necessary. Keep this\n      // above the \"if (op)\" block below since we might change op\n      // in this line.\n      if (!op && position.slice(0, 1) !== '$') {\n        op = '$set';\n        newValue = autoValue;\n      }\n\n      if (op) {\n        // Update/change value\n        mongoObject.removeValueForPosition(position);\n        mongoObject.setValueForPosition(`${op}[${affectedKey}]`, clone(newValue));\n        return;\n      }\n    }\n\n    // Update/change value. Cloning is necessary in case it's an object, because\n    // if we later set some keys within it, they'd be set on the original object, too.\n    mongoObject.setValueForPosition(position, clone(autoValue));\n  }\n}\n"],"mappings":"AAAA,IAAIA,aAAa;AAACC,MAAM,CAACC,IAAI,CAAC,sCAAsC,EAAC;EAACC,OAAOA,CAACC,CAAC,EAAC;IAACJ,aAAa,GAACI,CAAC;EAAA;AAAC,CAAC,EAAC,CAAC,CAAC;AAArGH,MAAM,CAACI,MAAM,CAAC;EAACF,OAAO,EAACA,CAAA,KAAIG;AAAe,CAAC,CAAC;AAAC,IAAIC,KAAK;AAACN,MAAM,CAACC,IAAI,CAAC,OAAO,EAAC;EAACC,OAAOA,CAACC,CAAC,EAAC;IAACG,KAAK,GAACH,CAAC;EAAA;AAAC,CAAC,EAAC,CAAC,CAAC;AAAC,IAAII,cAAc;AAACP,MAAM,CAACC,IAAI,CAAC,YAAY,EAAC;EAACM,cAAcA,CAACJ,CAAC,EAAC;IAACI,cAAc,GAACJ,CAAC;EAAA;AAAC,CAAC,EAAC,CAAC,CAAC;AAGxL,SAASK,YAAYA,CAACC,WAAW,EAAEC,GAAG,EAAE;EACtC,MAAMC,OAAO,GAAGF,WAAW,CAACG,aAAa,CAACF,GAAG,CAAC,IAAI,CAAC,CAAC;EACpD,OAAO;IACLG,KAAK,EAAGF,OAAO,CAACG,KAAK,KAAKC,SAAU;IACpCD,KAAK,EAAEH,OAAO,CAACG,KAAK;IACpBE,QAAQ,EAAEL,OAAO,CAACK,QAAQ,IAAI;EAChC,CAAC;AACH;AAEe,MAAMX,eAAe,CAAC;EACnCY,WAAWA,CAACC,OAAO,EAAE;IACnB,IAAI,CAACA,OAAO,GAAGA,OAAO;IACtB,IAAI,CAACC,QAAQ,GAAG,EAAE;EACpB;EAEAC,cAAcA,CAAAC,IAAA,EAKX;IAAA,IALY;MACbX,GAAG,EAAEY,WAAW;MAChBN,QAAQ;MACRO,QAAQ;MACRT;IACF,CAAC,GAAAO,IAAA;IACC,MAAM;MACJG,yBAAyB;MACzBC,wBAAwB;MACxBC,IAAI;MACJC,UAAU;MACVC,QAAQ;MACRnB;IACF,CAAC,GAAG,IAAI,CAACS,OAAO;;IAEhB;IACA,IAAI,IAAI,CAACC,QAAQ,CAACU,QAAQ,CAACP,WAAW,CAAC,EAAE;IAEzC,MAAMQ,eAAe,GAAGvB,cAAc,CAACe,WAAW,EAAE,IAAI,CAAC;IACzD,MAAMS,eAAe,GAAGvB,YAAY,CAACC,WAAW,EAAEqB,eAAe,CAACE,KAAK,CAAC,CAAC,EAAE,CAAC,CAAC,CAAC,CAAC;IAE/E,IAAIC,OAAO,GAAG,KAAK;IAEnB,IAAIC,KAAK,CAACC,OAAO,CAACJ,eAAe,CAACjB,KAAK,CAAC,EAAE;MACxC,IAAIsB,KAAK,CAACd,WAAW,CAACe,KAAK,CAAC,GAAG,CAAC,CAACL,KAAK,CAAC,CAAC,CAAC,CAAC,CAACM,GAAG,CAAC,CAAC,CAAC,EAAE;QACjD;QACA;MACF;IACF;IAEA,MAAMC,SAAS,GAAGb,IAAI,CAACc,IAAI,CAAAzC,aAAA;MACzByB,yBAAyB,EAAEA,yBAAyB,CAACiB,MAAM,GAAGjB,yBAAyB,GAAG,IAAI;MAC9FkB,KAAKA,CAACC,KAAK,EAAE;QACX,OAAOnC,YAAY,CAACC,WAAW,EAAEe,yBAAyB,GAAGmB,KAAK,CAAC;MACrE,CAAC;MACDhB,UAAU;MACVC,QAAQ;MACRf,KAAK,EAAGC,KAAK,KAAKC,SAAU;MAC5BL,GAAG,EAAEY,WAAW;MAChBN,QAAQ;MACR4B,WAAWA,CAAA,EAAG;QACZ,OAAOb,eAAe;MACxB,CAAC;MACDc,YAAYA,CAACF,KAAK,EAAE;QAClB,OAAOnC,YAAY,CAACC,WAAW,EAAEqB,eAAe,GAAGa,KAAK,CAAC;MAC3D,CAAC;MACDG,KAAKA,CAAA,EAAG;QACNb,OAAO,GAAG,IAAI;MAChB,CAAC;MACDnB;IAAK,GACDW,wBAAwB,IAAI,CAAC,CAAC,GACjChB,WAAW,CAACsC,SAAS,CAAC,CAAC,CAAC;;IAE3B;IACA,IAAI,CAAC5B,QAAQ,CAAC6B,IAAI,CAAC1B,WAAW,CAAC;IAE/B,IAAIW,OAAO,IAAIV,QAAQ,EAAEd,WAAW,CAACwC,sBAAsB,CAAC1B,QAAQ,CAAC;IAErE,IAAIgB,SAAS,KAAKxB,SAAS,EAAE;;IAE7B;IACA;IACA,IAAIY,UAAU,EAAE;MACd,IAAIuB,EAAE;MACN,IAAIC,QAAQ;MACZ,IAAIZ,SAAS,IAAI,OAAOA,SAAS,KAAK,QAAQ,EAAE;QAC9C,MAAMa,UAAU,GAAGC,MAAM,CAACC,IAAI,CAACf,SAAS,CAAC,CAACgB,IAAI,CAAEC,MAAM,IAAKA,MAAM,CAACC,SAAS,CAAC,CAAC,EAAE,CAAC,CAAC,KAAK,GAAG,CAAC;QAC1F,IAAIL,UAAU,EAAE;UACdF,EAAE,GAAGE,UAAU;UACfD,QAAQ,GAAGZ,SAAS,CAACa,UAAU,CAAC;QAClC;MACF;;MAEA;MACA;MACA;MACA,IAAI,CAACF,EAAE,IAAI3B,QAAQ,CAACS,KAAK,CAAC,CAAC,EAAE,CAAC,CAAC,KAAK,GAAG,EAAE;QACvCkB,EAAE,GAAG,MAAM;QACXC,QAAQ,GAAGZ,SAAS;MACtB;MAEA,IAAIW,EAAE,EAAE;QACN;QACAzC,WAAW,CAACwC,sBAAsB,CAAC1B,QAAQ,CAAC;QAC5Cd,WAAW,CAACiD,mBAAmB,IAAAC,MAAA,CAAIT,EAAE,OAAAS,MAAA,CAAIrC,WAAW,QAAKhB,KAAK,CAAC6C,QAAQ,CAAC,CAAC;QACzE;MACF;IACF;;IAEA;IACA;IACA1C,WAAW,CAACiD,mBAAmB,CAACnC,QAAQ,EAAEjB,KAAK,CAACiC,SAAS,CAAC,CAAC;EAC7D;AACF"},"sourceType":"module","externalDependencies":{},"hash":"d79fa4a2a9542e02c1e1496c81049dd9439eecce"}
