{"metadata":{},"options":{"assumptions":{},"compact":false,"sourceMaps":true,"ast":true,"babelrc":false,"configFile":false,"parserOpts":{"sourceType":"module","sourceFileName":"D:\\loan_app\\loan-management\\server\\main.js","plugins":["*","flow","jsx","asyncGenerators","bigInt","classPrivateMethods","classPrivateProperties","classProperties","doExpressions","dynamicImport","exportDefaultFrom","exportExtensions","exportNamespaceFrom","functionBind","functionSent","importMeta","nullishCoalescingOperator","numericSeparator","objectRestSpread","optionalCatchBinding","optionalChaining",["pipelineOperator",{"proposal":"minimal"}],"throwExpressions","objectRestSpread","objectRestSpread","asyncGenerators","classProperties","classPrivateProperties","jsx","nullishCoalescingOperator","nullishCoalescingOperator","optionalChaining","optionalChaining","optionalCatchBinding","optionalCatchBinding","classProperties","classPrivateProperties","classPrivateMethods","classProperties","classPrivateProperties","asyncGenerators","asyncGenerators","objectRestSpread","objectRestSpread","logicalAssignment"],"allowImportExportEverywhere":true,"allowReturnOutsideFunction":true,"allowUndeclaredExports":true,"strictMode":false},"caller":{"name":"meteor","arch":"os.windows.x86_64"},"sourceFileName":"server/main.js","filename":"D:\\loan_app\\loan-management\\server\\main.js","targets":{},"cloneInputAst":true,"browserslistConfigFile":false,"passPerPreset":false,"envName":"development","cwd":"D:\\loan_app\\loan-management","root":"D:\\loan_app\\loan-management","rootMode":"root","plugins":[{"key":"base$0","visitor":{"_exploded":true,"_verified":true},"options":{},"externalDependencies":[]},{"key":"base$0$0","visitor":{"Program":{"enter":[null],"exit":[null]},"_exploded":true,"_verified":true},"options":{"avoidModernSyntax":false,"enforceStrictMode":false,"dynamicImport":true,"generateLetDeclarations":true},"externalDependencies":[]},{"key":"transform-runtime","visitor":{"MemberExpression":{"enter":[null]},"ObjectPattern":{"enter":[null]},"BinaryExpression":{"enter":[null]},"Identifier":{"enter":[null]},"JSXIdentifier":{"enter":[null]},"_exploded":true,"_verified":true},"options":{"version":"7.17.2","helpers":true,"useESModules":false,"corejs":false},"externalDependencies":[]},{"key":"syntax-object-rest-spread","visitor":{"_exploded":true,"_verified":true},"options":{},"externalDependencies":[]},{"key":"proposal-object-rest-spread","visitor":{"VariableDeclarator":{"enter":[null]},"ExportNamedDeclaration":{"enter":[null]},"CatchClause":{"enter":[null]},"AssignmentExpression":{"enter":[null]},"ArrayPattern":{"enter":[null]},"ObjectExpression":{"enter":[null]},"FunctionDeclaration":{"enter":[null]},"FunctionExpression":{"enter":[null]},"ObjectMethod":{"enter":[null]},"ArrowFunctionExpression":{"enter":[null]},"ClassMethod":{"enter":[null]},"ClassPrivateMethod":{"enter":[null]},"ForInStatement":{"enter":[null]},"ForOfStatement":{"enter":[null]},"_exploded":true,"_verified":true},"options":{},"externalDependencies":[]},{"key":"transform-meteor-async-await","visitor":{"AwaitExpression":{"enter":[null]},"_exploded":true,"_verified":true,"FunctionDeclaration":{"exit":[null]},"FunctionExpression":{"exit":[null]},"ObjectMethod":{"exit":[null]},"ArrowFunctionExpression":{"exit":[null]},"ClassMethod":{"exit":[null]},"ClassPrivateMethod":{"exit":[null]}},"options":{"useNativeAsyncAwait":false},"externalDependencies":[]},{"key":"proposal-async-generator-functions","visitor":{"Program":{"enter":[null]},"_exploded":true,"_verified":true},"options":{},"externalDependencies":[]},{"key":"proposal-class-properties","visitor":{"ExportDefaultDeclaration":{"enter":[null]},"_exploded":true,"_verified":true,"ClassExpression":{"enter":[null]},"ClassDeclaration":{"enter":[null]}},"options":{"loose":true},"externalDependencies":[]},{"key":"transform-react-jsx","visitor":{"JSXNamespacedName":{"enter":[null]},"JSXSpreadChild":{"enter":[null]},"Program":{"enter":[null]},"JSXFragment":{"exit":[null]},"JSXElement":{"exit":[null]},"JSXAttribute":{"enter":[null]},"_exploded":true,"_verified":true},"options":{"pragma":"React.createElement","pragmaFrag":"React.Fragment","runtime":"classic","throwIfNamespace":true,"useBuiltIns":false},"externalDependencies":[]},{"key":"transform-react-display-name","visitor":{"ExportDefaultDeclaration":{"enter":[null]},"CallExpression":{"enter":[null]},"_exploded":true,"_verified":true},"options":{},"externalDependencies":[]},{"key":"transform-react-pure-annotations","visitor":{"CallExpression":{"enter":[null]},"_exploded":true,"_verified":true},"options":{},"externalDependencies":[]},{"key":"syntax-nullish-coalescing-operator","visitor":{"_exploded":true,"_verified":true},"options":{},"externalDependencies":[]},{"key":"proposal-nullish-coalescing-operator","visitor":{"LogicalExpression":{"enter":[null]},"_exploded":true,"_verified":true},"options":{},"externalDependencies":[]},{"key":"syntax-optional-chaining","visitor":{"_exploded":true,"_verified":true},"options":{},"externalDependencies":[]},{"key":"proposal-optional-chaining","visitor":{"OptionalCallExpression":{"enter":[null]},"OptionalMemberExpression":{"enter":[null]},"_exploded":true,"_verified":true},"options":{},"externalDependencies":[]},{"key":"syntax-optional-catch-binding","visitor":{"_exploded":true,"_verified":true},"options":{},"externalDependencies":[]},{"key":"proposal-optional-catch-binding","visitor":{"CatchClause":{"enter":[null]},"_exploded":true,"_verified":true},"options":{},"externalDependencies":[]},{"key":"syntax-class-properties","visitor":{"_exploded":true,"_verified":true},"options":{},"externalDependencies":[]},{"key":"proposal-class-properties","visitor":{"ExportDefaultDeclaration":{"enter":[null]},"_exploded":true,"_verified":true,"ClassExpression":{"enter":[null]},"ClassDeclaration":{"enter":[null]}},"options":{},"externalDependencies":[]},{"key":"syntax-async-generators","visitor":{"_exploded":true,"_verified":true},"options":{},"externalDependencies":[]},{"key":"proposal-async-generator-functions","visitor":{"Program":{"enter":[null]},"_exploded":true,"_verified":true},"options":{},"externalDependencies":[]},{"key":"syntax-object-rest-spread","visitor":{"_exploded":true,"_verified":true},"options":{},"externalDependencies":[]},{"key":"proposal-object-rest-spread","visitor":{"VariableDeclarator":{"enter":[null]},"ExportNamedDeclaration":{"enter":[null]},"CatchClause":{"enter":[null]},"AssignmentExpression":{"enter":[null]},"ArrayPattern":{"enter":[null]},"ObjectExpression":{"enter":[null]},"FunctionDeclaration":{"enter":[null]},"FunctionExpression":{"enter":[null]},"ObjectMethod":{"enter":[null]},"ArrowFunctionExpression":{"enter":[null]},"ClassMethod":{"enter":[null]},"ClassPrivateMethod":{"enter":[null]},"ForInStatement":{"enter":[null]},"ForOfStatement":{"enter":[null]},"_exploded":true,"_verified":true},"options":{},"externalDependencies":[]},{"key":"proposal-logical-assignment-operators","visitor":{"AssignmentExpression":{"enter":[null]},"_exploded":true,"_verified":true},"options":{},"externalDependencies":[]},{"key":"transform-literals","visitor":{"NumericLiteral":{"enter":[null]},"StringLiteral":{"enter":[null]},"_exploded":true,"_verified":true},"options":{},"externalDependencies":[]},{"key":"transform-template-literals","visitor":{"TaggedTemplateExpression":{"enter":[null]},"TemplateLiteral":{"enter":[null]},"_exploded":true,"_verified":true},"options":{},"externalDependencies":[]},{"key":"transform-parameters","visitor":{"_exploded":true,"_verified":true,"FunctionDeclaration":{"enter":[null]},"FunctionExpression":{"enter":[null]},"ObjectMethod":{"enter":[null]},"ArrowFunctionExpression":{"enter":[null]},"ClassMethod":{"enter":[null]},"ClassPrivateMethod":{"enter":[null]}},"options":{},"externalDependencies":[]},{"key":"transform-exponentiation-operator","visitor":{"AssignmentExpression":{"enter":[null]},"BinaryExpression":{"enter":[null]},"_exploded":true,"_verified":true},"options":{},"externalDependencies":[]}],"presets":[],"generatorOpts":{"filename":"D:\\loan_app\\loan-management\\server\\main.js","comments":true,"compact":false,"sourceMaps":true,"sourceFileName":"server/main.js"}},"code":"module.export({\n  Transactions: () => Transactions\n});\nlet Meteor;\nmodule.link(\"meteor/meteor\", {\n  Meteor(v) {\n    Meteor = v;\n  }\n}, 0);\nlet Mongo;\nmodule.link(\"meteor/mongo\", {\n  Mongo(v) {\n    Mongo = v;\n  }\n}, 1);\nconst Transactions = new Mongo.Collection('transactions');\nMeteor.methods({\n  'users.register'(email, role) {\n    // Add user registration logic here\n  },\n  'transactions.requestLoan'(details) {\n    // Add loan request logic here\n    const transactionId = Transactions.insert({\n      userId: Meteor.userId(),\n      details,\n      status: 'requested'\n    });\n    return transactionId;\n  },\n  'transactions.payLoan'() {\n    // Add loan payment logic here\n    const transactionId = Transactions.insert({\n      userId: Meteor.userId(),\n      details: 'Loan Paid',\n      status: 'paid'\n    });\n    return transactionId;\n  }\n});\nMeteor.publish('transactions', function () {\n  // Publish transactions to the client\n  return Transactions.find();\n});","map":{"version":3,"names":["module","export","Transactions","Meteor","link","v","Mongo","Collection","methods","users.register","email","role","transactions.requestLoan","details","transactionId","insert","userId","status","transactions.payLoan","publish","find"],"sources":["server/main.js"],"sourcesContent":["import { Meteor } from 'meteor/meteor';\nimport { Mongo } from 'meteor/mongo';\n\nexport const Transactions = new Mongo.Collection('transactions');\n\nMeteor.methods({\n  'users.register'(email, role) {\n    // Add user registration logic here\n  },\n\n  'transactions.requestLoan'(details) {\n    // Add loan request logic here\n    const transactionId = Transactions.insert({\n      userId: Meteor.userId(),\n      details,\n      status: 'requested',\n    });\n    return transactionId;\n  },\n\n  'transactions.payLoan'() {\n    // Add loan payment logic here\n    const transactionId = Transactions.insert({\n      userId: Meteor.userId(),\n      details: 'Loan Paid',\n      status: 'paid',\n    });\n    return transactionId;\n  },\n});\n\nMeteor.publish('transactions', function () {\n  // Publish transactions to the client\n  return Transactions.find();\n});\n"],"mappings":"AAAAA,MAAM,CAACC,MAAM,CAAC;EAACC,YAAY,EAACA,CAAA,KAAIA;AAAY,CAAC,CAAC;AAAC,IAAIC,MAAM;AAACH,MAAM,CAACI,IAAI,CAAC,eAAe,EAAC;EAACD,MAAMA,CAACE,CAAC,EAAC;IAACF,MAAM,GAACE,CAAC;EAAA;AAAC,CAAC,EAAC,CAAC,CAAC;AAAC,IAAIC,KAAK;AAACN,MAAM,CAACI,IAAI,CAAC,cAAc,EAAC;EAACE,KAAKA,CAACD,CAAC,EAAC;IAACC,KAAK,GAACD,CAAC;EAAA;AAAC,CAAC,EAAC,CAAC,CAAC;AAGnK,MAAMH,YAAY,GAAG,IAAII,KAAK,CAACC,UAAU,CAAC,cAAc,CAAC;AAEhEJ,MAAM,CAACK,OAAO,CAAC;EACb,gBAAgBC,CAACC,KAAK,EAAEC,IAAI,EAAE;IAC5B;EAAA,CACD;EAED,0BAA0BC,CAACC,OAAO,EAAE;IAClC;IACA,MAAMC,aAAa,GAAGZ,YAAY,CAACa,MAAM,CAAC;MACxCC,MAAM,EAAEb,MAAM,CAACa,MAAM,CAAC,CAAC;MACvBH,OAAO;MACPI,MAAM,EAAE;IACV,CAAC,CAAC;IACF,OAAOH,aAAa;EACtB,CAAC;EAED,sBAAsBI,CAAA,EAAG;IACvB;IACA,MAAMJ,aAAa,GAAGZ,YAAY,CAACa,MAAM,CAAC;MACxCC,MAAM,EAAEb,MAAM,CAACa,MAAM,CAAC,CAAC;MACvBH,OAAO,EAAE,WAAW;MACpBI,MAAM,EAAE;IACV,CAAC,CAAC;IACF,OAAOH,aAAa;EACtB;AACF,CAAC,CAAC;AAEFX,MAAM,CAACgB,OAAO,CAAC,cAAc,EAAE,YAAY;EACzC;EACA,OAAOjB,YAAY,CAACkB,IAAI,CAAC,CAAC;AAC5B,CAAC,CAAC"},"sourceType":"module","externalDependencies":{},"hash":"e4ae3325a381d238c465a8a697a6c9e2d480370b"}
