{"metadata":{},"options":{"assumptions":{},"compact":false,"sourceMaps":true,"ast":true,"babelrc":false,"configFile":false,"parserOpts":{"sourceType":"module","sourceFileName":"D:\\loan_app\\loan-management\\packages\\rate-limit\\rate-limit.js","plugins":["*","flow","jsx","asyncGenerators","bigInt","classPrivateMethods","classPrivateProperties","classProperties","doExpressions","dynamicImport","exportDefaultFrom","exportExtensions","exportNamespaceFrom","functionBind","functionSent","importMeta","nullishCoalescingOperator","numericSeparator","objectRestSpread","optionalCatchBinding","optionalChaining",["pipelineOperator",{"proposal":"minimal"}],"throwExpressions","objectRestSpread","objectRestSpread","asyncGenerators","classProperties","classPrivateProperties","jsx","nullishCoalescingOperator","nullishCoalescingOperator","optionalChaining","optionalChaining","optionalCatchBinding","optionalCatchBinding","classProperties","classPrivateProperties","classPrivateMethods","classProperties","classPrivateProperties","asyncGenerators","asyncGenerators","objectRestSpread","objectRestSpread","logicalAssignment"],"allowImportExportEverywhere":true,"allowReturnOutsideFunction":true,"allowUndeclaredExports":true,"strictMode":false},"caller":{"name":"meteor","arch":"os.windows.x86_64"},"sourceFileName":"packages/rate-limit/rate-limit.js","filename":"D:\\loan_app\\loan-management\\packages\\rate-limit\\rate-limit.js","targets":{},"cloneInputAst":true,"browserslistConfigFile":false,"passPerPreset":false,"envName":"development","cwd":"D:\\loan_app\\loan-management","root":"D:\\loan_app\\loan-management","rootMode":"root","plugins":[{"key":"base$0","visitor":{"_exploded":true,"_verified":true},"options":{},"externalDependencies":[]},{"key":"base$0$0","visitor":{"Program":{"enter":[null],"exit":[null]},"_exploded":true,"_verified":true},"options":{"avoidModernSyntax":false,"enforceStrictMode":false,"dynamicImport":true,"generateLetDeclarations":true},"externalDependencies":[]},{"key":"transform-runtime","visitor":{"MemberExpression":{"enter":[null]},"ObjectPattern":{"enter":[null]},"BinaryExpression":{"enter":[null]},"Identifier":{"enter":[null]},"JSXIdentifier":{"enter":[null]},"_exploded":true,"_verified":true},"options":{"version":"7.17.2","helpers":true,"useESModules":false,"corejs":false},"externalDependencies":[]},{"key":"syntax-object-rest-spread","visitor":{"_exploded":true,"_verified":true},"options":{},"externalDependencies":[]},{"key":"proposal-object-rest-spread","visitor":{"VariableDeclarator":{"enter":[null]},"ExportNamedDeclaration":{"enter":[null]},"CatchClause":{"enter":[null]},"AssignmentExpression":{"enter":[null]},"ArrayPattern":{"enter":[null]},"ObjectExpression":{"enter":[null]},"FunctionDeclaration":{"enter":[null]},"FunctionExpression":{"enter":[null]},"ObjectMethod":{"enter":[null]},"ArrowFunctionExpression":{"enter":[null]},"ClassMethod":{"enter":[null]},"ClassPrivateMethod":{"enter":[null]},"ForInStatement":{"enter":[null]},"ForOfStatement":{"enter":[null]},"_exploded":true,"_verified":true},"options":{},"externalDependencies":[]},{"key":"transform-meteor-async-await","visitor":{"AwaitExpression":{"enter":[null]},"_exploded":true,"_verified":true,"FunctionDeclaration":{"exit":[null]},"FunctionExpression":{"exit":[null]},"ObjectMethod":{"exit":[null]},"ArrowFunctionExpression":{"exit":[null]},"ClassMethod":{"exit":[null]},"ClassPrivateMethod":{"exit":[null]}},"options":{"useNativeAsyncAwait":false},"externalDependencies":[]},{"key":"proposal-async-generator-functions","visitor":{"Program":{"enter":[null]},"_exploded":true,"_verified":true},"options":{},"externalDependencies":[]},{"key":"proposal-class-properties","visitor":{"ExportDefaultDeclaration":{"enter":[null]},"_exploded":true,"_verified":true,"ClassExpression":{"enter":[null]},"ClassDeclaration":{"enter":[null]}},"options":{"loose":true},"externalDependencies":[]},{"key":"transform-react-jsx","visitor":{"JSXNamespacedName":{"enter":[null]},"JSXSpreadChild":{"enter":[null]},"Program":{"enter":[null]},"JSXFragment":{"exit":[null]},"JSXElement":{"exit":[null]},"JSXAttribute":{"enter":[null]},"_exploded":true,"_verified":true},"options":{"pragma":"React.createElement","pragmaFrag":"React.Fragment","runtime":"classic","throwIfNamespace":true,"useBuiltIns":false},"externalDependencies":[]},{"key":"transform-react-display-name","visitor":{"ExportDefaultDeclaration":{"enter":[null]},"CallExpression":{"enter":[null]},"_exploded":true,"_verified":true},"options":{},"externalDependencies":[]},{"key":"transform-react-pure-annotations","visitor":{"CallExpression":{"enter":[null]},"_exploded":true,"_verified":true},"options":{},"externalDependencies":[]},{"key":"syntax-nullish-coalescing-operator","visitor":{"_exploded":true,"_verified":true},"options":{},"externalDependencies":[]},{"key":"proposal-nullish-coalescing-operator","visitor":{"LogicalExpression":{"enter":[null]},"_exploded":true,"_verified":true},"options":{},"externalDependencies":[]},{"key":"syntax-optional-chaining","visitor":{"_exploded":true,"_verified":true},"options":{},"externalDependencies":[]},{"key":"proposal-optional-chaining","visitor":{"OptionalCallExpression":{"enter":[null]},"OptionalMemberExpression":{"enter":[null]},"_exploded":true,"_verified":true},"options":{},"externalDependencies":[]},{"key":"syntax-optional-catch-binding","visitor":{"_exploded":true,"_verified":true},"options":{},"externalDependencies":[]},{"key":"proposal-optional-catch-binding","visitor":{"CatchClause":{"enter":[null]},"_exploded":true,"_verified":true},"options":{},"externalDependencies":[]},{"key":"syntax-class-properties","visitor":{"_exploded":true,"_verified":true},"options":{},"externalDependencies":[]},{"key":"proposal-class-properties","visitor":{"ExportDefaultDeclaration":{"enter":[null]},"_exploded":true,"_verified":true,"ClassExpression":{"enter":[null]},"ClassDeclaration":{"enter":[null]}},"options":{},"externalDependencies":[]},{"key":"syntax-async-generators","visitor":{"_exploded":true,"_verified":true},"options":{},"externalDependencies":[]},{"key":"proposal-async-generator-functions","visitor":{"Program":{"enter":[null]},"_exploded":true,"_verified":true},"options":{},"externalDependencies":[]},{"key":"syntax-object-rest-spread","visitor":{"_exploded":true,"_verified":true},"options":{},"externalDependencies":[]},{"key":"proposal-object-rest-spread","visitor":{"VariableDeclarator":{"enter":[null]},"ExportNamedDeclaration":{"enter":[null]},"CatchClause":{"enter":[null]},"AssignmentExpression":{"enter":[null]},"ArrayPattern":{"enter":[null]},"ObjectExpression":{"enter":[null]},"FunctionDeclaration":{"enter":[null]},"FunctionExpression":{"enter":[null]},"ObjectMethod":{"enter":[null]},"ArrowFunctionExpression":{"enter":[null]},"ClassMethod":{"enter":[null]},"ClassPrivateMethod":{"enter":[null]},"ForInStatement":{"enter":[null]},"ForOfStatement":{"enter":[null]},"_exploded":true,"_verified":true},"options":{},"externalDependencies":[]},{"key":"proposal-logical-assignment-operators","visitor":{"AssignmentExpression":{"enter":[null]},"_exploded":true,"_verified":true},"options":{},"externalDependencies":[]},{"key":"transform-literals","visitor":{"NumericLiteral":{"enter":[null]},"StringLiteral":{"enter":[null]},"_exploded":true,"_verified":true},"options":{},"externalDependencies":[]},{"key":"transform-template-literals","visitor":{"TaggedTemplateExpression":{"enter":[null]},"TemplateLiteral":{"enter":[null]},"_exploded":true,"_verified":true},"options":{},"externalDependencies":[]},{"key":"transform-parameters","visitor":{"_exploded":true,"_verified":true,"FunctionDeclaration":{"enter":[null]},"FunctionExpression":{"enter":[null]},"ObjectMethod":{"enter":[null]},"ArrowFunctionExpression":{"enter":[null]},"ClassMethod":{"enter":[null]},"ClassPrivateMethod":{"enter":[null]}},"options":{},"externalDependencies":[]},{"key":"transform-exponentiation-operator","visitor":{"AssignmentExpression":{"enter":[null]},"BinaryExpression":{"enter":[null]},"_exploded":true,"_verified":true},"options":{},"externalDependencies":[]}],"presets":[],"generatorOpts":{"filename":"D:\\loan_app\\loan-management\\packages\\rate-limit\\rate-limit.js","comments":true,"compact":false,"sourceMaps":true,"sourceFileName":"packages/rate-limit/rate-limit.js"}},"code":"module.export({\n  RateLimiter: () => RateLimiter\n});\nlet Meteor;\nmodule.link(\"meteor/meteor\", {\n  Meteor(v) {\n    Meteor = v;\n  }\n}, 0);\nlet Random;\nmodule.link(\"meteor/random\", {\n  Random(v) {\n    Random = v;\n  }\n}, 1);\n// Default time interval (in milliseconds) to reset rate limit counters\nconst DEFAULT_INTERVAL_TIME_IN_MILLISECONDS = 1000;\n// Default number of events allowed per time interval\nconst DEFAULT_REQUESTS_PER_INTERVAL = 10;\nconst hasOwn = Object.prototype.hasOwnProperty;\n\n// A rule is defined by an options object that contains two fields,\n// `numRequestsAllowed` which is the number of events allowed per interval, and\n// an `intervalTime` which is the amount of time in milliseconds before the\n// rate limit restarts its internal counters, and by a matchers object. A\n// matchers object is a POJO that contains a set of keys with values that\n// define the entire set of inputs that match for each key. The values can\n// either be null (optional), a primitive or a function that returns a boolean\n// of whether the provided input's value matches for this key.\n//\n// Rules are uniquely assigned an `id` and they store a dictionary of counters,\n// which are records used to keep track of inputs that match the rule. If a\n// counter reaches the `numRequestsAllowed` within a given `intervalTime`, a\n// rate limit is reached and future inputs that map to that counter will\n// result in errors being returned to the client.\nclass Rule {\n  constructor(options, matchers) {\n    this.id = Random.id();\n    this.options = options;\n    this._matchers = matchers;\n    this._lastResetTime = new Date().getTime();\n\n    // Dictionary of input keys to counters\n    this.counters = {};\n  }\n  // Determine if this rule applies to the given input by comparing all\n  // rule.matchers. If the match fails, search short circuits instead of\n  // iterating through all matchers.\n  match(input) {\n    return Object.entries(this._matchers).every(_ref => {\n      let [key, matcher] = _ref;\n      if (matcher !== null) {\n        if (!hasOwn.call(input, key)) {\n          return false;\n        } else if (typeof matcher === 'function') {\n          if (!matcher(input[key])) {\n            return false;\n          }\n        } else if (matcher !== input[key]) {\n          return false;\n        }\n      }\n      return true;\n    });\n  }\n\n  // Generates unique key string for provided input by concatenating all the\n  // keys in the matcher with the corresponding values in the input.\n  // Only called if rule matches input.\n  _generateKeyString(input) {\n    return Object.entries(this._matchers).filter(_ref2 => {\n      let [key] = _ref2;\n      return this._matchers[key] !== null;\n    }).reduce((returnString, _ref3) => {\n      let [key, matcher] = _ref3;\n      if (typeof matcher === 'function') {\n        if (matcher(input[key])) {\n          returnString += key + input[key];\n        }\n      } else {\n        returnString += key + input[key];\n      }\n      return returnString;\n    }, '');\n  }\n\n  // Applies the provided input and returns the key string, time since counters\n  // were last reset and time to next reset.\n  apply(input) {\n    const key = this._generateKeyString(input);\n    const timeSinceLastReset = new Date().getTime() - this._lastResetTime;\n    const timeToNextReset = this.options.intervalTime - timeSinceLastReset;\n    return {\n      key,\n      timeSinceLastReset,\n      timeToNextReset\n    };\n  }\n\n  // Reset counter dictionary for this specific rule. Called once the\n  // timeSinceLastReset has exceeded the intervalTime. _lastResetTime is\n  // set to be the current time in milliseconds.\n  resetCounter() {\n    // Delete the old counters dictionary to allow for garbage collection\n    this.counters = {};\n    this._lastResetTime = new Date().getTime();\n  }\n  _executeCallback(reply, ruleInput) {\n    try {\n      if (this.options.callback) {\n        this.options.callback(reply, ruleInput);\n      }\n    } catch (e) {\n      // Do not throw error here\n      console.error(e);\n    }\n  }\n}\nclass RateLimiter {\n  // Initialize rules to be an empty dictionary.\n  constructor() {\n    // Dictionary of all rules associated with this RateLimiter, keyed by their\n    // id. Each rule object stores the rule pattern, number of events allowed,\n    // last reset time and the rule reset interval in milliseconds.\n\n    this.rules = {};\n  }\n\n  /**\n  * Checks if this input has exceeded any rate limits.\n  * @param  {object} input dictionary containing key-value pairs of attributes\n  * that match to rules\n  * @return {object} Returns object of following structure\n  * { 'allowed': boolean - is this input allowed\n  *   'timeToReset': integer | Infinity - returns time until counters are reset\n  *                   in milliseconds\n  *   'numInvocationsLeft': integer | Infinity - returns number of calls left\n  *   before limit is reached\n  * }\n  * If multiple rules match, the least number of invocations left is returned.\n  * If the rate limit has been reached, the longest timeToReset is returned.\n  */\n  check(input) {\n    const reply = {\n      allowed: true,\n      timeToReset: 0,\n      numInvocationsLeft: Infinity\n    };\n    const matchedRules = this._findAllMatchingRules(input);\n    matchedRules.forEach(rule => {\n      const ruleResult = rule.apply(input);\n      let numInvocations = rule.counters[ruleResult.key];\n      if (ruleResult.timeToNextReset < 0) {\n        // Reset all the counters since the rule has reset\n        rule.resetCounter();\n        ruleResult.timeSinceLastReset = new Date().getTime() - rule._lastResetTime;\n        ruleResult.timeToNextReset = rule.options.intervalTime;\n        numInvocations = 0;\n      }\n      if (numInvocations > rule.options.numRequestsAllowed) {\n        // Only update timeToReset if the new time would be longer than the\n        // previously set time. This is to ensure that if this input triggers\n        // multiple rules, we return the longest period of time until they can\n        // successfully make another call\n        if (reply.timeToReset < ruleResult.timeToNextReset) {\n          reply.timeToReset = ruleResult.timeToNextReset;\n        }\n        reply.allowed = false;\n        reply.numInvocationsLeft = 0;\n        reply.ruleId = rule.id;\n        rule._executeCallback(reply, input);\n      } else {\n        // If this is an allowed attempt and we haven't failed on any of the\n        // other rules that match, update the reply field.\n        if (rule.options.numRequestsAllowed - numInvocations < reply.numInvocationsLeft && reply.allowed) {\n          reply.timeToReset = ruleResult.timeToNextReset;\n          reply.numInvocationsLeft = rule.options.numRequestsAllowed - numInvocations;\n        }\n        reply.ruleId = rule.id;\n        rule._executeCallback(reply, input);\n      }\n    });\n    return reply;\n  }\n\n  /**\n  * Adds a rule to dictionary of rules that are checked against on every call.\n  * Only inputs that pass all of the rules will be allowed. Returns unique rule\n  * id that can be passed to `removeRule`.\n  * @param {object} rule    Input dictionary defining certain attributes and\n  * rules associated with them.\n  * Each attribute's value can either be a value, a function or null. All\n  * functions must return a boolean of whether the input is matched by that\n  * attribute's rule or not\n  * @param {integer} numRequestsAllowed Optional. Number of events allowed per\n  * interval. Default = 10.\n  * @param {integer} intervalTime Optional. Number of milliseconds before\n  * rule's counters are reset. Default = 1000.\n  * @param {function} callback Optional. Function to be called after a\n  * rule is executed. Two objects will be passed to this function.\n  * The first one is the result of RateLimiter.prototype.check\n  * The second is the input object of the rule, it has the following structure:\n  * {\n  *   'type': string - either 'method' or 'subscription'\n  *   'name': string - the name of the method or subscription being called\n  *   'userId': string - the user ID attempting the method or subscription\n  *   'connectionId': string - a string representing the user's DDP connection\n  *   'clientAddress': string - the IP address of the user\n  * }\n  * @return {string} Returns unique rule id\n  */\n  addRule(rule, numRequestsAllowed, intervalTime, callback) {\n    const options = {\n      numRequestsAllowed: numRequestsAllowed || DEFAULT_REQUESTS_PER_INTERVAL,\n      intervalTime: intervalTime || DEFAULT_INTERVAL_TIME_IN_MILLISECONDS,\n      callback: callback && Meteor.bindEnvironment(callback)\n    };\n    const newRule = new Rule(options, rule);\n    this.rules[newRule.id] = newRule;\n    return newRule.id;\n  }\n\n  /**\n  * Increment counters in every rule that match to this input\n  * @param  {object} input Dictionary object containing attributes that may\n  * match to rules\n  */\n  increment(input) {\n    // Only increment rule counters that match this input\n    const matchedRules = this._findAllMatchingRules(input);\n    matchedRules.forEach(rule => {\n      const ruleResult = rule.apply(input);\n      if (ruleResult.timeSinceLastReset > rule.options.intervalTime) {\n        // Reset all the counters since the rule has reset\n        rule.resetCounter();\n      }\n\n      // Check whether the key exists, incrementing it if so or otherwise\n      // adding the key and setting its value to 1\n      if (hasOwn.call(rule.counters, ruleResult.key)) {\n        rule.counters[ruleResult.key]++;\n      } else {\n        rule.counters[ruleResult.key] = 1;\n      }\n    });\n  }\n\n  // Returns an array of all rules that apply to provided input\n  _findAllMatchingRules(input) {\n    return Object.values(this.rules).filter(rule => rule.match(input));\n  }\n\n  /**\n   * Provides a mechanism to remove rules from the rate limiter. Returns boolean\n   * about success.\n   * @param  {string} id Rule id returned from #addRule\n   * @return {boolean} Returns true if rule was found and deleted, else false.\n   */\n  removeRule(id) {\n    if (this.rules[id]) {\n      delete this.rules[id];\n      return true;\n    }\n    return false;\n  }\n}","map":{"version":3,"names":["module","export","RateLimiter","Meteor","link","v","Random","DEFAULT_INTERVAL_TIME_IN_MILLISECONDS","DEFAULT_REQUESTS_PER_INTERVAL","hasOwn","Object","prototype","hasOwnProperty","Rule","constructor","options","matchers","id","_matchers","_lastResetTime","Date","getTime","counters","match","input","entries","every","_ref","key","matcher","call","_generateKeyString","filter","_ref2","reduce","returnString","_ref3","apply","timeSinceLastReset","timeToNextReset","intervalTime","resetCounter","_executeCallback","reply","ruleInput","callback","e","console","error","rules","check","allowed","timeToReset","numInvocationsLeft","Infinity","matchedRules","_findAllMatchingRules","forEach","rule","ruleResult","numInvocations","numRequestsAllowed","ruleId","addRule","bindEnvironment","newRule","increment","values","removeRule"],"sources":["packages/rate-limit/rate-limit.js"],"sourcesContent":["import { Meteor } from 'meteor/meteor';\nimport { Random } from 'meteor/random';\n\n// Default time interval (in milliseconds) to reset rate limit counters\nconst DEFAULT_INTERVAL_TIME_IN_MILLISECONDS = 1000;\n// Default number of events allowed per time interval\nconst DEFAULT_REQUESTS_PER_INTERVAL = 10;\n\nconst hasOwn = Object.prototype.hasOwnProperty;\n\n// A rule is defined by an options object that contains two fields,\n// `numRequestsAllowed` which is the number of events allowed per interval, and\n// an `intervalTime` which is the amount of time in milliseconds before the\n// rate limit restarts its internal counters, and by a matchers object. A\n// matchers object is a POJO that contains a set of keys with values that\n// define the entire set of inputs that match for each key. The values can\n// either be null (optional), a primitive or a function that returns a boolean\n// of whether the provided input's value matches for this key.\n//\n// Rules are uniquely assigned an `id` and they store a dictionary of counters,\n// which are records used to keep track of inputs that match the rule. If a\n// counter reaches the `numRequestsAllowed` within a given `intervalTime`, a\n// rate limit is reached and future inputs that map to that counter will\n// result in errors being returned to the client.\nclass Rule {\n  constructor(options, matchers) {\n    this.id = Random.id();\n\n    this.options = options;\n\n    this._matchers = matchers;\n\n    this._lastResetTime = new Date().getTime();\n\n    // Dictionary of input keys to counters\n    this.counters = {};\n  }\n  // Determine if this rule applies to the given input by comparing all\n  // rule.matchers. If the match fails, search short circuits instead of\n  // iterating through all matchers.\n  match(input) {\n    return Object\n      .entries(this._matchers)\n      .every(([key, matcher]) => {\n        if (matcher !== null) {\n          if (!hasOwn.call(input, key)) {\n            return false;\n          } else if (typeof matcher === 'function') {\n            if (!(matcher(input[key]))) {\n              return false;\n            }\n          } else if (matcher !== input[key]) {\n            return false;\n          }\n        }\n        return true;\n      });\n  }\n\n  // Generates unique key string for provided input by concatenating all the\n  // keys in the matcher with the corresponding values in the input.\n  // Only called if rule matches input.\n  _generateKeyString(input) {\n    return Object.entries(this._matchers)\n      .filter(([key]) => this._matchers[key] !== null)\n      .reduce((returnString, [key, matcher]) => {\n        if (typeof matcher === 'function') {\n          if (matcher(input[key])) {\n            returnString += key + input[key];\n          }\n        } else {\n          returnString += key + input[key];\n        }\n        return returnString;\n      }, '');\n  }\n\n  // Applies the provided input and returns the key string, time since counters\n  // were last reset and time to next reset.\n  apply(input) {\n    const key = this._generateKeyString(input);\n    const timeSinceLastReset = new Date().getTime() - this._lastResetTime;\n    const timeToNextReset = this.options.intervalTime - timeSinceLastReset;\n    return {\n      key,\n      timeSinceLastReset,\n      timeToNextReset,\n    };\n  }\n\n  // Reset counter dictionary for this specific rule. Called once the\n  // timeSinceLastReset has exceeded the intervalTime. _lastResetTime is\n  // set to be the current time in milliseconds.\n  resetCounter() {\n    // Delete the old counters dictionary to allow for garbage collection\n    this.counters = {};\n    this._lastResetTime = new Date().getTime();\n  }\n\n  _executeCallback(reply, ruleInput) {\n    try {\n      if (this.options.callback) {\n        this.options.callback(reply, ruleInput);\n      }\n    } catch (e) {\n      // Do not throw error here\n      console.error(e);\n    }\n  }\n}\n\nclass RateLimiter {\n  // Initialize rules to be an empty dictionary.\n  constructor() {\n    // Dictionary of all rules associated with this RateLimiter, keyed by their\n    // id. Each rule object stores the rule pattern, number of events allowed,\n    // last reset time and the rule reset interval in milliseconds.\n\n    this.rules = {};\n  }\n\n  /**\n  * Checks if this input has exceeded any rate limits.\n  * @param  {object} input dictionary containing key-value pairs of attributes\n  * that match to rules\n  * @return {object} Returns object of following structure\n  * { 'allowed': boolean - is this input allowed\n  *   'timeToReset': integer | Infinity - returns time until counters are reset\n  *                   in milliseconds\n  *   'numInvocationsLeft': integer | Infinity - returns number of calls left\n  *   before limit is reached\n  * }\n  * If multiple rules match, the least number of invocations left is returned.\n  * If the rate limit has been reached, the longest timeToReset is returned.\n  */\n  check(input) {\n    const reply = {\n      allowed: true,\n      timeToReset: 0,\n      numInvocationsLeft: Infinity,\n    };\n\n    const matchedRules = this._findAllMatchingRules(input);\n    matchedRules.forEach((rule) => {\n      const ruleResult = rule.apply(input);\n      let numInvocations = rule.counters[ruleResult.key];\n\n      if (ruleResult.timeToNextReset < 0) {\n        // Reset all the counters since the rule has reset\n        rule.resetCounter();\n        ruleResult.timeSinceLastReset = new Date().getTime() -\n          rule._lastResetTime;\n        ruleResult.timeToNextReset = rule.options.intervalTime;\n        numInvocations = 0;\n      }\n\n      if (numInvocations > rule.options.numRequestsAllowed) {\n        // Only update timeToReset if the new time would be longer than the\n        // previously set time. This is to ensure that if this input triggers\n        // multiple rules, we return the longest period of time until they can\n        // successfully make another call\n        if (reply.timeToReset < ruleResult.timeToNextReset) {\n          reply.timeToReset = ruleResult.timeToNextReset;\n        }\n        reply.allowed = false;\n        reply.numInvocationsLeft = 0;\n        reply.ruleId = rule.id;\n        rule._executeCallback(reply, input);\n      } else {\n        // If this is an allowed attempt and we haven't failed on any of the\n        // other rules that match, update the reply field.\n        if (rule.options.numRequestsAllowed - numInvocations <\n          reply.numInvocationsLeft && reply.allowed) {\n          reply.timeToReset = ruleResult.timeToNextReset;\n          reply.numInvocationsLeft = rule.options.numRequestsAllowed -\n            numInvocations;\n        }\n        reply.ruleId = rule.id;\n        rule._executeCallback(reply, input);\n      }\n    });\n    return reply;\n  }\n\n  /**\n  * Adds a rule to dictionary of rules that are checked against on every call.\n  * Only inputs that pass all of the rules will be allowed. Returns unique rule\n  * id that can be passed to `removeRule`.\n  * @param {object} rule    Input dictionary defining certain attributes and\n  * rules associated with them.\n  * Each attribute's value can either be a value, a function or null. All\n  * functions must return a boolean of whether the input is matched by that\n  * attribute's rule or not\n  * @param {integer} numRequestsAllowed Optional. Number of events allowed per\n  * interval. Default = 10.\n  * @param {integer} intervalTime Optional. Number of milliseconds before\n  * rule's counters are reset. Default = 1000.\n  * @param {function} callback Optional. Function to be called after a\n  * rule is executed. Two objects will be passed to this function.\n  * The first one is the result of RateLimiter.prototype.check\n  * The second is the input object of the rule, it has the following structure:\n  * {\n  *   'type': string - either 'method' or 'subscription'\n  *   'name': string - the name of the method or subscription being called\n  *   'userId': string - the user ID attempting the method or subscription\n  *   'connectionId': string - a string representing the user's DDP connection\n  *   'clientAddress': string - the IP address of the user\n  * }\n  * @return {string} Returns unique rule id\n  */\n  addRule(rule, numRequestsAllowed, intervalTime, callback) {\n    const options = {\n      numRequestsAllowed: numRequestsAllowed || DEFAULT_REQUESTS_PER_INTERVAL,\n      intervalTime: intervalTime || DEFAULT_INTERVAL_TIME_IN_MILLISECONDS,\n      callback: callback && Meteor.bindEnvironment(callback),\n    };\n\n    const newRule = new Rule(options, rule);\n    this.rules[newRule.id] = newRule;\n    return newRule.id;\n  }\n\n  /**\n  * Increment counters in every rule that match to this input\n  * @param  {object} input Dictionary object containing attributes that may\n  * match to rules\n  */\n  increment(input) {\n    // Only increment rule counters that match this input\n    const matchedRules = this._findAllMatchingRules(input);\n    matchedRules.forEach((rule) => {\n      const ruleResult = rule.apply(input);\n\n      if (ruleResult.timeSinceLastReset > rule.options.intervalTime) {\n        // Reset all the counters since the rule has reset\n        rule.resetCounter();\n      }\n\n      // Check whether the key exists, incrementing it if so or otherwise\n      // adding the key and setting its value to 1\n      if (hasOwn.call(rule.counters, ruleResult.key)) {\n        rule.counters[ruleResult.key]++;\n      } else {\n        rule.counters[ruleResult.key] = 1;\n      }\n    });\n  }\n\n  // Returns an array of all rules that apply to provided input\n  _findAllMatchingRules(input) {\n    return Object.values(this.rules).filter(rule => rule.match(input));\n  }\n\n  /**\n   * Provides a mechanism to remove rules from the rate limiter. Returns boolean\n   * about success.\n   * @param  {string} id Rule id returned from #addRule\n   * @return {boolean} Returns true if rule was found and deleted, else false.\n   */\n  removeRule(id) {\n    if (this.rules[id]) {\n      delete this.rules[id];\n      return true;\n    }\n    return false;\n  }\n}\n\nexport { RateLimiter };\n"],"mappings":"AAAAA,MAAM,CAACC,MAAM,CAAC;EAACC,WAAW,EAACA,CAAA,KAAIA;AAAW,CAAC,CAAC;AAAC,IAAIC,MAAM;AAACH,MAAM,CAACI,IAAI,CAAC,eAAe,EAAC;EAACD,MAAMA,CAACE,CAAC,EAAC;IAACF,MAAM,GAACE,CAAC;EAAA;AAAC,CAAC,EAAC,CAAC,CAAC;AAAC,IAAIC,MAAM;AAACN,MAAM,CAACI,IAAI,CAAC,eAAe,EAAC;EAACE,MAAMA,CAACD,CAAC,EAAC;IAACC,MAAM,GAACD,CAAC;EAAA;AAAC,CAAC,EAAC,CAAC,CAAC;AAG5K;AACA,MAAME,qCAAqC,GAAG,IAAI;AAClD;AACA,MAAMC,6BAA6B,GAAG,EAAE;AAExC,MAAMC,MAAM,GAAGC,MAAM,CAACC,SAAS,CAACC,cAAc;;AAE9C;AACA;AACA;AACA;AACA;AACA;AACA;AACA;AACA;AACA;AACA;AACA;AACA;AACA;AACA,MAAMC,IAAI,CAAC;EACTC,WAAWA,CAACC,OAAO,EAAEC,QAAQ,EAAE;IAC7B,IAAI,CAACC,EAAE,GAAGX,MAAM,CAACW,EAAE,CAAC,CAAC;IAErB,IAAI,CAACF,OAAO,GAAGA,OAAO;IAEtB,IAAI,CAACG,SAAS,GAAGF,QAAQ;IAEzB,IAAI,CAACG,cAAc,GAAG,IAAIC,IAAI,CAAC,CAAC,CAACC,OAAO,CAAC,CAAC;;IAE1C;IACA,IAAI,CAACC,QAAQ,GAAG,CAAC,CAAC;EACpB;EACA;EACA;EACA;EACAC,KAAKA,CAACC,KAAK,EAAE;IACX,OAAOd,MAAM,CACVe,OAAO,CAAC,IAAI,CAACP,SAAS,CAAC,CACvBQ,KAAK,CAACC,IAAA,IAAoB;MAAA,IAAnB,CAACC,GAAG,EAAEC,OAAO,CAAC,GAAAF,IAAA;MACpB,IAAIE,OAAO,KAAK,IAAI,EAAE;QACpB,IAAI,CAACpB,MAAM,CAACqB,IAAI,CAACN,KAAK,EAAEI,GAAG,CAAC,EAAE;UAC5B,OAAO,KAAK;QACd,CAAC,MAAM,IAAI,OAAOC,OAAO,KAAK,UAAU,EAAE;UACxC,IAAI,CAAEA,OAAO,CAACL,KAAK,CAACI,GAAG,CAAC,CAAE,EAAE;YAC1B,OAAO,KAAK;UACd;QACF,CAAC,MAAM,IAAIC,OAAO,KAAKL,KAAK,CAACI,GAAG,CAAC,EAAE;UACjC,OAAO,KAAK;QACd;MACF;MACA,OAAO,IAAI;IACb,CAAC,CAAC;EACN;;EAEA;EACA;EACA;EACAG,kBAAkBA,CAACP,KAAK,EAAE;IACxB,OAAOd,MAAM,CAACe,OAAO,CAAC,IAAI,CAACP,SAAS,CAAC,CAClCc,MAAM,CAACC,KAAA;MAAA,IAAC,CAACL,GAAG,CAAC,GAAAK,KAAA;MAAA,OAAK,IAAI,CAACf,SAAS,CAACU,GAAG,CAAC,KAAK,IAAI;IAAA,EAAC,CAC/CM,MAAM,CAAC,CAACC,YAAY,EAAAC,KAAA,KAAqB;MAAA,IAAnB,CAACR,GAAG,EAAEC,OAAO,CAAC,GAAAO,KAAA;MACnC,IAAI,OAAOP,OAAO,KAAK,UAAU,EAAE;QACjC,IAAIA,OAAO,CAACL,KAAK,CAACI,GAAG,CAAC,CAAC,EAAE;UACvBO,YAAY,IAAIP,GAAG,GAAGJ,KAAK,CAACI,GAAG,CAAC;QAClC;MACF,CAAC,MAAM;QACLO,YAAY,IAAIP,GAAG,GAAGJ,KAAK,CAACI,GAAG,CAAC;MAClC;MACA,OAAOO,YAAY;IACrB,CAAC,EAAE,EAAE,CAAC;EACV;;EAEA;EACA;EACAE,KAAKA,CAACb,KAAK,EAAE;IACX,MAAMI,GAAG,GAAG,IAAI,CAACG,kBAAkB,CAACP,KAAK,CAAC;IAC1C,MAAMc,kBAAkB,GAAG,IAAIlB,IAAI,CAAC,CAAC,CAACC,OAAO,CAAC,CAAC,GAAG,IAAI,CAACF,cAAc;IACrE,MAAMoB,eAAe,GAAG,IAAI,CAACxB,OAAO,CAACyB,YAAY,GAAGF,kBAAkB;IACtE,OAAO;MACLV,GAAG;MACHU,kBAAkB;MAClBC;IACF,CAAC;EACH;;EAEA;EACA;EACA;EACAE,YAAYA,CAAA,EAAG;IACb;IACA,IAAI,CAACnB,QAAQ,GAAG,CAAC,CAAC;IAClB,IAAI,CAACH,cAAc,GAAG,IAAIC,IAAI,CAAC,CAAC,CAACC,OAAO,CAAC,CAAC;EAC5C;EAEAqB,gBAAgBA,CAACC,KAAK,EAAEC,SAAS,EAAE;IACjC,IAAI;MACF,IAAI,IAAI,CAAC7B,OAAO,CAAC8B,QAAQ,EAAE;QACzB,IAAI,CAAC9B,OAAO,CAAC8B,QAAQ,CAACF,KAAK,EAAEC,SAAS,CAAC;MACzC;IACF,CAAC,CAAC,OAAOE,CAAC,EAAE;MACV;MACAC,OAAO,CAACC,KAAK,CAACF,CAAC,CAAC;IAClB;EACF;AACF;AAEA,MAAM5C,WAAW,CAAC;EAChB;EACAY,WAAWA,CAAA,EAAG;IACZ;IACA;IACA;;IAEA,IAAI,CAACmC,KAAK,GAAG,CAAC,CAAC;EACjB;;EAEA;AACF;AACA;AACA;AACA;AACA;AACA;AACA;AACA;AACA;AACA;AACA;AACA;AACA;EACEC,KAAKA,CAAC1B,KAAK,EAAE;IACX,MAAMmB,KAAK,GAAG;MACZQ,OAAO,EAAE,IAAI;MACbC,WAAW,EAAE,CAAC;MACdC,kBAAkB,EAAEC;IACtB,CAAC;IAED,MAAMC,YAAY,GAAG,IAAI,CAACC,qBAAqB,CAAChC,KAAK,CAAC;IACtD+B,YAAY,CAACE,OAAO,CAAEC,IAAI,IAAK;MAC7B,MAAMC,UAAU,GAAGD,IAAI,CAACrB,KAAK,CAACb,KAAK,CAAC;MACpC,IAAIoC,cAAc,GAAGF,IAAI,CAACpC,QAAQ,CAACqC,UAAU,CAAC/B,GAAG,CAAC;MAElD,IAAI+B,UAAU,CAACpB,eAAe,GAAG,CAAC,EAAE;QAClC;QACAmB,IAAI,CAACjB,YAAY,CAAC,CAAC;QACnBkB,UAAU,CAACrB,kBAAkB,GAAG,IAAIlB,IAAI,CAAC,CAAC,CAACC,OAAO,CAAC,CAAC,GAClDqC,IAAI,CAACvC,cAAc;QACrBwC,UAAU,CAACpB,eAAe,GAAGmB,IAAI,CAAC3C,OAAO,CAACyB,YAAY;QACtDoB,cAAc,GAAG,CAAC;MACpB;MAEA,IAAIA,cAAc,GAAGF,IAAI,CAAC3C,OAAO,CAAC8C,kBAAkB,EAAE;QACpD;QACA;QACA;QACA;QACA,IAAIlB,KAAK,CAACS,WAAW,GAAGO,UAAU,CAACpB,eAAe,EAAE;UAClDI,KAAK,CAACS,WAAW,GAAGO,UAAU,CAACpB,eAAe;QAChD;QACAI,KAAK,CAACQ,OAAO,GAAG,KAAK;QACrBR,KAAK,CAACU,kBAAkB,GAAG,CAAC;QAC5BV,KAAK,CAACmB,MAAM,GAAGJ,IAAI,CAACzC,EAAE;QACtByC,IAAI,CAAChB,gBAAgB,CAACC,KAAK,EAAEnB,KAAK,CAAC;MACrC,CAAC,MAAM;QACL;QACA;QACA,IAAIkC,IAAI,CAAC3C,OAAO,CAAC8C,kBAAkB,GAAGD,cAAc,GAClDjB,KAAK,CAACU,kBAAkB,IAAIV,KAAK,CAACQ,OAAO,EAAE;UAC3CR,KAAK,CAACS,WAAW,GAAGO,UAAU,CAACpB,eAAe;UAC9CI,KAAK,CAACU,kBAAkB,GAAGK,IAAI,CAAC3C,OAAO,CAAC8C,kBAAkB,GACxDD,cAAc;QAClB;QACAjB,KAAK,CAACmB,MAAM,GAAGJ,IAAI,CAACzC,EAAE;QACtByC,IAAI,CAAChB,gBAAgB,CAACC,KAAK,EAAEnB,KAAK,CAAC;MACrC;IACF,CAAC,CAAC;IACF,OAAOmB,KAAK;EACd;;EAEA;AACF;AACA;AACA;AACA;AACA;AACA;AACA;AACA;AACA;AACA;AACA;AACA;AACA;AACA;AACA;AACA;AACA;AACA;AACA;AACA;AACA;AACA;AACA;AACA;AACA;EACEoB,OAAOA,CAACL,IAAI,EAAEG,kBAAkB,EAAErB,YAAY,EAAEK,QAAQ,EAAE;IACxD,MAAM9B,OAAO,GAAG;MACd8C,kBAAkB,EAAEA,kBAAkB,IAAIrD,6BAA6B;MACvEgC,YAAY,EAAEA,YAAY,IAAIjC,qCAAqC;MACnEsC,QAAQ,EAAEA,QAAQ,IAAI1C,MAAM,CAAC6D,eAAe,CAACnB,QAAQ;IACvD,CAAC;IAED,MAAMoB,OAAO,GAAG,IAAIpD,IAAI,CAACE,OAAO,EAAE2C,IAAI,CAAC;IACvC,IAAI,CAACT,KAAK,CAACgB,OAAO,CAAChD,EAAE,CAAC,GAAGgD,OAAO;IAChC,OAAOA,OAAO,CAAChD,EAAE;EACnB;;EAEA;AACF;AACA;AACA;AACA;EACEiD,SAASA,CAAC1C,KAAK,EAAE;IACf;IACA,MAAM+B,YAAY,GAAG,IAAI,CAACC,qBAAqB,CAAChC,KAAK,CAAC;IACtD+B,YAAY,CAACE,OAAO,CAAEC,IAAI,IAAK;MAC7B,MAAMC,UAAU,GAAGD,IAAI,CAACrB,KAAK,CAACb,KAAK,CAAC;MAEpC,IAAImC,UAAU,CAACrB,kBAAkB,GAAGoB,IAAI,CAAC3C,OAAO,CAACyB,YAAY,EAAE;QAC7D;QACAkB,IAAI,CAACjB,YAAY,CAAC,CAAC;MACrB;;MAEA;MACA;MACA,IAAIhC,MAAM,CAACqB,IAAI,CAAC4B,IAAI,CAACpC,QAAQ,EAAEqC,UAAU,CAAC/B,GAAG,CAAC,EAAE;QAC9C8B,IAAI,CAACpC,QAAQ,CAACqC,UAAU,CAAC/B,GAAG,CAAC,EAAE;MACjC,CAAC,MAAM;QACL8B,IAAI,CAACpC,QAAQ,CAACqC,UAAU,CAAC/B,GAAG,CAAC,GAAG,CAAC;MACnC;IACF,CAAC,CAAC;EACJ;;EAEA;EACA4B,qBAAqBA,CAAChC,KAAK,EAAE;IAC3B,OAAOd,MAAM,CAACyD,MAAM,CAAC,IAAI,CAAClB,KAAK,CAAC,CAACjB,MAAM,CAAC0B,IAAI,IAAIA,IAAI,CAACnC,KAAK,CAACC,KAAK,CAAC,CAAC;EACpE;;EAEA;AACF;AACA;AACA;AACA;AACA;EACE4C,UAAUA,CAACnD,EAAE,EAAE;IACb,IAAI,IAAI,CAACgC,KAAK,CAAChC,EAAE,CAAC,EAAE;MAClB,OAAO,IAAI,CAACgC,KAAK,CAAChC,EAAE,CAAC;MACrB,OAAO,IAAI;IACb;IACA,OAAO,KAAK;EACd;AACF"},"sourceType":"module","externalDependencies":{},"hash":"e6ebd471a637648b9218c4226a6966a14a46f14d"}
