{"metadata":{},"options":{"assumptions":{},"compact":false,"sourceMaps":true,"ast":true,"babelrc":false,"configFile":false,"parserOpts":{"sourceType":"module","sourceFileName":"D:\\loan_app\\loan-management\\packages\\aldeed:simple-schema\\lib\\validation\\typeValidator\\doNumberChecks.js","plugins":["*","flow","jsx","asyncGenerators","bigInt","classPrivateMethods","classPrivateProperties","classProperties","doExpressions","dynamicImport","exportDefaultFrom","exportExtensions","exportNamespaceFrom","functionBind","functionSent","importMeta","nullishCoalescingOperator","numericSeparator","objectRestSpread","optionalCatchBinding","optionalChaining",["pipelineOperator",{"proposal":"minimal"}],"throwExpressions","classProperties","classPrivateProperties","jsx","nullishCoalescingOperator","nullishCoalescingOperator","optionalChaining","optionalChaining","optionalCatchBinding","optionalCatchBinding","classProperties","classPrivateProperties","classPrivateMethods","classProperties","classPrivateProperties","asyncGenerators","asyncGenerators","objectRestSpread","objectRestSpread","logicalAssignment"],"allowImportExportEverywhere":true,"allowReturnOutsideFunction":true,"allowUndeclaredExports":true,"strictMode":false},"caller":{"name":"meteor","arch":"web.browser.legacy"},"sourceFileName":"packages/aldeed:simple-schema/lib/validation/typeValidator/doNumberChecks.js","filename":"D:\\loan_app\\loan-management\\packages\\aldeed:simple-schema\\lib\\validation\\typeValidator\\doNumberChecks.js","targets":{},"cloneInputAst":true,"browserslistConfigFile":false,"passPerPreset":false,"envName":"development","cwd":"D:\\loan_app\\loan-management","root":"D:\\loan_app\\loan-management","rootMode":"root","plugins":[{"key":"base$0","visitor":{"_exploded":true,"_verified":true},"options":{},"externalDependencies":[]},{"key":"base$0$0","visitor":{"Program":{"enter":[null],"exit":[null]},"_exploded":true,"_verified":true},"options":{"avoidModernSyntax":true,"enforceStrictMode":false,"dynamicImport":true},"externalDependencies":[]},{"key":"transform-runtime","visitor":{"MemberExpression":{"enter":[null]},"ObjectPattern":{"enter":[null]},"BinaryExpression":{"enter":[null]},"Identifier":{"enter":[null]},"JSXIdentifier":{"enter":[null]},"_exploded":true,"_verified":true},"options":{"version":"7.17.2","helpers":true,"useESModules":false,"corejs":false},"externalDependencies":[]},{"key":"proposal-class-properties","visitor":{"ExportDefaultDeclaration":{"enter":[null]},"_exploded":true,"_verified":true,"ClassExpression":{"enter":[null]},"ClassDeclaration":{"enter":[null]}},"options":{"loose":true},"externalDependencies":[]},{"key":"base$0$3","visitor":{"FunctionExpression":{"exit":[null]},"_exploded":true,"_verified":true},"options":{},"externalDependencies":[]},{"key":"base$0$4","visitor":{"ForInStatement":{"enter":[null]},"_exploded":true,"_verified":true},"options":{},"externalDependencies":[]},{"key":"transform-react-jsx","visitor":{"JSXNamespacedName":{"enter":[null]},"JSXSpreadChild":{"enter":[null]},"Program":{"enter":[null]},"JSXFragment":{"exit":[null]},"JSXElement":{"exit":[null]},"JSXAttribute":{"enter":[null]},"_exploded":true,"_verified":true},"options":{"pragma":"React.createElement","pragmaFrag":"React.Fragment","runtime":"classic","throwIfNamespace":true,"useBuiltIns":false},"externalDependencies":[]},{"key":"transform-react-display-name","visitor":{"ExportDefaultDeclaration":{"enter":[null]},"CallExpression":{"enter":[null]},"_exploded":true,"_verified":true},"options":{},"externalDependencies":[]},{"key":"transform-react-pure-annotations","visitor":{"CallExpression":{"enter":[null]},"_exploded":true,"_verified":true},"options":{},"externalDependencies":[]},{"key":"syntax-nullish-coalescing-operator","visitor":{"_exploded":true,"_verified":true},"options":{},"externalDependencies":[]},{"key":"proposal-nullish-coalescing-operator","visitor":{"LogicalExpression":{"enter":[null]},"_exploded":true,"_verified":true},"options":{},"externalDependencies":[]},{"key":"syntax-optional-chaining","visitor":{"_exploded":true,"_verified":true},"options":{},"externalDependencies":[]},{"key":"proposal-optional-chaining","visitor":{"OptionalCallExpression":{"enter":[null]},"OptionalMemberExpression":{"enter":[null]},"_exploded":true,"_verified":true},"options":{},"externalDependencies":[]},{"key":"syntax-optional-catch-binding","visitor":{"_exploded":true,"_verified":true},"options":{},"externalDependencies":[]},{"key":"proposal-optional-catch-binding","visitor":{"CatchClause":{"enter":[null]},"_exploded":true,"_verified":true},"options":{},"externalDependencies":[]},{"key":"syntax-class-properties","visitor":{"_exploded":true,"_verified":true},"options":{},"externalDependencies":[]},{"key":"proposal-class-properties","visitor":{"ExportDefaultDeclaration":{"enter":[null]},"_exploded":true,"_verified":true,"ClassExpression":{"enter":[null]},"ClassDeclaration":{"enter":[null]}},"options":{},"externalDependencies":[]},{"key":"syntax-async-generators","visitor":{"_exploded":true,"_verified":true},"options":{},"externalDependencies":[]},{"key":"proposal-async-generator-functions","visitor":{"Program":{"enter":[null]},"_exploded":true,"_verified":true},"options":{},"externalDependencies":[]},{"key":"syntax-object-rest-spread","visitor":{"_exploded":true,"_verified":true},"options":{},"externalDependencies":[]},{"key":"proposal-object-rest-spread","visitor":{"VariableDeclarator":{"enter":[null]},"ExportNamedDeclaration":{"enter":[null]},"CatchClause":{"enter":[null]},"AssignmentExpression":{"enter":[null]},"ArrayPattern":{"enter":[null]},"ObjectExpression":{"enter":[null]},"FunctionDeclaration":{"enter":[null]},"FunctionExpression":{"enter":[null]},"ObjectMethod":{"enter":[null]},"ArrowFunctionExpression":{"enter":[null]},"ClassMethod":{"enter":[null]},"ClassPrivateMethod":{"enter":[null]},"ForInStatement":{"enter":[null]},"ForOfStatement":{"enter":[null]},"_exploded":true,"_verified":true},"options":{},"externalDependencies":[]},{"key":"proposal-logical-assignment-operators","visitor":{"AssignmentExpression":{"enter":[null]},"_exploded":true,"_verified":true},"options":{},"externalDependencies":[]},{"key":"transform-arrow-functions","visitor":{"ArrowFunctionExpression":{"enter":[null]},"_exploded":true,"_verified":true},"options":{},"externalDependencies":[]},{"key":"transform-block-scoped-functions","visitor":{"BlockStatement":{"enter":[null]},"SwitchCase":{"enter":[null]},"_exploded":true,"_verified":true},"options":{},"externalDependencies":[]},{"key":"transform-block-scoping","visitor":{"VariableDeclaration":{"enter":[null,null]},"BlockStatement":{"enter":[null]},"SwitchCase":{"enter":[null]},"ClassDeclaration":{"enter":[null]},"DoWhileStatement":{"enter":[null]},"ForInStatement":{"enter":[null]},"ForStatement":{"enter":[null]},"WhileStatement":{"enter":[null]},"ForOfStatement":{"enter":[null]},"_exploded":true,"_verified":true},"options":{},"externalDependencies":[]},{"key":"transform-classes","visitor":{"ExportDefaultDeclaration":{"enter":[null]},"ClassDeclaration":{"enter":[null]},"ClassExpression":{"enter":[null]},"_exploded":true,"_verified":true},"options":{"loose":true},"externalDependencies":[]},{"key":"transform-computed-properties","visitor":{"ObjectExpression":{"exit":[null]},"_exploded":true,"_verified":true},"options":{"loose":true},"externalDependencies":[]},{"key":"transform-destructuring","visitor":{"ExportNamedDeclaration":{"enter":[null]},"CatchClause":{"enter":[null]},"AssignmentExpression":{"enter":[null]},"VariableDeclaration":{"enter":[null]},"_exploded":true,"_verified":true,"ForInStatement":{"enter":[null]},"ForOfStatement":{"enter":[null]}},"options":{},"externalDependencies":[]},{"key":"transform-for-of","visitor":{"ForOfStatement":{"enter":[null]},"_exploded":true,"_verified":true},"options":{"loose":true},"externalDependencies":[]},{"key":"transform-literals","visitor":{"NumericLiteral":{"enter":[null]},"StringLiteral":{"enter":[null]},"_exploded":true,"_verified":true},"options":{},"externalDependencies":[]},{"key":"transform-object-super","visitor":{"ObjectExpression":{"enter":[null]},"_exploded":true,"_verified":true,"DoWhileStatement":{"exit":[null]},"ForInStatement":{"exit":[null]},"ForStatement":{"exit":[null]},"WhileStatement":{"exit":[null]},"ForOfStatement":{"exit":[null]}},"options":{},"externalDependencies":[]},{"key":"transform-parameters","visitor":{"_exploded":true,"_verified":true,"FunctionDeclaration":{"enter":[null]},"FunctionExpression":{"enter":[null]},"ObjectMethod":{"enter":[null]},"ArrowFunctionExpression":{"enter":[null]},"ClassMethod":{"enter":[null]},"ClassPrivateMethod":{"enter":[null]}},"options":{},"externalDependencies":[]},{"key":"transform-shorthand-properties","visitor":{"ObjectMethod":{"enter":[null]},"ObjectProperty":{"enter":[null]},"_exploded":true,"_verified":true},"options":{},"externalDependencies":[]},{"key":"transform-spread","visitor":{"ArrayExpression":{"enter":[null]},"CallExpression":{"enter":[null]},"NewExpression":{"enter":[null]},"_exploded":true,"_verified":true},"options":{},"externalDependencies":[]},{"key":"transform-sticky-regex","visitor":{"RegExpLiteral":{"enter":[null]},"_exploded":true,"_verified":true},"options":{},"externalDependencies":[]},{"key":"transform-template-literals","visitor":{"TaggedTemplateExpression":{"enter":[null]},"TemplateLiteral":{"enter":[null]},"_exploded":true,"_verified":true},"options":{"loose":true},"externalDependencies":[]},{"key":"transform-typeof-symbol","visitor":{"UnaryExpression":{"enter":[null]},"_exploded":true,"_verified":true,"BlockStatement":{"enter":[null]},"CatchClause":{"enter":[null]},"DoWhileStatement":{"enter":[null]},"ForInStatement":{"enter":[null]},"ForStatement":{"enter":[null]},"FunctionDeclaration":{"enter":[null]},"FunctionExpression":{"enter":[null]},"Program":{"enter":[null]},"ObjectMethod":{"enter":[null]},"SwitchStatement":{"enter":[null]},"WhileStatement":{"enter":[null]},"ArrowFunctionExpression":{"enter":[null]},"ClassExpression":{"enter":[null]},"ClassDeclaration":{"enter":[null]},"ForOfStatement":{"enter":[null]},"ClassMethod":{"enter":[null]},"ClassPrivateMethod":{"enter":[null]},"StaticBlock":{"enter":[null]},"TSModuleBlock":{"enter":[null]},"AssignmentPattern":{"enter":[null]},"ArrayPattern":{"enter":[null]},"ObjectPattern":{"enter":[null]}},"options":{},"externalDependencies":[]},{"key":"transform-unicode-regex","visitor":{"RegExpLiteral":{"enter":[null]},"_exploded":true,"_verified":true},"options":{},"externalDependencies":[]},{"key":"transform-property-literals","visitor":{"ObjectProperty":{"exit":[null]},"_exploded":true,"_verified":true},"options":{},"externalDependencies":[]},{"key":"transform-exponentiation-operator","visitor":{"AssignmentExpression":{"enter":[null]},"BinaryExpression":{"enter":[null]},"_exploded":true,"_verified":true},"options":{},"externalDependencies":[]},{"key":"transform-regenerator","visitor":{"ObjectMethod":{"enter":[null],"exit":[null]},"ClassMethod":{"enter":[null],"exit":[null]},"ClassPrivateMethod":{"enter":[null],"exit":[null]},"FunctionDeclaration":{"exit":[null]},"FunctionExpression":{"exit":[null]},"ArrowFunctionExpression":{"exit":[null]},"MemberExpression":{"enter":[null]},"_exploded":true,"_verified":true},"options":{},"externalDependencies":[]}],"presets":[],"generatorOpts":{"filename":"D:\\loan_app\\loan-management\\packages\\aldeed:simple-schema\\lib\\validation\\typeValidator\\doNumberChecks.js","comments":true,"compact":false,"sourceMaps":true,"sourceFileName":"packages/aldeed:simple-schema/lib/validation/typeValidator/doNumberChecks.js"}},"code":"module.export({\n  \"default\": function () {\n    return doNumberChecks;\n  }\n});\nvar SimpleSchema;\nmodule.link(\"../../SimpleSchema\", {\n  SimpleSchema: function (v) {\n    SimpleSchema = v;\n  }\n}, 0);\n// Polyfill to support IE11\nNumber.isInteger = Number.isInteger || function () {\n  function isInteger(value) {\n    return typeof value === 'number' && isFinite(value) && Math.floor(value) === value;\n  }\n  return isInteger;\n}();\nfunction doNumberChecks(def, keyValue, op, expectsInteger) {\n  // Is it a valid number?\n  if (typeof keyValue !== 'number' || isNaN(keyValue)) {\n    return {\n      type: SimpleSchema.ErrorTypes.EXPECTED_TYPE,\n      dataType: expectsInteger ? 'Integer' : 'Number'\n    };\n  }\n\n  // Assuming we are not incrementing, is the value less than the maximum value?\n  if (op !== '$inc' && def.max !== null && (def.exclusiveMax ? def.max <= keyValue : def.max < keyValue)) {\n    return {\n      type: def.exclusiveMax ? SimpleSchema.ErrorTypes.MAX_NUMBER_EXCLUSIVE : SimpleSchema.ErrorTypes.MAX_NUMBER,\n      max: def.max\n    };\n  }\n\n  // Assuming we are not incrementing, is the value more than the minimum value?\n  if (op !== '$inc' && def.min !== null && (def.exclusiveMin ? def.min >= keyValue : def.min > keyValue)) {\n    return {\n      type: def.exclusiveMin ? SimpleSchema.ErrorTypes.MIN_NUMBER_EXCLUSIVE : SimpleSchema.ErrorTypes.MIN_NUMBER,\n      min: def.min\n    };\n  }\n\n  // Is it an integer if we expect an integer?\n  if (expectsInteger && !Number.isInteger(keyValue)) {\n    return {\n      type: SimpleSchema.ErrorTypes.MUST_BE_INTEGER\n    };\n  }\n}","map":{"version":3,"names":["module","export","default","doNumberChecks","SimpleSchema","link","v","Number","isInteger","value","isFinite","Math","floor","def","keyValue","op","expectsInteger","isNaN","type","ErrorTypes","EXPECTED_TYPE","dataType","max","exclusiveMax","MAX_NUMBER_EXCLUSIVE","MAX_NUMBER","min","exclusiveMin","MIN_NUMBER_EXCLUSIVE","MIN_NUMBER","MUST_BE_INTEGER"],"sources":["packages/aldeed:simple-schema/lib/validation/typeValidator/doNumberChecks.js"],"sourcesContent":["import { SimpleSchema } from '../../SimpleSchema';\n\n// Polyfill to support IE11\nNumber.isInteger = Number.isInteger || function isInteger(value) {\n  return typeof value === 'number' && isFinite(value) && Math.floor(value) === value;\n};\n\nexport default function doNumberChecks(def, keyValue, op, expectsInteger) {\n  // Is it a valid number?\n  if (typeof keyValue !== 'number' || isNaN(keyValue)) {\n    return { type: SimpleSchema.ErrorTypes.EXPECTED_TYPE, dataType: expectsInteger ? 'Integer' : 'Number' };\n  }\n\n  // Assuming we are not incrementing, is the value less than the maximum value?\n  if (op !== '$inc' && def.max !== null && (def.exclusiveMax ? def.max <= keyValue : def.max < keyValue)) {\n    return { type: def.exclusiveMax ? SimpleSchema.ErrorTypes.MAX_NUMBER_EXCLUSIVE : SimpleSchema.ErrorTypes.MAX_NUMBER, max: def.max };\n  }\n\n  // Assuming we are not incrementing, is the value more than the minimum value?\n  if (op !== '$inc' && def.min !== null && (def.exclusiveMin ? def.min >= keyValue : def.min > keyValue)) {\n    return { type: def.exclusiveMin ? SimpleSchema.ErrorTypes.MIN_NUMBER_EXCLUSIVE : SimpleSchema.ErrorTypes.MIN_NUMBER, min: def.min };\n  }\n\n  // Is it an integer if we expect an integer?\n  if (expectsInteger && !Number.isInteger(keyValue)) {\n    return { type: SimpleSchema.ErrorTypes.MUST_BE_INTEGER };\n  }\n}\n"],"mappings":"AAAAA,MAAM,CAACC,MAAM,CAAC;EAAC,WAAQ,SAAAC,CAAA,EAAU;IAAC,OAAOC,cAAc;EAAA;AAAC,CAAC,CAAC;AAAC,IAAIC,YAAY;AAACJ,MAAM,CAACK,IAAI,CAAC,oBAAoB,EAAC;EAACD,YAAY,EAAC,SAAAA,CAASE,CAAC,EAAC;IAACF,YAAY,GAACE,CAAC;EAAA;AAAC,CAAC,EAAC,CAAC,CAAC;AAE1J;AACAC,MAAM,CAACC,SAAS,GAAGD,MAAM,CAACC,SAAS;EAAI,SAASA,SAASA,CAACC,KAAK,EAAE;IAC/D,OAAO,OAAOA,KAAK,KAAK,QAAQ,IAAIC,QAAQ,CAACD,KAAK,CAAC,IAAIE,IAAI,CAACC,KAAK,CAACH,KAAK,CAAC,KAAKA,KAAK;EACpF;EAAC,OAF+CD,SAAS;AAAA,GAExD;AAEc,SAASL,cAAcA,CAACU,GAAG,EAAEC,QAAQ,EAAEC,EAAE,EAAEC,cAAc,EAAE;EACxE;EACA,IAAI,OAAOF,QAAQ,KAAK,QAAQ,IAAIG,KAAK,CAACH,QAAQ,CAAC,EAAE;IACnD,OAAO;MAAEI,IAAI,EAAEd,YAAY,CAACe,UAAU,CAACC,aAAa;MAAEC,QAAQ,EAAEL,cAAc,GAAG,SAAS,GAAG;IAAS,CAAC;EACzG;;EAEA;EACA,IAAID,EAAE,KAAK,MAAM,IAAIF,GAAG,CAACS,GAAG,KAAK,IAAI,KAAKT,GAAG,CAACU,YAAY,GAAGV,GAAG,CAACS,GAAG,IAAIR,QAAQ,GAAGD,GAAG,CAACS,GAAG,GAAGR,QAAQ,CAAC,EAAE;IACtG,OAAO;MAAEI,IAAI,EAAEL,GAAG,CAACU,YAAY,GAAGnB,YAAY,CAACe,UAAU,CAACK,oBAAoB,GAAGpB,YAAY,CAACe,UAAU,CAACM,UAAU;MAAEH,GAAG,EAAET,GAAG,CAACS;IAAI,CAAC;EACrI;;EAEA;EACA,IAAIP,EAAE,KAAK,MAAM,IAAIF,GAAG,CAACa,GAAG,KAAK,IAAI,KAAKb,GAAG,CAACc,YAAY,GAAGd,GAAG,CAACa,GAAG,IAAIZ,QAAQ,GAAGD,GAAG,CAACa,GAAG,GAAGZ,QAAQ,CAAC,EAAE;IACtG,OAAO;MAAEI,IAAI,EAAEL,GAAG,CAACc,YAAY,GAAGvB,YAAY,CAACe,UAAU,CAACS,oBAAoB,GAAGxB,YAAY,CAACe,UAAU,CAACU,UAAU;MAAEH,GAAG,EAAEb,GAAG,CAACa;IAAI,CAAC;EACrI;;EAEA;EACA,IAAIV,cAAc,IAAI,CAACT,MAAM,CAACC,SAAS,CAACM,QAAQ,CAAC,EAAE;IACjD,OAAO;MAAEI,IAAI,EAAEd,YAAY,CAACe,UAAU,CAACW;IAAgB,CAAC;EAC1D;AACF"},"sourceType":"module","externalDependencies":{},"hash":"e95d8c791a5be5daa1160d56e55fa81da1f00f4c"}
