{"metadata":{},"options":{"assumptions":{},"compact":false,"sourceMaps":true,"ast":true,"babelrc":false,"configFile":false,"parserOpts":{"sourceType":"module","sourceFileName":"D:\\loan_app\\loan-management\\packages\\aldeed:simple-schema\\lib\\SimpleSchemaGroup.js","plugins":["*","flow","jsx","asyncGenerators","bigInt","classPrivateMethods","classPrivateProperties","classProperties","doExpressions","dynamicImport","exportDefaultFrom","exportExtensions","exportNamespaceFrom","functionBind","functionSent","importMeta","nullishCoalescingOperator","numericSeparator","objectRestSpread","optionalCatchBinding","optionalChaining",["pipelineOperator",{"proposal":"minimal"}],"throwExpressions","classProperties","classPrivateProperties","jsx","nullishCoalescingOperator","nullishCoalescingOperator","optionalChaining","optionalChaining","optionalCatchBinding","optionalCatchBinding","classProperties","classPrivateProperties","classPrivateMethods","classProperties","classPrivateProperties","asyncGenerators","asyncGenerators","objectRestSpread","objectRestSpread","logicalAssignment"],"allowImportExportEverywhere":true,"allowReturnOutsideFunction":true,"allowUndeclaredExports":true,"strictMode":false},"caller":{"name":"meteor","arch":"web.browser"},"sourceFileName":"packages/aldeed:simple-schema/lib/SimpleSchemaGroup.js","filename":"D:\\loan_app\\loan-management\\packages\\aldeed:simple-schema\\lib\\SimpleSchemaGroup.js","targets":{},"cloneInputAst":true,"browserslistConfigFile":false,"passPerPreset":false,"envName":"development","cwd":"D:\\loan_app\\loan-management","root":"D:\\loan_app\\loan-management","rootMode":"root","plugins":[{"key":"base$0","visitor":{"_exploded":true,"_verified":true},"options":{},"externalDependencies":[]},{"key":"base$0$0","visitor":{"Program":{"enter":[null],"exit":[null]},"_exploded":true,"_verified":true},"options":{"avoidModernSyntax":false,"enforceStrictMode":false,"dynamicImport":true,"generateLetDeclarations":true},"externalDependencies":[]},{"key":"transform-runtime","visitor":{"MemberExpression":{"enter":[null]},"ObjectPattern":{"enter":[null]},"BinaryExpression":{"enter":[null]},"Identifier":{"enter":[null]},"JSXIdentifier":{"enter":[null]},"_exploded":true,"_verified":true},"options":{"version":"7.17.2","helpers":true,"useESModules":false,"corejs":false},"externalDependencies":[]},{"key":"proposal-class-properties","visitor":{"ExportDefaultDeclaration":{"enter":[null]},"_exploded":true,"_verified":true,"ClassExpression":{"enter":[null]},"ClassDeclaration":{"enter":[null]}},"options":{"loose":true},"externalDependencies":[]},{"key":"transform-react-jsx","visitor":{"JSXNamespacedName":{"enter":[null]},"JSXSpreadChild":{"enter":[null]},"Program":{"enter":[null]},"JSXFragment":{"exit":[null]},"JSXElement":{"exit":[null]},"JSXAttribute":{"enter":[null]},"_exploded":true,"_verified":true},"options":{"pragma":"React.createElement","pragmaFrag":"React.Fragment","runtime":"classic","throwIfNamespace":true,"useBuiltIns":false},"externalDependencies":[]},{"key":"transform-react-display-name","visitor":{"ExportDefaultDeclaration":{"enter":[null]},"CallExpression":{"enter":[null]},"_exploded":true,"_verified":true},"options":{},"externalDependencies":[]},{"key":"transform-react-pure-annotations","visitor":{"CallExpression":{"enter":[null]},"_exploded":true,"_verified":true},"options":{},"externalDependencies":[]},{"key":"syntax-nullish-coalescing-operator","visitor":{"_exploded":true,"_verified":true},"options":{},"externalDependencies":[]},{"key":"proposal-nullish-coalescing-operator","visitor":{"LogicalExpression":{"enter":[null]},"_exploded":true,"_verified":true},"options":{},"externalDependencies":[]},{"key":"syntax-optional-chaining","visitor":{"_exploded":true,"_verified":true},"options":{},"externalDependencies":[]},{"key":"proposal-optional-chaining","visitor":{"OptionalCallExpression":{"enter":[null]},"OptionalMemberExpression":{"enter":[null]},"_exploded":true,"_verified":true},"options":{},"externalDependencies":[]},{"key":"syntax-optional-catch-binding","visitor":{"_exploded":true,"_verified":true},"options":{},"externalDependencies":[]},{"key":"proposal-optional-catch-binding","visitor":{"CatchClause":{"enter":[null]},"_exploded":true,"_verified":true},"options":{},"externalDependencies":[]},{"key":"syntax-class-properties","visitor":{"_exploded":true,"_verified":true},"options":{},"externalDependencies":[]},{"key":"proposal-class-properties","visitor":{"ExportDefaultDeclaration":{"enter":[null]},"_exploded":true,"_verified":true,"ClassExpression":{"enter":[null]},"ClassDeclaration":{"enter":[null]}},"options":{},"externalDependencies":[]},{"key":"syntax-async-generators","visitor":{"_exploded":true,"_verified":true},"options":{},"externalDependencies":[]},{"key":"proposal-async-generator-functions","visitor":{"Program":{"enter":[null]},"_exploded":true,"_verified":true},"options":{},"externalDependencies":[]},{"key":"syntax-object-rest-spread","visitor":{"_exploded":true,"_verified":true},"options":{},"externalDependencies":[]},{"key":"proposal-object-rest-spread","visitor":{"VariableDeclarator":{"enter":[null]},"ExportNamedDeclaration":{"enter":[null]},"CatchClause":{"enter":[null]},"AssignmentExpression":{"enter":[null]},"ArrayPattern":{"enter":[null]},"ObjectExpression":{"enter":[null]},"FunctionDeclaration":{"enter":[null]},"FunctionExpression":{"enter":[null]},"ObjectMethod":{"enter":[null]},"ArrowFunctionExpression":{"enter":[null]},"ClassMethod":{"enter":[null]},"ClassPrivateMethod":{"enter":[null]},"ForInStatement":{"enter":[null]},"ForOfStatement":{"enter":[null]},"_exploded":true,"_verified":true},"options":{},"externalDependencies":[]},{"key":"proposal-logical-assignment-operators","visitor":{"AssignmentExpression":{"enter":[null]},"_exploded":true,"_verified":true},"options":{},"externalDependencies":[]},{"key":"transform-literals","visitor":{"NumericLiteral":{"enter":[null]},"StringLiteral":{"enter":[null]},"_exploded":true,"_verified":true},"options":{},"externalDependencies":[]},{"key":"transform-template-literals","visitor":{"TaggedTemplateExpression":{"enter":[null]},"TemplateLiteral":{"enter":[null]},"_exploded":true,"_verified":true},"options":{},"externalDependencies":[]},{"key":"transform-parameters","visitor":{"_exploded":true,"_verified":true,"FunctionDeclaration":{"enter":[null]},"FunctionExpression":{"enter":[null]},"ObjectMethod":{"enter":[null]},"ArrowFunctionExpression":{"enter":[null]},"ClassMethod":{"enter":[null]},"ClassPrivateMethod":{"enter":[null]}},"options":{},"externalDependencies":[]},{"key":"transform-exponentiation-operator","visitor":{"AssignmentExpression":{"enter":[null]},"BinaryExpression":{"enter":[null]},"_exploded":true,"_verified":true},"options":{},"externalDependencies":[]}],"presets":[],"generatorOpts":{"filename":"D:\\loan_app\\loan-management\\packages\\aldeed:simple-schema\\lib\\SimpleSchemaGroup.js","comments":true,"compact":false,"sourceMaps":true,"sourceFileName":"packages/aldeed:simple-schema/lib/SimpleSchemaGroup.js"}},"code":"let _objectSpread;\nmodule.link(\"@babel/runtime/helpers/objectSpread2\", {\n  default(v) {\n    _objectSpread = v;\n  }\n}, 0);\nlet MongoObject;\nmodule.link(\"mongo-object\", {\n  default(v) {\n    MongoObject = v;\n  }\n}, 0);\nclass SimpleSchemaGroup {\n  constructor() {\n    for (var _len = arguments.length, definitions = new Array(_len), _key = 0; _key < _len; _key++) {\n      definitions[_key] = arguments[_key];\n    }\n    this.definitions = definitions.map(definition => {\n      if (MongoObject.isBasicObject(definition)) {\n        return _objectSpread({}, definition);\n      }\n      if (definition instanceof RegExp) {\n        return {\n          type: String,\n          regEx: definition\n        };\n      }\n      return {\n        type: definition\n      };\n    });\n  }\n  get singleType() {\n    return this.definitions[0].type;\n  }\n  clone() {\n    return new SimpleSchemaGroup(...this.definitions);\n  }\n  extend(otherGroup) {\n    // We extend based on index being the same. No better way I can think of at the moment.\n    this.definitions = this.definitions.map((def, index) => {\n      const otherDef = otherGroup.definitions[index];\n      if (!otherDef) return def;\n      return _objectSpread(_objectSpread({}, def), otherDef);\n    });\n  }\n}\nmodule.exportDefault(SimpleSchemaGroup);","map":{"version":3,"names":["_objectSpread","module","link","default","v","MongoObject","SimpleSchemaGroup","constructor","_len","arguments","length","definitions","Array","_key","map","definition","isBasicObject","RegExp","type","String","regEx","singleType","clone","extend","otherGroup","def","index","otherDef","exportDefault"],"sources":["packages/aldeed:simple-schema/lib/SimpleSchemaGroup.js"],"sourcesContent":["import MongoObject from 'mongo-object';\n\nclass SimpleSchemaGroup {\n  constructor(...definitions) {\n    this.definitions = definitions.map((definition) => {\n      if (MongoObject.isBasicObject(definition)) {\n        return { ...definition };\n      }\n\n      if (definition instanceof RegExp) {\n        return {\n          type: String,\n          regEx: definition,\n        };\n      }\n\n      return { type: definition };\n    });\n  }\n\n  get singleType() {\n    return this.definitions[0].type;\n  }\n\n  clone() {\n    return new SimpleSchemaGroup(...this.definitions);\n  }\n\n  extend(otherGroup) {\n    // We extend based on index being the same. No better way I can think of at the moment.\n    this.definitions = this.definitions.map((def, index) => {\n      const otherDef = otherGroup.definitions[index];\n      if (!otherDef) return def;\n      return { ...def, ...otherDef };\n    });\n  }\n}\n\nexport default SimpleSchemaGroup;\n"],"mappings":"AAAA,IAAIA,aAAa;AAACC,MAAM,CAACC,IAAI,CAAC,sCAAsC,EAAC;EAACC,OAAOA,CAACC,CAAC,EAAC;IAACJ,aAAa,GAACI,CAAC;EAAA;AAAC,CAAC,EAAC,CAAC,CAAC;AAArG,IAAIC,WAAW;AAACJ,MAAM,CAACC,IAAI,CAAC,cAAc,EAAC;EAACC,OAAOA,CAACC,CAAC,EAAC;IAACC,WAAW,GAACD,CAAC;EAAA;AAAC,CAAC,EAAC,CAAC,CAAC;AAEzE,MAAME,iBAAiB,CAAC;EACtBC,WAAWA,CAAA,EAAiB;IAAA,SAAAC,IAAA,GAAAC,SAAA,CAAAC,MAAA,EAAbC,WAAW,OAAAC,KAAA,CAAAJ,IAAA,GAAAK,IAAA,MAAAA,IAAA,GAAAL,IAAA,EAAAK,IAAA;MAAXF,WAAW,CAAAE,IAAA,IAAAJ,SAAA,CAAAI,IAAA;IAAA;IACxB,IAAI,CAACF,WAAW,GAAGA,WAAW,CAACG,GAAG,CAAEC,UAAU,IAAK;MACjD,IAAIV,WAAW,CAACW,aAAa,CAACD,UAAU,CAAC,EAAE;QACzC,OAAAf,aAAA,KAAYe,UAAU;MACxB;MAEA,IAAIA,UAAU,YAAYE,MAAM,EAAE;QAChC,OAAO;UACLC,IAAI,EAAEC,MAAM;UACZC,KAAK,EAAEL;QACT,CAAC;MACH;MAEA,OAAO;QAAEG,IAAI,EAAEH;MAAW,CAAC;IAC7B,CAAC,CAAC;EACJ;EAEA,IAAIM,UAAUA,CAAA,EAAG;IACf,OAAO,IAAI,CAACV,WAAW,CAAC,CAAC,CAAC,CAACO,IAAI;EACjC;EAEAI,KAAKA,CAAA,EAAG;IACN,OAAO,IAAIhB,iBAAiB,CAAC,GAAG,IAAI,CAACK,WAAW,CAAC;EACnD;EAEAY,MAAMA,CAACC,UAAU,EAAE;IACjB;IACA,IAAI,CAACb,WAAW,GAAG,IAAI,CAACA,WAAW,CAACG,GAAG,CAAC,CAACW,GAAG,EAAEC,KAAK,KAAK;MACtD,MAAMC,QAAQ,GAAGH,UAAU,CAACb,WAAW,CAACe,KAAK,CAAC;MAC9C,IAAI,CAACC,QAAQ,EAAE,OAAOF,GAAG;MACzB,OAAAzB,aAAA,CAAAA,aAAA,KAAYyB,GAAG,GAAKE,QAAQ;IAC9B,CAAC,CAAC;EACJ;AACF;AApCA1B,MAAM,CAAC2B,aAAa,CAsCLtB,iBAtCS,CAAC"},"sourceType":"module","externalDependencies":{},"hash":"f6601c1a6631742b2bddc312632a99d10f82cb26"}
